Time [s],Channel 0,Channel 1
0.000000000,1,1
3.504840625,1,0
3.504841625,0,0
3.504843708,1,0
3.504844750,0,0
3.504846833,1,0
3.504847792,0,0
3.504848875,0,1
3.504849917,1,1
3.504850917,0,1
3.504852000,0,0
3.504853000,1,0
3.504854042,0,0
3.504856125,1,0
3.504857125,0,0
3.504859250,1,0
3.504860208,0,0
3.504861292,0,1
3.504862333,1,1
3.504863333,0,1
3.504864417,0,0
3.504865417,1,0
3.504866417,0,0
3.504868542,1,0
3.504869542,0,0
3.504871625,1,0
3.504872625,0,0
3.504874750,1,0
3.504875750,0,0
3.504877833,1,0
3.504878833,0,0
3.504880958,1,0
3.504881958,0,0
3.504884042,1,0
3.504885042,0,0
3.504887167,1,0
3.504888167,0,0
3.504890250,1,0
3.504891250,0,0
3.504893375,1,0
3.504894375,0,0
3.504896458,1,0
3.504897458,0,0
3.504899583,1,0
3.504900583,0,0
3.504902667,1,0
3.504903667,0,0
3.504905792,1,0
3.504906792,0,0
3.504908875,1,0
3.504909875,0,0
3.504912000,1,0
3.504913000,0,0
3.504915083,1,0
3.504916083,0,0
3.504918167,1,0
3.504919167,0,0
3.504921292,1,0
3.504922292,0,0
3.504924375,1,0
3.504925417,0,0
3.504927500,1,0
3.504928500,0,0
3.504930583,1,0
3.504931583,0,0
3.504933708,1,0
3.504934708,0,0
3.504936792,1,0
3.504937792,0,0
3.504939917,1,0
3.504940917,0,0
3.504943000,1,0
3.504944000,0,0
3.504946125,1,0
3.504947125,0,1
3.504949208,1,1
3.504950208,0,1
3.504952333,1,1
3.504953333,0,0
3.504955417,1,0
3.504956417,0,0
3.504958542,1,0
3.504959542,0,1
3.504961625,1,1
3.504962625,0,1
3.504962667,0,0
3.504964750,1,0
3.504965750,0,0
3.504967875,1,0
3.504968875,0,0
3.504970042,1,0
3.504971083,0,0
3.504973250,1,0
3.504974292,0,0
3.504975333,1,0
3.504976417,0,1
3.504977458,1,1
3.504978542,0,0
3.504979583,1,0
3.504980625,0,0
3.504981667,1,0
3.504982750,0,0
3.504983125,0,1
3.504983792,1,1
3.504984875,0,0
3.504985875,1,0
3.504986958,0,0
3.504987292,0,1
3.504988167,1,1
3.504989208,0,1
3.504990250,1,1
3.504991333,0,1
3.504992333,1,1
3.504993417,0,1
3.504994458,1,1
3.504995542,0,1
3.504996583,1,1
3.504997667,0,1
3.504998667,1,1
3.504999750,0,1
3.505000792,1,1
3.505001875,0,1
3.505002875,1,1
3.505004000,0,1
3.505005000,1,1
3.505006083,0,1
3.505007125,1,1
3.505008208,0,1
3.505009208,1,1
3.505010333,0,1
3.505011333,1,1
3.505012417,0,1
3.505013458,1,1
3.505014542,0,1
3.505015542,1,1
3.505016667,0,1
3.505017667,1,1
3.505018750,0,1
3.505019792,1,1
3.505020875,0,1
3.505021875,1,1
3.505023000,0,1
3.505024000,1,1
3.505025083,0,1
3.505026125,1,1
3.505027208,0,1
3.505028208,1,1
3.505029292,0,1
3.505030333,1,1
3.505031417,0,1
3.505032458,1,1
3.505033542,0,1
3.505034542,1,1
3.505035625,0,1
3.505036667,1,1
3.505037750,0,1
3.505038750,1,1
3.505039875,0,1
3.505040875,1,1
3.505041958,0,1
3.505043000,1,1
3.505044083,0,1
3.505045083,1,1
3.505046208,0,1
3.505047208,1,1
3.505048292,0,1
3.505049333,1,1
3.505050417,0,1
3.505051417,1,1
3.505052542,0,1
3.505053542,1,1
3.505054625,0,1
3.505055833,1,1
3.505056833,0,1
3.505057958,1,1
3.505058958,0,1
3.505061083,1,1
3.505062083,1,0
3.505063208,0,0
3.505065167,1,0
3.505066167,1,1
3.505069625,1,0
3.505070625,0,0
3.505072750,1,0
3.505073750,0,0
3.505075833,1,0
3.505076833,0,0
3.505077917,0,1
3.505078917,1,1
3.505079917,0,1
3.505081000,0,0
3.505082042,1,0
3.505083042,0,0
3.505085125,1,0
3.505086167,0,0
3.505088250,1,0
3.505089208,0,0
3.505090292,0,1
3.505091333,1,1
3.505092333,0,1
3.505093458,0,0
3.505094458,1,0
3.505095458,0,0
3.505097542,1,0
3.505098542,0,0
3.505100667,1,0
3.505101667,0,0
3.505103750,1,0
3.505104750,0,0
3.505106875,1,0
3.505107875,0,0
3.505109958,1,0
3.505110958,0,0
3.505113083,1,0
3.505114083,0,0
3.505116167,1,0
3.505117167,0,0
3.505119250,1,0
3.505120292,0,0
3.505122375,1,0
3.505123375,0,0
3.505125458,1,0
3.505126458,0,0
3.505128583,1,0
3.505129583,0,0
3.505131667,1,0
3.505132667,0,0
3.505134792,1,0
3.505135792,0,0
3.505137875,1,0
3.505138875,0,0
3.505141000,1,0
3.505142000,0,0
3.505144083,1,0
3.505145083,0,0
3.505147208,1,0
3.505148208,0,0
3.505150292,1,0
3.505151292,0,0
3.505153417,1,0
3.505154417,0,0
3.505156500,1,0
3.505157500,0,0
3.505159625,1,0
3.505160625,0,0
3.505162708,1,0
3.505163708,0,0
3.505165792,1,0
3.505166833,0,0
3.505168917,1,0
3.505169917,0,0
3.505172000,1,0
3.505173000,0,0
3.505175125,1,0
3.505176125,0,0
3.505178208,1,0
3.505179208,0,0
3.505181333,1,0
3.505182333,0,0
3.505184417,1,0
3.505185417,0,0
3.505187542,1,0
3.505188542,0,0
3.505190625,1,0
3.505191625,0,0
3.505193750,1,0
3.505194750,0,0
3.505195750,0,1
3.505196833,1,1
3.505197833,0,1
3.505199083,1,1
3.505200083,0,1
3.505202250,1,1
3.505203292,0,1
3.505204333,1,1
3.505205417,0,1
3.505206458,1,1
3.505207500,0,1
3.505208542,1,1
3.505209625,0,1
3.505210667,1,1
3.505211750,0,0
3.505212792,1,0
3.505213833,0,0
3.505214250,0,1
3.505214875,1,1
3.505215958,0,1
3.505217125,1,1
3.505218208,0,1
3.505219250,1,1
3.505220292,0,1
3.505221333,1,1
3.505222417,0,1
3.505223417,1,1
3.505224500,0,1
3.505225542,1,1
3.505226625,0,1
3.505227667,1,1
3.505228750,0,1
3.505229750,1,1
3.505230833,0,1
3.505231875,1,1
3.505232958,0,1
3.505233958,1,1
3.505235083,0,1
3.505236083,1,1
3.505237167,0,1
3.505238208,1,1
3.505239292,0,1
3.505240292,1,1
3.505241375,0,1
3.505242417,1,1
3.505243500,0,1
3.505244542,1,1
3.505245625,0,1
3.505246625,1,1
3.505247708,0,1
3.505248750,1,1
3.505249833,0,1
3.505250833,1,1
3.505251958,0,1
3.505252958,1,1
3.505254042,0,1
3.505255083,1,1
3.505256167,0,1
3.505257167,1,1
3.505258292,0,1
3.505259292,1,1
3.505260375,0,1
3.505261417,1,1
3.505262500,0,1
3.505263500,1,1
3.505264583,0,1
3.505265625,1,1
3.505266708,0,1
3.505267750,1,1
3.505268833,0,1
3.505269833,1,1
3.505270917,0,1
3.505271958,1,1
3.505273042,0,1
3.505274083,1,1
3.505275167,0,1
3.505276167,1,1
3.505277250,0,1
3.505278292,1,1
3.505279375,0,1
3.505280375,1,1
3.505281500,0,1
3.505282500,1,1
3.505283583,0,1
3.505284792,1,1
3.505285833,0,1
3.505286917,1,1
3.505287958,0,1
3.505290042,1,1
3.505291083,1,0
3.505292167,0,0
3.505294125,1,0
3.505295125,1,1
3.505298375,1,0
3.505299375,0,0
3.505301458,1,0
3.505302458,0,0
3.505304542,1,0
3.505305583,0,0
3.505306625,0,1
3.505307667,1,1
3.505308667,0,1
3.505309708,0,0
3.505310750,1,0
3.505311750,0,0
3.505313875,1,0
3.505314875,0,0
3.505316958,1,0
3.505318000,0,0
3.505319042,0,1
3.505320083,1,1
3.505321083,0,1
3.505322167,0,0
3.505323167,1,0
3.505324167,0,0
3.505326292,1,0
3.505327292,0,0
3.505329375,1,0
3.505330375,0,0
3.505332458,1,0
3.505333500,0,0
3.505335583,1,0
3.505336583,0,0
3.505338667,1,0
3.505339708,0,0
3.505341792,1,0
3.505342792,0,0
3.505344875,1,0
3.505345875,0,0
3.505348000,1,0
3.505349000,0,0
3.505351083,1,0
3.505352083,0,0
3.505354208,1,0
3.505355208,0,0
3.505357292,1,0
3.505358292,0,0
3.505360417,1,0
3.505361417,0,0
3.505363500,1,0
3.505364500,0,0
3.505366625,1,0
3.505367625,0,0
3.505369708,1,0
3.505370708,0,0
3.505372792,1,0
3.505373833,0,0
3.505375917,1,0
3.505376917,0,0
3.505379000,1,0
3.505380042,0,0
3.505382125,1,0
3.505383125,0,0
3.505385208,1,0
3.505386208,0,0
3.505388333,1,0
3.505389333,0,0
3.505391417,1,0
3.505392417,0,0
3.505394542,1,0
3.505395542,0,0
3.505397625,1,0
3.505398625,0,0
3.505400750,1,0
3.505401750,0,0
3.505403833,1,0
3.505404833,0,0
3.505406958,1,0
3.505407958,0,0
3.505410042,1,0
3.505411042,0,0
3.505413167,1,0
3.505414167,0,0
3.505416250,1,0
3.505417250,0,0
3.505419375,1,0
3.505420375,0,0
3.505422500,1,0
3.505423500,0,0
3.505424500,0,1
3.505425583,1,1
3.505426583,0,1
3.505427833,1,1
3.505428792,0,1
3.505430958,1,1
3.505432042,0,1
3.505433083,1,1
3.505434125,0,1
3.505435167,1,1
3.505436250,0,1
3.505437292,1,1
3.505438333,0,1
3.505439375,1,1
3.505440500,0,0
3.505441542,1,0
3.505442583,0,0
3.505442875,0,1
3.505443625,1,1
3.505444708,0,1
3.505445875,1,1
3.505446917,0,1
3.505447958,1,1
3.505449042,0,1
3.505450042,1,1
3.505451167,0,1
3.505452167,1,1
3.505453250,0,1
3.505454292,1,1
3.505455375,0,1
3.505456375,1,1
3.505457500,0,1
3.505458500,1,1
3.505459583,0,1
3.505460625,1,1
3.505461708,0,1
3.505462708,1,1
3.505463792,0,1
3.505464833,1,1
3.505465917,0,1
3.505466958,1,1
3.505468042,0,1
3.505469042,1,1
3.505470125,0,1
3.505471167,1,1
3.505472250,0,1
3.505473250,1,1
3.505474375,0,1
3.505475375,1,1
3.505476458,0,1
3.505477500,1,1
3.505478583,0,1
3.505479583,1,1
3.505480708,0,1
3.505481708,1,1
3.505482792,0,1
3.505483833,1,1
3.505484917,0,1
3.505485917,1,1
3.505487042,0,1
3.505488042,1,1
3.505489125,0,1
3.505490167,1,1
3.505491250,0,1
3.505492250,1,1
3.505493333,0,1
3.505494375,1,1
3.505495458,0,1
3.505496500,1,1
3.505497583,0,1
3.505498583,1,1
3.505499667,0,1
3.505500708,1,1
3.505501792,0,1
3.505502833,1,1
3.505503917,0,1
3.505504917,1,1
3.505506042,0,1
3.505507042,1,1
3.505508125,0,1
3.505509167,1,1
3.505510250,0,1
3.505511250,1,1
3.505512333,0,1
3.505513542,1,1
3.505514583,0,1
3.505515667,1,1
3.505516708,0,1
3.505518792,1,1
3.505519833,1,0
3.505520917,0,0
3.505522917,1,0
3.505523875,1,1
3.505527000,1,0
3.505528000,0,0
3.505530083,1,0
3.505531083,0,0
3.505533167,1,0
3.505534208,0,0
3.505535292,0,1
3.505536292,1,1
3.505537292,0,1
3.505538333,0,0
3.505539417,1,0
3.505540417,0,0
3.505542500,1,0
3.505543500,0,0
3.505545583,1,0
3.505546625,0,0
3.505547667,0,1
3.505548708,1,1
3.505549708,0,1
3.505550792,0,0
3.505551833,1,0
3.505552792,0,0
3.505554917,1,0
3.505555917,0,0
3.505558042,1,0
3.505559000,0,0
3.505561125,1,0
3.505562125,0,0
3.505564250,1,0
3.505565208,0,0
3.505567333,1,0
3.505568333,0,0
3.505570458,1,0
3.505571417,0,0
3.505573542,1,0
3.505574542,0,0
3.505576667,1,0
3.505577625,0,0
3.505579750,1,0
3.505580750,0,0
3.505582875,1,0
3.505583833,0,0
3.505585958,1,0
3.505586958,0,0
3.505589083,1,0
3.505590042,0,0
3.505592167,1,0
3.505593167,0,0
3.505595292,1,0
3.505596250,0,0
3.505598375,1,0
3.505599375,0,0
3.505601500,1,0
3.505602458,0,0
3.505604583,1,0
3.505605542,0,0
3.505607708,1,0
3.505608667,0,0
3.505610792,1,0
3.505611792,0,0
3.505613917,1,0
3.505614875,0,0
3.505617000,1,0
3.505618000,0,0
3.505620125,1,0
3.505621083,0,0
3.505623208,1,0
3.505624167,0,0
3.505626333,1,0
3.505627292,0,0
3.505629417,1,0
3.505630375,0,0
3.505632500,1,0
3.505633500,0,0
3.505635625,1,0
3.505636583,0,0
3.505638750,1,0
3.505639708,0,0
3.505641833,1,0
3.505642792,0,0
3.505644917,1,0
3.505645917,0,0
3.505648042,1,0
3.505649000,0,0
3.505651125,1,0
3.505652125,0,0
3.505653167,0,1
3.505654250,1,1
3.505655250,0,1
3.505656458,1,1
3.505657500,0,1
3.505659625,1,1
3.505660708,0,1
3.505661750,1,1
3.505662792,0,1
3.505663833,1,1
3.505664917,0,1
3.505665958,1,1
3.505667042,0,1
3.505668083,1,1
3.505669125,0,1
3.505669167,0,0
3.505670208,1,0
3.505671250,0,0
3.505671583,0,1
3.505672292,1,1
3.505673375,0,1
3.505674542,1,1
3.505675583,0,1
3.505676625,1,1
3.505677708,0,1
3.505678750,1,1
3.505679792,0,1
3.505680875,1,1
3.505681917,0,1
3.505682958,1,1
3.505684042,0,1
3.505685083,1,1
3.505686125,0,1
3.505687167,1,1
3.505688250,0,1
3.505689292,1,1
3.505690375,0,1
3.505691417,1,1
3.505692458,0,1
3.505693500,1,1
3.505694583,0,1
3.505695625,1,1
3.505696708,0,1
3.505697750,1,1
3.505698792,0,1
3.505699833,1,1
3.505700917,0,1
3.505701958,1,1
3.505703042,0,1
3.505704083,1,1
3.505705125,0,1
3.505706167,1,1
3.505707250,0,1
3.505708292,1,1
3.505709333,0,1
3.505710417,1,1
3.505711458,0,1
3.505712500,1,1
3.505713583,0,1
3.505714625,1,1
3.505715667,0,1
3.505716750,1,1
3.505717792,0,1
3.505718833,1,1
3.505719917,0,1
3.505720958,1,1
3.505722000,0,1
3.505723042,1,1
3.505724125,0,1
3.505725167,1,1
3.505726250,0,1
3.505727292,1,1
3.505728333,0,1
3.505729375,1,1
3.505730458,0,1
3.505731500,1,1
3.505732583,0,1
3.505733625,1,1
3.505734667,0,1
3.505735708,1,1
3.505736792,0,1
3.505737833,1,1
3.505738917,0,1
3.505739958,1,1
3.505741000,0,1
3.505742125,1,1
3.505743167,0,1
3.505744208,1,1
3.505745250,0,1
3.505747333,1,1
3.505748375,1,0
3.505749458,0,0
3.505751458,1,0
3.505752458,1,1
3.505755542,1,0
3.505756542,0,0
3.505758625,1,0
3.505759625,0,0
3.505761750,1,0
3.505762750,0,0
3.505763792,0,1
3.505764833,1,1
3.505765875,0,1
3.505766917,0,0
3.505767958,1,0
3.505768958,0,0
3.505771042,1,0
3.505772042,0,0
3.505774167,1,0
3.505775167,0,0
3.505776208,0,1
3.505777250,1,1
3.505778292,0,1
3.505779375,0,0
3.505780333,1,0
3.505781375,0,0
3.505783458,1,0
3.505784458,0,0
3.505786542,1,0
3.505787583,0,0
3.505789667,1,0
3.505790667,0,0
3.505792750,1,0
3.505793750,0,0
3.505795875,1,0
3.505796875,0,0
3.505798958,1,0
3.505799958,0,0
3.505802083,1,0
3.505803083,0,0
3.505805167,1,0
3.505806167,0,0
3.505808292,1,0
3.505809292,0,0
3.505811375,1,0
3.505812375,0,0
3.505814500,1,0
3.505815500,0,0
3.505817583,1,0
3.505818583,0,0
3.505820708,1,0
3.505821708,0,0
3.505823792,1,0
3.505824792,0,0
3.505826917,1,0
3.505827917,0,0
3.505830000,1,0
3.505831000,0,0
3.505833125,1,0
3.505834125,0,0
3.505836208,1,0
3.505837208,0,0
3.505839333,1,0
3.505840333,0,0
3.505842417,1,0
3.505843417,0,0
3.505845542,1,0
3.505846542,0,0
3.505848625,1,0
3.505849625,0,0
3.505851708,1,0
3.505852708,0,0
3.505854833,1,0
3.505855833,0,0
3.505857917,1,0
3.505858917,0,0
3.505861042,1,0
3.505862042,0,0
3.505864125,1,0
3.505865125,0,0
3.505867250,1,0
3.505868250,0,0
3.505870333,1,0
3.505871333,0,0
3.505873458,1,0
3.505874458,0,0
3.505876542,1,0
3.505877542,0,0
3.505879667,1,0
3.505880667,0,0
3.505881667,0,1
3.505882792,1,1
3.505883792,0,1
3.505885000,1,1
3.505886000,0,1
3.505888167,1,1
3.505889250,0,1
3.505890250,1,1
3.505891333,0,1
3.505892375,1,1
3.505893458,0,1
3.505894458,1,1
3.505895583,0,1
3.505896625,1,1
3.505897667,0,0
3.505898708,1,0
3.505899792,0,0
3.505900208,0,1
3.505900833,1,1
3.505901875,0,1
3.505903042,1,1
3.505904125,0,1
3.505905167,1,1
3.505906208,0,1
3.505907250,1,1
3.505908250,0,1
3.505909250,1,1
3.505910333,0,1
3.505911375,1,1
3.505912458,0,1
3.505913458,1,1
3.505914542,0,1
3.505915583,1,1
3.505916667,0,1
3.505917708,1,1
3.505918792,0,1
3.505919792,1,1
3.505920875,0,1
3.505921917,1,1
3.505923000,0,1
3.505924000,1,1
3.505925125,0,1
3.505926125,1,1
3.505927208,0,1
3.505928250,1,1
3.505929333,0,1
3.505930333,1,1
3.505931417,0,1
3.505932458,1,1
3.505933542,0,1
3.505934583,1,1
3.505935667,0,1
3.505936667,1,1
3.505937750,0,1
3.505938792,1,1
3.505939875,0,1
3.505940875,1,1
3.505942000,0,1
3.505943000,1,1
3.505944083,0,1
3.505945125,1,1
3.505946208,0,1
3.505947208,1,1
3.505948333,0,1
3.505949333,1,1
3.505950417,0,1
3.505951458,1,1
3.505952542,0,1
3.505953542,1,1
3.505954625,0,1
3.505955667,1,1
3.505956750,0,1
3.505957750,1,1
3.505958875,0,1
3.505959875,1,1
3.505960958,0,1
3.505962000,1,1
3.505963083,0,1
3.505964083,1,1
3.505965208,0,1
3.505966208,1,1
3.505967292,0,1
3.505968333,1,1
3.505969417,0,1
3.505970625,1,1
3.505971625,0,1
3.505972708,1,1
3.505973750,0,1
3.505975875,1,1
3.505976875,1,0
3.505977875,0,0
3.505979833,1,0
3.505980833,1,1
3.505983917,1,0
3.505984917,0,0
3.505987000,1,0
3.505988000,0,0
3.505990125,1,0
3.505991125,0,0
3.505992167,0,1
3.505993250,1,1
3.505994250,0,1
3.505995292,0,0
3.505996333,1,0
3.505997333,0,0
3.505999417,1,0
3.506000417,0,0
3.506002542,1,0
3.506003542,0,0
3.506004583,0,1
3.506005625,1,1
3.506006667,0,1
3.506007750,0,0
3.506008750,1,0
3.506009750,0,0
3.506011833,1,0
3.506012833,0,0
3.506014958,1,0
3.506015958,0,0
3.506018042,1,0
3.506019042,0,0
3.506021167,1,0
3.506022167,0,0
3.506024250,1,0
3.506025250,0,0
3.506027333,1,0
3.506028333,0,0
3.506030458,1,0
3.506031458,0,0
3.506033542,1,0
3.506034542,0,0
3.506036667,1,0
3.506037667,0,0
3.506039750,1,0
3.506040750,0,0
3.506042875,1,0
3.506043875,0,0
3.506045958,1,0
3.506046958,0,0
3.506049083,1,0
3.506050083,0,0
3.506052167,1,0
3.506053167,0,0
3.506055292,1,0
3.506056292,0,0
3.506058375,1,0
3.506059375,0,0
3.506061500,1,0
3.506062500,0,0
3.506064583,1,0
3.506065583,0,0
3.506067708,1,0
3.506068708,0,0
3.506070792,1,0
3.506071792,0,0
3.506073917,1,0
3.506074917,0,0
3.506077000,1,0
3.506078000,0,0
3.506080125,1,0
3.506081125,0,0
3.506083208,1,0
3.506084208,0,0
3.506086333,1,0
3.506087333,0,0
3.506089417,1,0
3.506090417,0,0
3.506092542,1,0
3.506093542,0,0
3.506095625,1,0
3.506096625,0,0
3.506098750,1,0
3.506099750,0,0
3.506101833,1,0
3.506102833,0,0
3.506104958,1,0
3.506105958,0,0
3.506108083,1,0
3.506109083,0,0
3.506110083,0,1
3.506111167,1,1
3.506112167,0,1
3.506113417,1,1
3.506114417,0,1
3.506116583,1,1
3.506117625,0,1
3.506118667,1,1
3.506119750,0,1
3.506120792,1,1
3.506121833,0,1
3.506122875,1,1
3.506124000,0,1
3.506125000,1,1
3.506126083,0,0
3.506127125,1,0
3.506128208,0,0
3.506128542,0,1
3.506129250,1,1
3.506130292,0,1
3.506131458,1,1
3.506132542,0,1
3.506133583,1,1
3.506134625,0,1
3.506135667,1,1
3.506136625,0,1
3.506137667,1,1
3.506138750,0,1
3.506139792,1,1
3.506140875,0,1
3.506141875,1,1
3.506143000,0,1
3.506144000,1,1
3.506145083,0,1
3.506146125,1,1
3.506147208,0,1
3.506148208,1,1
3.506149292,0,1
3.506150333,1,1
3.506151417,0,1
3.506152458,1,1
3.506153542,0,1
3.506154542,1,1
3.506155625,0,1
3.506156667,1,1
3.506157750,0,1
3.506158750,1,1
3.506159875,0,1
3.506160875,1,1
3.506161958,0,1
3.506163000,1,1
3.506164083,0,1
3.506165083,1,1
3.506166208,0,1
3.506167208,1,1
3.506168292,0,1
3.506169333,1,1
3.506170417,0,1
3.506171417,1,1
3.506172542,0,1
3.506173542,1,1
3.506174625,0,1
3.506175667,1,1
3.506176750,0,1
3.506177750,1,1
3.506178875,0,1
3.506179875,1,1
3.506180958,0,1
3.506182000,1,1
3.506183083,0,1
3.506184083,1,1
3.506185208,0,1
3.506186208,1,1
3.506187292,0,1
3.506188333,1,1
3.506189417,0,1
3.506190417,1,1
3.506191542,0,1
3.506192542,1,1
3.506193625,0,1
3.506194667,1,1
3.506195750,0,1
3.506196750,1,1
3.506197875,0,1
3.506199083,1,1
3.506200083,0,1
3.506201167,1,1
3.506202167,0,1
3.506204292,1,1
3.506205333,1,0
3.506206292,0,0
3.506208292,1,0
3.506209250,1,1
3.506212375,1,0
3.506213375,0,0
3.506215458,1,0
3.506216458,0,0
3.506218583,1,0
3.506219583,0,0
3.506220625,0,1
3.506221667,1,1
3.506222708,0,1
3.506223750,0,0
3.506224792,1,0
3.506225792,0,0
3.506227875,1,0
3.506228875,0,0
3.506231000,1,0
3.506232000,0,0
3.506233042,0,1
3.506234083,1,1
3.506235125,0,1
3.506236208,0,0
3.506237208,1,0
3.506238208,0,0
3.506240292,1,0
3.506241292,0,0
3.506243417,1,0
3.506244417,0,0
3.506246500,1,0
3.506247500,0,0
3.506249625,1,0
3.506250625,0,0
3.506252708,1,0
3.506253708,0,0
3.506255833,1,0
3.506256833,0,0
3.506258917,1,0
3.506259917,0,0
3.506262042,1,0
3.506263042,0,0
3.506265125,1,0
3.506266125,0,0
3.506268250,1,0
3.506269250,0,0
3.506271333,1,0
3.506272333,0,0
3.506274458,1,0
3.506275458,0,0
3.506277542,1,0
3.506278542,0,0
3.506280667,1,0
3.506281667,0,0
3.506283750,1,0
3.506284750,0,0
3.506286875,1,0
3.506287875,0,0
3.506289958,1,0
3.506290958,0,0
3.506293083,1,0
3.506294083,0,0
3.506296167,1,0
3.506297167,0,0
3.506299292,1,0
3.506300292,0,0
3.506302375,1,0
3.506303375,0,0
3.506305500,1,0
3.506306500,0,0
3.506308583,1,0
3.506309583,0,0
3.506311708,1,0
3.506312708,0,0
3.506314792,1,0
3.506315792,0,0
3.506317917,1,0
3.506318917,0,0
3.506321000,1,0
3.506322000,0,0
3.506324125,1,0
3.506325125,0,0
3.506327208,1,0
3.506328208,0,0
3.506330333,1,0
3.506331333,0,0
3.506333417,1,0
3.506334417,0,0
3.506336542,1,0
3.506337542,0,0
3.506338542,0,1
3.506339667,1,1
3.506340667,0,1
3.506341875,1,1
3.506342875,0,1
3.506345042,1,1
3.506346125,0,1
3.506347167,1,1
3.506348208,0,1
3.506349250,1,1
3.506350333,0,1
3.506351375,1,1
3.506352458,0,1
3.506353500,1,1
3.506354542,0,0
3.506355583,1,0
3.506356667,0,0
3.506356958,0,1
3.506357708,1,1
3.506358792,0,1
3.506359958,1,1
3.506361000,0,1
3.506362042,1,1
3.506363125,0,1
3.506364125,1,1
3.506365125,0,1
3.506366125,1,1
3.506367208,0,1
3.506368250,1,1
3.506369333,0,1
3.506370333,1,1
3.506371417,0,1
3.506372458,1,1
3.506373542,0,1
3.506374583,1,1
3.506375667,0,1
3.506376667,1,1
3.506377792,0,1
3.506378792,1,1
3.506379875,0,1
3.506380917,1,1
3.506382000,0,1
3.506383000,1,1
3.506384083,0,1
3.506385125,1,1
3.506386208,0,1
3.506387208,1,1
3.506388333,0,1
3.506389333,1,1
3.506390417,0,1
3.506391458,1,1
3.506392542,0,1
3.506393542,1,1
3.506394667,0,1
3.506395667,1,1
3.506396750,0,1
3.506397792,1,1
3.506398875,0,1
3.506399875,1,1
3.506401000,0,1
3.506402000,1,1
3.506403083,0,1
3.506404125,1,1
3.506405208,0,1
3.506406208,1,1
3.506407333,0,1
3.506408333,1,1
3.506409417,0,1
3.506410458,1,1
3.506411542,0,1
3.506412542,1,1
3.506413625,0,1
3.506414667,1,1
3.506415750,0,1
3.506416792,1,1
3.506417875,0,1
3.506418875,1,1
3.506419958,0,1
3.506421000,1,1
3.506422083,0,1
3.506423125,1,1
3.506424208,0,1
3.506425208,1,1
3.506426292,0,1
3.506427500,1,1
3.506428542,0,1
3.506429625,1,1
3.506430625,0,1
3.506432750,1,1
3.506433750,1,0
3.506434750,0,0
3.506436708,1,0
3.506437708,1,1
3.506440833,1,0
3.506441833,0,0
3.506443917,1,0
3.506444917,0,0
3.506447000,1,0
3.506448042,0,0
3.506449083,0,1
3.506450125,1,1
3.506451125,0,1
3.506452167,0,0
3.506453250,1,0
3.506454208,0,0
3.506456333,1,0
3.506457333,0,0
3.506459417,1,0
3.506460458,0,0
3.506461500,0,1
3.506462542,1,1
3.506463542,0,1
3.506464625,0,0
3.506465625,1,0
3.506466625,0,0
3.506468750,1,0
3.506469750,0,0
3.506471833,1,0
3.506472833,0,0
3.506474958,1,0
3.506475958,0,0
3.506478042,1,0
3.506479042,0,0
3.506481167,1,0
3.506482167,0,0
3.506484250,1,0
3.506485250,0,0
3.506487375,1,0
3.506488375,0,0
3.506490458,1,0
3.506491458,0,0
3.506493583,1,0
3.506494583,0,0
3.506496667,1,0
3.506497667,0,0
3.506499792,1,0
3.506500792,0,0
3.506502875,1,0
3.506503875,0,0
3.506506000,1,0
3.506507000,0,0
3.506509083,1,0
3.506510083,0,0
3.506512208,1,0
3.506513208,0,0
3.506515292,1,0
3.506516292,0,0
3.506518417,1,0
3.506519417,0,0
3.506521500,1,0
3.506522500,0,0
3.506524625,1,0
3.506525625,0,0
3.506527708,1,0
3.506528708,0,0
3.506530833,1,0
3.506531833,0,0
3.506533917,1,0
3.506534917,0,0
3.506537042,1,0
3.506538042,0,0
3.506540125,1,0
3.506541125,0,0
3.506543208,1,0
3.506544250,0,0
3.506546333,1,0
3.506547333,0,0
3.506549417,1,0
3.506550458,0,0
3.506552542,1,0
3.506553542,0,0
3.506555625,1,0
3.506556625,0,0
3.506558750,1,0
3.506559750,0,0
3.506561833,1,0
3.506562833,0,0
3.506565000,1,0
3.506565958,0,0
3.506567000,0,1
3.506568083,1,1
3.506569083,0,1
3.506570292,1,1
3.506571333,0,1
3.506573458,1,1
3.506574542,0,1
3.506575583,1,1
3.506576667,0,1
3.506577667,1,1
3.506578750,0,1
3.506579792,1,1
3.506580875,0,1
3.506581917,1,1
3.506583000,0,0
3.506584042,1,0
3.506585083,0,0
3.506585458,0,1
3.506586125,1,1
3.506587208,0,1
3.506588375,1,1
3.506589458,0,1
3.506590458,1,1
3.506591542,0,1
3.506592542,1,1
3.506593542,0,1
3.506594542,1,1
3.506595667,0,1
3.506596667,1,1
3.506597750,0,1
3.506598792,1,1
3.506599875,0,1
3.506600875,1,1
3.506602000,0,1
3.506603000,1,1
3.506604083,0,1
3.506605125,1,1
3.506606208,0,1
3.506607208,1,1
3.506608333,0,1
3.506609333,1,1
3.506610417,0,1
3.506611458,1,1
3.506612542,0,1
3.506613542,1,1
3.506614667,0,1
3.506615667,1,1
3.506616750,0,1
3.506617792,1,1
3.506618875,0,1
3.506619875,1,1
3.506621000,0,1
3.506622000,1,1
3.506623083,0,1
3.506624125,1,1
3.506625208,0,1
3.506626208,1,1
3.506627333,0,1
3.506628333,1,1
3.506629417,0,1
3.506630458,1,1
3.506631542,0,1
3.506632542,1,1
3.506633667,0,1
3.506634667,1,1
3.506635750,0,1
3.506636792,1,1
3.506637875,0,1
3.506638875,1,1
3.506640000,0,1
3.506641000,1,1
3.506642083,0,1
3.506643125,1,1
3.506644208,0,1
3.506645208,1,1
3.506646292,0,1
3.506647333,1,1
3.506648417,0,1
3.506649458,1,1
3.506650542,0,1
3.506651542,1,1
3.506652625,0,1
3.506653667,1,1
3.506654750,0,1
3.506655958,1,1
3.506656958,0,1
3.506658083,1,1
3.506659083,0,1
3.506661208,1,1
3.506662208,1,0
3.506663208,0,0
3.506665167,1,0
3.506666167,1,1
3.506669292,1,0
3.506670250,0,0
3.506672333,1,0
3.506673375,0,0
3.506675458,1,0
3.506676458,0,0
3.506677542,0,1
3.506678583,1,1
3.506679583,0,1
3.506680625,0,0
3.506681708,1,0
3.506682667,0,0
3.506684750,1,0
3.506685792,0,0
3.506687875,1,0
3.506688875,0,0
3.506689958,0,1
3.506691000,1,1
3.506692000,0,1
3.506693083,0,0
3.506694083,1,0
3.506695083,0,0
3.506697167,1,0
3.506698167,0,0
3.506700292,1,0
3.506701292,0,0
3.506703375,1,0
3.506704375,0,0
3.506706500,1,0
3.506707500,0,0
3.506709583,1,0
3.506710583,0,0
3.506712708,1,0
3.506713708,0,0
3.506715792,1,0
3.506716792,0,0
3.506718917,1,0
3.506719917,0,0
3.506722000,1,0
3.506723000,0,0
3.506725125,1,0
3.506726125,0,0
3.506728208,1,0
3.506729208,0,0
3.506731292,1,0
3.506732292,0,0
3.506734417,1,0
3.506735417,0,0
3.506737500,1,0
3.506738542,0,0
3.506740625,1,0
3.506741625,0,0
3.506743750,1,0
3.506744750,0,0
3.506746833,1,0
3.506747833,0,0
3.506749917,1,0
3.506750917,0,0
3.506753042,1,0
3.506754042,0,0
3.506756125,1,0
3.506757125,0,0
3.506759250,1,0
3.506760250,0,0
3.506762333,1,0
3.506763333,0,0
3.506765458,1,0
3.506766458,0,0
3.506768542,1,0
3.506769542,0,0
3.506771667,1,0
3.506772667,0,0
3.506774750,1,0
3.506775750,0,0
3.506777875,1,0
3.506778875,0,0
3.506780958,1,0
3.506781958,0,0
3.506784083,1,0
3.506785083,0,0
3.506787167,1,0
3.506788167,0,0
3.506790292,1,0
3.506791292,0,0
3.506793417,1,0
3.506794417,0,0
3.506795417,0,1
3.506796500,1,1
3.506797500,0,1
3.506798750,1,1
3.506799750,0,1
3.506801917,1,1
3.506802958,0,1
3.506804000,1,1
3.506805083,0,1
3.506806125,1,1
3.506807167,0,1
3.506808208,1,1
3.506809292,0,1
3.506810333,1,1
3.506811417,0,0
3.506812458,1,0
3.506813542,0,0
3.506813917,0,1
3.506814583,1,1
3.506815625,0,1
3.506816792,1,1
3.506817875,0,1
3.506818917,1,1
3.506819958,0,1
3.506821000,1,1
3.506821958,0,1
3.506823000,1,1
3.506824083,0,1
3.506825083,1,1
3.506826208,0,1
3.506827208,1,1
3.506828292,0,1
3.506829333,1,1
3.506830417,0,1
3.506831417,1,1
3.506832542,0,1
3.506833542,1,1
3.506834625,0,1
3.506835667,1,1
3.506836750,0,1
3.506837750,1,1
3.506838833,0,1
3.506839875,1,1
3.506840958,0,1
3.506841958,1,1
3.506843083,0,1
3.506844083,1,1
3.506845167,0,1
3.506846208,1,1
3.506847292,0,1
3.506848292,1,1
3.506849417,0,1
3.506850417,1,1
3.506851500,0,1
3.506852542,1,1
3.506853625,0,1
3.506854625,1,1
3.506855750,0,1
3.506856750,1,1
3.506857833,0,1
3.506858875,1,1
3.506859958,0,1
3.506860958,1,1
3.506862042,0,1
3.506863083,1,1
3.506864167,0,1
3.506865208,1,1
3.506866292,0,1
3.506867292,1,1
3.506868375,0,1
3.506869417,1,1
3.506870500,0,1
3.506871500,1,1
3.506872625,0,1
3.506873625,1,1
3.506874708,0,1
3.506875750,1,1
3.506876833,0,1
3.506877833,1,1
3.506878958,0,1
3.506879958,1,1
3.506881042,0,1
3.506882083,1,1
3.506883167,0,1
3.506884375,1,1
3.506885375,0,1
3.506886458,1,1
3.506887500,0,1
3.506889625,1,1
3.506890625,1,0
3.506891625,0,0
3.506893583,1,0
3.506894583,1,1
3.506897667,1,0
3.506898667,0,0
3.506900750,1,0
3.506901750,0,0
3.506903875,1,0
3.506904875,0,0
3.506905917,0,1
3.506906958,1,1
3.506908000,0,1
3.506909042,0,0
3.506910083,1,0
3.506911083,0,0
3.506913167,1,0
3.506914167,0,0
3.506916292,1,0
3.506917292,0,0
3.506918333,0,1
3.506919375,1,1
3.506920417,0,1
3.506921458,0,0
3.506922458,1,0
3.506923458,0,0
3.506925583,1,0
3.506926583,0,0
3.506928667,1,0
3.506929667,0,0
3.506931792,1,0
3.506932792,0,0
3.506934875,1,0
3.506935875,0,0
3.506938000,1,0
3.506939000,0,0
3.506941083,1,0
3.506942083,0,0
3.506944208,1,0
3.506945208,0,0
3.506947292,1,0
3.506948292,0,0
3.506950417,1,0
3.506951417,0,0
3.506953500,1,0
3.506954500,0,0
3.506956625,1,0
3.506957625,0,0
3.506959708,1,0
3.506960708,0,0
3.506962792,1,0
3.506963792,0,0
3.506965917,1,0
3.506966917,0,0
3.506969000,1,0
3.506970000,0,0
3.506972125,1,0
3.506973125,0,0
3.506975208,1,0
3.506976208,0,0
3.506978333,1,0
3.506979333,0,0
3.506981417,1,0
3.506982417,0,0
3.506984500,1,0
3.506985500,0,0
3.506987625,1,0
3.506988625,0,0
3.506990708,1,0
3.506991708,0,0
3.506993833,1,0
3.506994833,0,0
3.506996917,1,0
3.506997917,0,0
3.507000042,1,0
3.507001042,0,0
3.507003125,1,0
3.507004125,0,0
3.507006250,1,0
3.507007250,0,0
3.507009333,1,0
3.507010333,0,0
3.507012458,1,0
3.507013458,0,0
3.507015542,1,0
3.507016542,0,0
3.507018667,1,0
3.507019667,0,0
3.507021792,1,0
3.507022792,0,0
3.507023792,0,1
3.507024875,1,1
3.507025875,0,1
3.507027083,1,1
3.507028125,0,1
3.507030250,1,1
3.507031333,0,1
3.507032375,1,1
3.507033417,0,1
3.507034458,1,1
3.507035542,0,1
3.507036583,1,1
3.507037667,0,1
3.507038708,1,1
3.507039792,0,0
3.507040833,1,0
3.507041875,0,0
3.507042208,0,1
3.507042917,1,1
3.507044000,0,1
3.507045167,1,1
3.507046208,0,1
3.507047250,1,1
3.507048333,0,1
3.507049333,1,1
3.507050333,0,1
3.507051333,1,1
3.507052417,0,1
3.507053458,1,1
3.507054542,0,1
3.507055542,1,1
3.507056667,0,1
3.507057667,1,1
3.507058750,0,1
3.507059792,1,1
3.507060875,0,1
3.507061875,1,1
3.507063000,0,1
3.507064000,1,1
3.507065083,0,1
3.507066125,1,1
3.507067208,0,1
3.507068208,1,1
3.507069333,0,1
3.507070333,1,1
3.507071417,0,1
3.507072458,1,1
3.507073542,0,1
3.507074542,1,1
3.507075625,0,1
3.507076667,1,1
3.507077750,0,1
3.507078750,1,1
3.507079875,0,1
3.507080875,1,1
3.507081958,0,1
3.507083000,1,1
3.507084083,0,1
3.507085083,1,1
3.507086167,0,1
3.507087208,1,1
3.507088292,0,1
3.507089333,1,1
3.507090417,0,1
3.507091417,1,1
3.507092500,0,1
3.507093542,1,1
3.507094625,0,1
3.507095625,1,1
3.507096750,0,1
3.507097750,1,1
3.507098833,0,1
3.507099875,1,1
3.507100958,0,1
3.507101958,1,1
3.507103083,0,1
3.507104083,1,1
3.507105167,0,1
3.507106208,1,1
3.507107292,0,1
3.507108292,1,1
3.507109375,0,1
3.507110417,1,1
3.507111500,0,1
3.507112708,1,1
3.507113708,0,1
3.507114833,1,1
3.507115833,0,1
3.507117958,1,1
3.507118958,1,0
3.507119958,0,0
3.507121917,1,0
3.507122917,1,1
3.507126000,1,0
3.507127000,0,0
3.507129083,1,0
3.507130125,0,0
3.507132208,1,0
3.507133208,0,0
3.507134250,0,1
3.507135333,1,1
3.507136333,0,1
3.507137375,0,0
3.507138417,1,0
3.507139417,0,0
3.507141500,1,0
3.507142500,0,0
3.507144625,1,0
3.507145625,0,0
3.507146667,0,1
3.507147708,1,1
3.507148750,0,1
3.507149833,0,0
3.507150833,1,0
3.507151833,0,0
3.507153917,1,0
3.507154917,0,0
3.507157042,1,0
3.507158042,0,0
3.507160125,1,0
3.507161125,0,0
3.507163250,1,0
3.507164250,0,0
3.507166333,1,0
3.507167333,0,0
3.507169458,1,0
3.507170458,0,0
3.507172542,1,0
3.507173542,0,0
3.507175667,1,0
3.507176667,0,0
3.507178750,1,0
3.507179750,0,0
3.507181833,1,0
3.507182833,0,0
3.507184958,1,0
3.507185958,0,0
3.507188042,1,0
3.507189083,0,0
3.507191167,1,0
3.507192167,0,0
3.507194250,1,0
3.507195292,0,0
3.507197375,1,0
3.507198375,0,0
3.507200458,1,0
3.507201458,0,0
3.507203583,1,0
3.507204583,0,0
3.507206667,1,0
3.507207667,0,0
3.507209792,1,0
3.507210792,0,0
3.507212875,1,0
3.507213875,0,0
3.507216000,1,0
3.507217000,0,0
3.507219083,1,0
3.507220083,0,0
3.507222208,1,0
3.507223208,0,0
3.507225292,1,0
3.507226292,0,0
3.507228417,1,0
3.507229417,0,0
3.507231500,1,0
3.507232500,0,0
3.507234625,1,0
3.507235625,0,0
3.507237708,1,0
3.507238708,0,0
3.507240792,1,0
3.507241792,0,0
3.507243917,1,0
3.507244917,0,0
3.507247000,1,0
3.507248000,0,0
3.507250125,1,0
3.507251125,0,0
3.507252167,0,1
3.507253250,1,1
3.507254250,0,1
3.507255458,1,1
3.507256500,0,1
3.507258625,1,1
3.507259708,0,1
3.507260750,1,1
3.507261792,0,1
3.507262833,1,1
3.507263917,0,1
3.507264958,1,1
3.507266042,0,1
3.507267083,1,1
3.507268125,0,0
3.507269167,1,0
3.507270250,0,0
3.507270583,0,1
3.507271292,1,1
3.507272375,0,1
3.507273542,1,1
3.507274583,0,1
3.507275625,1,1
3.507276708,0,1
3.507277708,1,1
3.507278708,0,1
3.507279708,1,1
3.507280792,0,1
3.507281833,1,1
3.507282917,0,1
3.507283917,1,1
3.507285000,0,1
3.507286042,1,1
3.507287125,0,1
3.507288167,1,1
3.507289250,0,1
3.507290250,1,1
3.507291333,0,1
3.507292375,1,1
3.507293458,0,1
3.507294500,1,1
3.507295583,0,1
3.507296583,1,1
3.507297667,0,1
3.507298708,1,1
3.507299792,0,1
3.507300833,1,1
3.507301917,0,1
3.507302917,1,1
3.507304000,0,1
3.507305042,1,1
3.507306125,0,1
3.507307125,1,1
3.507308250,0,1
3.507309250,1,1
3.507310333,0,1
3.507311375,1,1
3.507312458,0,1
3.507313458,1,1
3.507314542,0,1
3.507315583,1,1
3.507316667,0,1
3.507317708,1,1
3.507318792,0,1
3.507319792,1,1
3.507320875,0,1
3.507321917,1,1
3.507323000,0,1
3.507324000,1,1
3.507325125,0,1
3.507326125,1,1
3.507327208,0,1
3.507328250,1,1
3.507329333,0,1
3.507330333,1,1
3.507331417,0,1
3.507332458,1,1
3.507333542,0,1
3.507334583,1,1
3.507335667,0,1
3.507336667,1,1
3.507337792,0,1
3.507338792,1,1
3.507339875,0,1
3.507341083,1,1
3.507342125,0,1
3.507343208,1,1
3.507344208,0,1
3.507346333,1,1
3.507347333,1,0
3.507348333,0,0
3.507350292,1,0
3.507351292,1,1
3.507354417,1,0
3.507355375,0,0
3.507357500,1,0
3.507358500,0,0
3.507360583,1,0
3.507361625,0,0
3.507362667,0,1
3.507363708,1,1
3.507364708,0,1
3.507365750,0,0
3.507366833,1,0
3.507367792,0,0
3.507369917,1,0
3.507370917,0,0
3.507373000,1,0
3.507374000,0,0
3.507375083,0,1
3.507376125,1,1
3.507377125,0,1
3.507378208,0,0
3.507379208,1,0
3.507380208,0,0
3.507382333,1,0
3.507383333,0,0
3.507385417,1,0
3.507386417,0,0
3.507388500,1,0
3.507389542,0,0
3.507391625,1,0
3.507392625,0,0
3.507394708,1,0
3.507395708,0,0
3.507397833,1,0
3.507398833,0,0
3.507400917,1,0
3.507401917,0,0
3.507404042,1,0
3.507405042,0,0
3.507407125,1,0
3.507408167,0,0
3.507410250,1,0
3.507411250,0,0
3.507413333,1,0
3.507414333,0,0
3.507416458,1,0
3.507417458,0,0
3.507419542,1,0
3.507420542,0,0
3.507422667,1,0
3.507423667,0,0
3.507425750,1,0
3.507426750,0,0
3.507428875,1,0
3.507429875,0,0
3.507431958,1,0
3.507432958,0,0
3.507435083,1,0
3.507436083,0,0
3.507438167,1,0
3.507439167,0,0
3.507441292,1,0
3.507442292,0,0
3.507444375,1,0
3.507445375,0,0
3.507447500,1,0
3.507448500,0,0
3.507450583,1,0
3.507451583,0,0
3.507453708,1,0
3.507454708,0,0
3.507456792,1,0
3.507457792,0,0
3.507459875,1,0
3.507460875,0,0
3.507463000,1,0
3.507464000,0,0
3.507466083,1,0
3.507467083,0,0
3.507469208,1,0
3.507470208,0,0
3.507472292,1,0
3.507473292,0,0
3.507475417,1,0
3.507476417,0,0
3.507478542,1,0
3.507479542,0,0
3.507480542,0,1
3.507481625,1,1
3.507482625,0,1
3.507483875,1,1
3.507484875,0,1
3.507487042,1,1
3.507488083,0,1
3.507489125,1,1
3.507490208,0,1
3.507491250,1,1
3.507492292,0,1
3.507493333,1,1
3.507494417,0,1
3.507495458,1,1
3.507496542,0,0
3.507497583,1,0
3.507498667,0,0
3.507499083,0,1
3.507499708,1,1
3.507500750,0,1
3.507501917,1,1
3.507503000,0,1
3.507504042,1,1
3.507505083,0,1
3.507506125,1,1
3.507507083,0,1
3.507508125,1,1
3.507509208,0,1
3.507510208,1,1
3.507511333,0,1
3.507512333,1,1
3.507513417,0,1
3.507514458,1,1
3.507515542,0,1
3.507516542,1,1
3.507517625,0,1
3.507518667,1,1
3.507519750,0,1
3.507520750,1,1
3.507521875,0,1
3.507522875,1,1
3.507523958,0,1
3.507525000,1,1
3.507526083,0,1
3.507527083,1,1
3.507528208,0,1
3.507529208,1,1
3.507530292,0,1
3.507531333,1,1
3.507532417,0,1
3.507533417,1,1
3.507534542,0,1
3.507535542,1,1
3.507536625,0,1
3.507537667,1,1
3.507538750,0,1
3.507539750,1,1
3.507540833,0,1
3.507541875,1,1
3.507542958,0,1
3.507543958,1,1
3.507545083,0,1
3.507546083,1,1
3.507547167,0,1
3.507548208,1,1
3.507549292,0,1
3.507550292,1,1
3.507551417,0,1
3.507552417,1,1
3.507553500,0,1
3.507554542,1,1
3.507555625,0,1
3.507556625,1,1
3.507557750,0,1
3.507558750,1,1
3.507559833,0,1
3.507560875,1,1
3.507561958,0,1
3.507562958,1,1
3.507564042,0,1
3.507565083,1,1
3.507566167,0,1
3.507567167,1,1
3.507568292,0,1
3.507569500,1,1
3.507570500,0,1
3.507571583,1,1
3.507572625,0,1
3.507574708,1,1
3.507575750,1,0
3.507576708,0,0
3.507578708,1,0
3.507579667,1,1
3.507582792,1,0
3.507583792,0,0
3.507585875,1,0
3.507586875,0,0
3.507589000,1,0
3.507590000,0,0
3.507591042,0,1
3.507592083,1,1
3.507593083,0,1
3.507594167,0,0
3.507595208,1,0
3.507596167,0,0
3.507598292,1,0
3.507599292,0,0
3.507601375,1,0
3.507602417,0,0
3.507603458,0,1
3.507604500,1,1
3.507605500,0,1
3.507606583,0,0
3.507607583,1,0
3.507608583,0,0
3.507610708,1,0
3.507611708,0,0
3.507613792,1,0
3.507614792,0,0
3.507616917,1,0
3.507617917,0,0
3.507620000,1,0
3.507621000,0,0
3.507623125,1,0
3.507624125,0,0
3.507626208,1,0
3.507627208,0,0
3.507629292,1,0
3.507630333,0,0
3.507632417,1,0
3.507633417,0,0
3.507635500,1,0
3.507636542,0,0
3.507638625,1,0
3.507639625,0,0
3.507641708,1,0
3.507642750,0,0
3.507644833,1,0
3.507645833,0,0
3.507647917,1,0
3.507648917,0,0
3.507651042,1,0
3.507652042,0,0
3.507654125,1,0
3.507655125,0,0
3.507657250,1,0
3.507658250,0,0
3.507660333,1,0
3.507661333,0,0
3.507663458,1,0
3.507664458,0,0
3.507666542,1,0
3.507667542,0,0
3.507669667,1,0
3.507670667,0,0
3.507672750,1,0
3.507673750,0,0
3.507675875,1,0
3.507676875,0,0
3.507678958,1,0
3.507679958,0,0
3.507682083,1,0
3.507683083,0,0
3.507685167,1,0
3.507686167,0,0
3.507688292,1,0
3.507689292,0,0
3.507691375,1,0
3.507692375,0,0
3.507694500,1,0
3.507695500,0,0
3.507697583,1,0
3.507698583,0,0
3.507700667,1,0
3.507701708,0,0
3.507703792,1,0
3.507704792,0,0
3.507706917,1,0
3.507707917,0,0
3.507708917,0,1
3.507710042,1,1
3.507711042,0,1
3.507712250,1,1
3.507713250,0,1
3.507715417,1,1
3.507716458,0,1
3.507717500,1,1
3.507718583,0,1
3.507719625,1,1
3.507720667,0,1
3.507721708,1,1
3.507722833,0,1
3.507723875,1,1
3.507724917,0,0
3.507725958,1,0
3.507727042,0,0
3.507727333,0,1
3.507728083,1,1
3.507729125,0,1
3.507730292,1,1
3.507731375,0,1
3.507732417,1,1
3.507733458,0,1
3.507734500,1,1
3.507735458,0,1
3.507736500,1,1
3.507737583,0,1
3.507738625,1,1
3.507739708,0,1
3.507740708,1,1
3.507741792,0,1
3.507742833,1,1
3.507743917,0,1
3.507744958,1,1
3.507746042,0,1
3.507747042,1,1
3.507748125,0,1
3.507749167,1,1
3.507750250,0,1
3.507751292,1,1
3.507752375,0,1
3.507753375,1,1
3.507754458,0,1
3.507755500,1,1
3.507756583,0,1
3.507757583,1,1
3.507758708,0,1
3.507759708,1,1
3.507760792,0,1
3.507761833,1,1
3.507762917,0,1
3.507763917,1,1
3.507765042,0,1
3.507766042,1,1
3.507767125,0,1
3.507768167,1,1
3.507769250,0,1
3.507770250,1,1
3.507771375,0,1
3.507772375,1,1
3.507773458,0,1
3.507774500,1,1
3.507775583,0,1
3.507776583,1,1
3.507777708,0,1
3.507778708,1,1
3.507779792,0,1
3.507780833,1,1
3.507781917,0,1
3.507782917,1,1
3.507784000,0,1
3.507785042,1,1
3.507786125,0,1
3.507787167,1,1
3.507788250,0,1
3.507789250,1,1
3.507790333,0,1
3.507791375,1,1
3.507792458,0,1
3.507793500,1,1
3.507794583,0,1
3.507795583,1,1
3.507796667,0,1
3.507797875,1,1
3.507798917,0,1
3.507800000,1,1
3.507801000,0,1
3.507803125,1,1
3.507804125,1,0
3.507805125,0,0
3.507807083,1,0
3.507808083,1,1
3.507811208,1,0
3.507812167,0,0
3.507814292,1,0
3.507815292,0,0
3.507817375,1,0
3.507818417,0,0
3.507819458,0,1
3.507820500,1,1
3.507821500,0,1
3.507822542,0,0
3.507823625,1,0
3.507824583,0,0
3.507826708,1,0
3.507827708,0,0
3.507829792,1,0
3.507830833,0,0
3.507831875,0,1
3.507832917,1,1
3.507833917,0,1
3.507835000,0,0
3.507836000,1,0
3.507837000,0,0
3.507839125,1,0
3.507840125,0,0
3.507842208,1,0
3.507843208,0,0
3.507845333,1,0
3.507846333,0,0
3.507848417,1,0
3.507849417,0,0
3.507851500,1,0
3.507852542,0,0
3.507854625,1,0
3.507855625,0,0
3.507857708,1,0
3.507858708,0,0
3.507860833,1,0
3.507861833,0,0
3.507863917,1,0
3.507864917,0,0
3.507867042,1,0
3.507868042,0,0
3.507870125,1,0
3.507871125,0,0
3.507873250,1,0
3.507874250,0,0
3.507876333,1,0
3.507877333,0,0
3.507879458,1,0
3.507880458,0,0
3.507882542,1,0
3.507883542,0,0
3.507885667,1,0
3.507886667,0,0
3.507888750,1,0
3.507889750,0,0
3.507891833,1,0
3.507892875,0,0
3.507894958,1,0
3.507895958,0,0
3.507898042,1,0
3.507899042,0,0
3.507901167,1,0
3.507902167,0,0
3.507904250,1,0
3.507905250,0,0
3.507907375,1,0
3.507908375,0,0
3.507910458,1,0
3.507911458,0,0
3.507913583,1,0
3.507914583,0,0
3.507916667,1,0
3.507917667,0,0
3.507919792,1,0
3.507920792,0,0
3.507922875,1,0
3.507923875,0,0
3.507926000,1,0
3.507927000,0,0
3.507929083,1,0
3.507930083,0,0
3.507932208,1,0
3.507933208,0,0
3.507935333,1,0
3.507936333,0,0
3.507937333,0,1
3.507938417,1,1
3.507939417,0,1
3.507940667,1,1
3.507941667,0,1
3.507943833,1,1
3.507944875,0,1
3.507945917,1,1
3.507947000,0,1
3.507948042,1,1
3.507949083,0,1
3.507950125,1,1
3.507951208,0,1
3.507952250,1,1
3.507953333,0,0
3.507954375,1,0
3.507955458,0,0
3.507955750,0,1
3.507956500,1,1
3.507957542,0,1
3.507958708,1,1
3.507959792,0,1
3.507960833,1,1
3.507961875,0,1
3.507962917,1,1
3.507963875,0,1
3.507964917,1,1
3.507966000,0,1
3.507967000,1,1
3.507968083,0,1
3.507969125,1,1
3.507970208,0,1
3.507971208,1,1
3.507972333,0,1
3.507973333,1,1
3.507974417,0,1
3.507975458,1,1
3.507976542,0,1
3.507977542,1,1
3.507978667,0,1
3.507979667,1,1
3.507980750,0,1
3.507981792,1,1
3.507982875,0,1
3.507983875,1,1
3.507985000,0,1
3.507986000,1,1
3.507987083,0,1
3.507988125,1,1
3.507989208,0,1
3.507990208,1,1
3.507991292,0,1
3.507992333,1,1
3.507993417,0,1
3.507994417,1,1
3.507995542,0,1
3.507996542,1,1
3.507997625,0,1
3.507998667,1,1
3.507999750,0,1
3.508000750,1,1
3.508001875,0,1
3.508002875,1,1
3.508003958,0,1
3.508005000,1,1
3.508006083,0,1
3.508007083,1,1
3.508008208,0,1
3.508009208,1,1
3.508010292,0,1
3.508011333,1,1
3.508012417,0,1
3.508013417,1,1
3.508014500,0,1
3.508015542,1,1
3.508016625,0,1
3.508017667,1,1
3.508018750,0,1
3.508019750,1,1
3.508020875,0,1
3.508021875,1,1
3.508022958,0,1
3.508024000,1,1
3.508025083,0,1
3.508026292,1,1
3.508027292,0,1
3.508028375,1,1
3.508029417,0,1
3.508031500,1,1
3.508032542,1,0
3.508033500,0,0
3.508035500,1,0
3.508036458,1,1
3.508039583,1,0
3.508040583,0,0
3.508042667,1,0
3.508043667,0,0
3.508045792,1,0
3.508046792,0,0
3.508047833,0,1
3.508048875,1,1
3.508049917,0,1
3.508050958,0,0
3.508052000,1,0
3.508053000,0,0
3.508055083,1,0
3.508056083,0,0
3.508058208,1,0
3.508059208,0,0
3.508060250,0,1
3.508061292,1,1
3.508062292,0,1
3.508063375,0,0
3.508064375,1,0
3.508065375,0,0
3.508067500,1,0
3.508068500,0,0
3.508070583,1,0
3.508071583,0,0
3.508073708,1,0
3.508074708,0,0
3.508076792,1,0
3.508077792,0,0
3.508079917,1,0
3.508080917,0,0
3.508083000,1,0
3.508084000,0,0
3.508086125,1,0
3.508087125,0,0
3.508089208,1,0
3.508090208,0,0
3.508092333,1,0
3.508093333,0,0
3.508095417,1,0
3.508096417,0,0
3.508098500,1,0
3.508099500,0,0
3.508101625,1,0
3.508102625,0,0
3.508104708,1,0
3.508105750,0,0
3.508107833,1,0
3.508108833,0,0
3.508110917,1,0
3.508111917,0,0
3.508114042,1,0
3.508115042,0,0
3.508117125,1,0
3.508118125,0,0
3.508120250,1,0
3.508121250,0,0
3.508123333,1,0
3.508124333,0,0
3.508126458,1,0
3.508127458,0,0
3.508129542,1,0
3.508130542,0,0
3.508132667,1,0
3.508133667,0,0
3.508135750,1,0
3.508136750,0,0
3.508138875,1,0
3.508139875,0,0
3.508141958,1,0
3.508142958,0,0
3.508145083,1,0
3.508146083,0,0
3.508148167,1,0
3.508149167,0,0
3.508151292,1,0
3.508152292,0,0
3.508154375,1,0
3.508155375,0,0
3.508157500,1,0
3.508158500,0,0
3.508160583,1,0
3.508161583,0,0
3.508163708,1,0
3.508164708,0,0
3.508165708,0,1
3.508166833,1,1
3.508167833,0,1
3.508169042,1,1
3.508170042,0,1
3.508172208,1,1
3.508173292,0,1
3.508174292,1,1
3.508175375,0,1
3.508176417,1,1
3.508177500,0,1
3.508178500,1,1
3.508179625,0,1
3.508180667,1,1
3.508181708,0,0
3.508182750,1,0
3.508183833,0,0
3.508184250,0,1
3.508184875,1,1
3.508185917,0,1
3.508187083,1,1
3.508188167,0,1
3.508189208,1,1
3.508190292,0,1
3.508191292,1,1
3.508192292,0,1
3.508193292,1,1
3.508194375,0,1
3.508195417,1,1
3.508196500,0,1
3.508197500,1,1
3.508198583,0,1
3.508199625,1,1
3.508200708,0,1
3.508201750,1,1
3.508202833,0,1
3.508203833,1,1
3.508204917,0,1
3.508205958,1,1
3.508207042,0,1
3.508208083,1,1
3.508209167,0,1
3.508210167,1,1
3.508211250,0,1
3.508212292,1,1
3.508213375,0,1
3.508214375,1,1
3.508215500,0,1
3.508216500,1,1
3.508217583,0,1
3.508218625,1,1
3.508219708,0,1
3.508220708,1,1
3.508221833,0,1
3.508222833,1,1
3.508223917,0,1
3.508224958,1,1
3.508226042,0,1
3.508227042,1,1
3.508228125,0,1
3.508229167,1,1
3.508230250,0,1
3.508231292,1,1
3.508232375,0,1
3.508233375,1,1
3.508234500,0,1
3.508235500,1,1
3.508236583,0,1
3.508237625,1,1
3.508238708,0,1
3.508239708,1,1
3.508240792,0,1
3.508241833,1,1
3.508242917,0,1
3.508243958,1,1
3.508245042,0,1
3.508246042,1,1
3.508247125,0,1
3.508248167,1,1
3.508249250,0,1
3.508250292,1,1
3.508251375,0,1
3.508252375,1,1
3.508253458,0,1
3.508254667,1,1
3.508255708,0,1
3.508256792,1,1
3.508257792,0,1
3.508259917,1,1
3.508260917,1,0
3.508261917,0,0
3.508263917,1,0
3.508264875,1,1
3.508268000,1,0
3.508268958,0,0
3.508271083,1,0
3.508272083,0,0
3.508274167,1,0
3.508275208,0,0
3.508276250,0,1
3.508277292,1,1
3.508278292,0,1
3.508279375,0,0
3.508280417,1,0
3.508281375,0,0
3.508283500,1,0
3.508284500,0,0
3.508286583,1,0
3.508287625,0,0
3.508288667,0,1
3.508289708,1,1
3.508290708,0,1
3.508291792,0,0
3.508292792,1,0
3.508293792,0,0
3.508295917,1,0
3.508296917,0,0
3.508299000,1,0
3.508300000,0,0
3.508302125,1,0
3.508303125,0,0
3.508305208,1,0
3.508306208,0,0
3.508308333,1,0
3.508309333,0,0
3.508311417,1,0
3.508312417,0,0
3.508314542,1,0
3.508315542,0,0
3.508317625,1,0
3.508318625,0,0
3.508320750,1,0
3.508321750,0,0
3.508323833,1,0
3.508324833,0,0
3.508326958,1,0
3.508327958,0,0
3.508330042,1,0
3.508331042,0,0
3.508333125,1,0
3.508334125,0,0
3.508336250,1,0
3.508337250,0,0
3.508339333,1,0
3.508340333,0,0
3.508342458,1,0
3.508343458,0,0
3.508345542,1,0
3.508346542,0,0
3.508348667,1,0
3.508349667,0,0
3.508351750,1,0
3.508352750,0,0
3.508354875,1,0
3.508355875,0,0
3.508357958,1,0
3.508358958,0,0
3.508361083,1,0
3.508362083,0,0
3.508364167,1,0
3.508365167,0,0
3.508367292,1,0
3.508368292,0,0
3.508370375,1,0
3.508371375,0,0
3.508373500,1,0
3.508374500,0,0
3.508376583,1,0
3.508377583,0,0
3.508379667,1,0
3.508380708,0,0
3.508382792,1,0
3.508383792,0,0
3.508385875,1,0
3.508386917,0,0
3.508389000,1,0
3.508390000,0,0
3.508392125,1,0
3.508393125,0,0
3.508394125,0,1
3.508395250,1,1
3.508396250,0,1
3.508397458,1,1
3.508398458,0,1
3.508400625,1,1
3.508401667,0,1
3.508402708,1,1
3.508403792,0,1
3.508404833,1,1
3.508405875,0,1
3.508406917,1,1
3.508408000,0,1
3.508409042,1,1
3.508410125,0,0
3.508411167,1,0
3.508412250,0,0
3.508412583,0,1
3.508413292,1,1
3.508414333,0,1
3.508415500,1,1
3.508416583,0,1
3.508417625,1,1
3.508418667,0,1
3.508419708,1,1
3.508420667,0,1
3.508421708,1,1
3.508422792,0,1
3.508423792,1,1
3.508424917,0,1
3.508425917,1,1
3.508427000,0,1
3.508428042,1,1
3.508429125,0,1
3.508430125,1,1
3.508431208,0,1
3.508432250,1,1
3.508433333,0,1
3.508434375,1,1
3.508435458,0,1
3.508436458,1,1
3.508437542,0,1
3.508438583,1,1
3.508439667,0,1
3.508440667,1,1
3.508441792,0,1
3.508442792,1,1
3.508443875,0,1
3.508444917,1,1
3.508446000,0,1
3.508447000,1,1
3.508448125,0,1
3.508449125,1,1
3.508450208,0,1
3.508451250,1,1
3.508452333,0,1
3.508453333,1,1
3.508454417,0,1
3.508455458,1,1
3.508456542,0,1
3.508457542,1,1
3.508458667,0,1
3.508459667,1,1
3.508460750,0,1
3.508461792,1,1
3.508462875,0,1
3.508463875,1,1
3.508465000,0,1
3.508466000,1,1
3.508467083,0,1
3.508468125,1,1
3.508469208,0,1
3.508470208,1,1
3.508471333,0,1
3.508472333,1,1
3.508473417,0,1
3.508474458,1,1
3.508475542,0,1
3.508476542,1,1
3.508477667,0,1
3.508478667,1,1
3.508479750,0,1
3.508480792,1,1
3.508481875,0,1
3.508483083,1,1
3.508484083,0,1
3.508485167,1,1
3.508486208,0,1
3.508488292,1,1
3.508489333,1,0
3.508490292,0,0
3.508492292,1,0
3.508493250,1,1
3.508496375,1,0
3.508497375,0,0
3.508499458,1,0
3.508500458,0,0
3.508502583,1,0
3.508503583,0,0
3.508504625,0,1
3.508505667,1,1
3.508506667,0,1
3.508507750,0,0
3.508508792,1,0
3.508509750,0,0
3.508511875,1,0
3.508512875,0,0
3.508514958,1,0
3.508516000,0,0
3.508517042,0,1
3.508518083,1,1
3.508519083,0,1
3.508520167,0,0
3.508521167,1,0
3.508522167,0,0
3.508524292,1,0
3.508525292,0,0
3.508527375,1,0
3.508528375,0,0
3.508530500,1,0
3.508531500,0,0
3.508533583,1,0
3.508534583,0,0
3.508536667,1,0
3.508537708,0,0
3.508539792,1,0
3.508540792,0,0
3.508542875,1,0
3.508543875,0,0
3.508546000,1,0
3.508547000,0,0
3.508549083,1,0
3.508550083,0,0
3.508552208,1,0
3.508553208,0,0
3.508555292,1,0
3.508556292,0,0
3.508558417,1,0
3.508559417,0,0
3.508561500,1,0
3.508562500,0,0
3.508564625,1,0
3.508565625,0,0
3.508567708,1,0
3.508568708,0,0
3.508570792,1,0
3.508571833,0,0
3.508573917,1,0
3.508574917,0,0
3.508577000,1,0
3.508578042,0,0
3.508580125,1,0
3.508581125,0,0
3.508583208,1,0
3.508584208,0,0
3.508586333,1,0
3.508587333,0,0
3.508589417,1,0
3.508590417,0,0
3.508592542,1,0
3.508593542,0,0
3.508595625,1,0
3.508596625,0,0
3.508598750,1,0
3.508599750,0,0
3.508601833,1,0
3.508602833,0,0
3.508604958,1,0
3.508605958,0,0
3.508608042,1,0
3.508609042,0,0
3.508611125,1,0
3.508612125,0,0
3.508614250,1,0
3.508615250,0,0
3.508617333,1,0
3.508618333,0,0
3.508620500,1,0
3.508621458,0,0
3.508622500,0,1
3.508623583,1,1
3.508624583,0,1
3.508625792,1,1
3.508626833,0,1
3.508628958,1,1
3.508630042,0,1
3.508631083,1,1
3.508632125,0,1
3.508633167,1,1
3.508634250,0,1
3.508635292,1,1
3.508636375,0,1
3.508637417,1,1
3.508638458,0,1
3.508638500,0,0
3.508639542,1,0
3.508640583,0,0
3.508640875,0,1
3.508641625,1,1
3.508642708,0,1
3.508643875,1,1
3.508644917,0,1
3.508645958,1,1
3.508647042,0,1
3.508648042,1,1
3.508649042,0,1
3.508650042,1,1
3.508651125,0,1
3.508652167,1,1
3.508653250,0,1
3.508654250,1,1
3.508655375,0,1
3.508656375,1,1
3.508657458,0,1
3.508658500,1,1
3.508659583,0,1
3.508660583,1,1
3.508661708,0,1
3.508662708,1,1
3.508663792,0,1
3.508664833,1,1
3.508665917,0,1
3.508666917,1,1
3.508668042,0,1
3.508669042,1,1
3.508670125,0,1
3.508671167,1,1
3.508672250,0,1
3.508673250,1,1
3.508674333,0,1
3.508675375,1,1
3.508676458,0,1
3.508677500,1,1
3.508678583,0,1
3.508679583,1,1
3.508680667,0,1
3.508681708,1,1
3.508682792,0,1
3.508683833,1,1
3.508684917,0,1
3.508685917,1,1
3.508687000,0,1
3.508688042,1,1
3.508689125,0,1
3.508690125,1,1
3.508691250,0,1
3.508692250,1,1
3.508693333,0,1
3.508694375,1,1
3.508695458,0,1
3.508696458,1,1
3.508697542,0,1
3.508698583,1,1
3.508699667,0,1
3.508700708,1,1
3.508701792,0,1
3.508702792,1,1
3.508703875,0,1
3.508704917,1,1
3.508706000,0,1
3.508707000,1,1
3.508708125,0,1
3.508709125,1,1
3.508710208,0,1
3.508711417,1,1
3.508712458,0,1
3.508713542,1,1
3.508714542,0,1
3.508716667,1,1
3.508717667,1,0
3.508718667,0,0
3.508720625,1,0
3.508721625,1,1
3.508724750,1,0
3.508725708,0,0
3.508727833,1,0
3.508728833,0,0
3.508730917,1,0
3.508731917,0,0
3.508733000,0,1
3.508734042,1,1
3.508735042,0,1
3.508736083,0,0
3.508737125,1,0
3.508738125,0,0
3.508740208,1,0
3.508741250,0,0
3.508743333,1,0
3.508744333,0,0
3.508745417,0,1
3.508746458,1,1
3.508747458,0,1
3.508748542,0,0
3.508749542,1,0
3.508750542,0,0
3.508752625,1,0
3.508753625,0,0
3.508755750,1,0
3.508756750,0,0
3.508758833,1,0
3.508759833,0,0
3.508761958,1,0
3.508762958,0,0
3.508765042,1,0
3.508766042,0,0
3.508768125,1,0
3.508769167,0,0
3.508771250,1,0
3.508772250,0,0
3.508774333,1,0
3.508775333,0,0
3.508777458,1,0
3.508778458,0,0
3.508780542,1,0
3.508781542,0,0
3.508783667,1,0
3.508784667,0,0
3.508786750,1,0
3.508787750,0,0
3.508789875,1,0
3.508790875,0,0
3.508792958,1,0
3.508793958,0,0
3.508796083,1,0
3.508797083,0,0
3.508799167,1,0
3.508800167,0,0
3.508802292,1,0
3.508803292,0,0
3.508805375,1,0
3.508806375,0,0
3.508808500,1,0
3.508809500,0,0
3.508811583,1,0
3.508812583,0,0
3.508814708,1,0
3.508815708,0,0
3.508817792,1,0
3.508818792,0,0
3.508820917,1,0
3.508821917,0,0
3.508824000,1,0
3.508825000,0,0
3.508827083,1,0
3.508828083,0,0
3.508830208,1,0
3.508831208,0,0
3.508833292,1,0
3.508834333,0,0
3.508836417,1,0
3.508837417,0,0
3.508839500,1,0
3.508840500,0,0
3.508842625,1,0
3.508843625,0,0
3.508845708,1,0
3.508846708,0,0
3.508848833,1,0
3.508849833,0,0
3.508850833,0,1
3.508851958,1,1
3.508852958,0,1
3.508854167,1,1
3.508855167,0,1
3.508857333,1,1
3.508858417,0,1
3.508859458,1,1
3.508860500,0,1
3.508861542,1,1
3.508862583,0,1
3.508863625,1,1
3.508864750,0,1
3.508865792,1,1
3.508866833,0,0
3.508867875,1,0
3.508868958,0,0
3.508869292,0,1
3.508870000,1,1
3.508871042,0,1
3.508872208,1,1
3.508873292,0,1
3.508874333,1,1
3.508875417,0,1
3.508876417,1,1
3.508877417,0,1
3.508878417,1,1
3.508879500,0,1
3.508880542,1,1
3.508881625,0,1
3.508882625,1,1
3.508883708,0,1
3.508884750,1,1
3.508885833,0,1
3.508886875,1,1
3.508887958,0,1
3.508888958,1,1
3.508890042,0,1
3.508891083,1,1
3.508892167,0,1
3.508893167,1,1
3.508894292,0,1
3.508895292,1,1
3.508896375,0,1
3.508897417,1,1
3.508898500,0,1
3.508899500,1,1
3.508900625,0,1
3.508901625,1,1
3.508902708,0,1
3.508903750,1,1
3.508904833,0,1
3.508905833,1,1
3.508906958,0,1
3.508907958,1,1
3.508909042,0,1
3.508910083,1,1
3.508911167,0,1
3.508912167,1,1
3.508913292,0,1
3.508914292,1,1
3.508915375,0,1
3.508916417,1,1
3.508917500,0,1
3.508918500,1,1
3.508919625,0,1
3.508920625,1,1
3.508921708,0,1
3.508922750,1,1
3.508923833,0,1
3.508924833,1,1
3.508925958,0,1
3.508926958,1,1
3.508928042,0,1
3.508929083,1,1
3.508930167,0,1
3.508931167,1,1
3.508932250,0,1
3.508933292,1,1
3.508934375,0,1
3.508935375,1,1
3.508936500,0,1
3.508937500,1,1
3.508938583,0,1
3.508939792,1,1
3.508940833,0,1
3.508941917,1,1
3.508942917,0,1
3.508945042,1,1
3.508946042,1,0
3.508947042,0,0
3.508949000,1,0
3.508950000,1,1
3.508953125,1,0
3.508954083,0,0
3.508956208,1,0
3.508957208,0,0
3.508959292,1,0
3.508960333,0,0
3.508961375,0,1
3.508962417,1,1
3.508963417,0,1
3.508964458,0,0
3.508965542,1,0
3.508966500,0,0
3.508968583,1,0
3.508969625,0,0
3.508971708,1,0
3.508972708,0,0
3.508973792,0,1
3.508974833,1,1
3.508975833,0,1
3.508976917,0,0
3.508977917,1,0
3.508978917,0,0
3.508981000,1,0
3.508982042,0,0
3.508984125,1,0
3.508985125,0,0
3.508987208,1,0
3.508988208,0,0
3.508990333,1,0
3.508991333,0,0
3.508993417,1,0
3.508994417,0,0
3.508996542,1,0
3.508997542,0,0
3.508999625,1,0
3.509000625,0,0
3.509002750,1,0
3.509003750,0,0
3.509005833,1,0
3.509006833,0,0
3.509008958,1,0
3.509009958,0,0
3.509012042,1,0
3.509013042,0,0
3.509015167,1,0
3.509016167,0,0
3.509018250,1,0
3.509019250,0,0
3.509021375,1,0
3.509022375,0,0
3.509024458,1,0
3.509025458,0,0
3.509027583,1,0
3.509028583,0,0
3.509030667,1,0
3.509031667,0,0
3.509033792,1,0
3.509034792,0,0
3.509036875,1,0
3.509037875,0,0
3.509039958,1,0
3.509041000,0,0
3.509043083,1,0
3.509044083,0,0
3.509046167,1,0
3.509047208,0,0
3.509049292,1,0
3.509050292,0,0
3.509052375,1,0
3.509053375,0,0
3.509055500,1,0
3.509056500,0,0
3.509058583,1,0
3.509059583,0,0
3.509061708,1,0
3.509062708,0,0
3.509064792,1,0
3.509065792,0,0
3.509067917,1,0
3.509068917,0,0
3.509071000,1,0
3.509072000,0,0
3.509074125,1,0
3.509075125,0,0
3.509077250,1,0
3.509078208,0,0
3.509079250,0,1
3.509080333,1,1
3.509081333,0,1
3.509082583,1,1
3.509083583,0,1
3.509085750,1,1
3.509086792,0,1
3.509087833,1,1
3.509088917,0,1
3.509089917,1,1
3.509091000,0,1
3.509092042,1,1
3.509093125,0,1
3.509094167,1,1
3.509095250,0,0
3.509096292,1,0
3.509097333,0,0
3.509097750,0,1
3.509098375,1,1
3.509099458,0,1
3.509100625,1,1
3.509101667,0,1
3.509102708,1,1
3.509103792,0,1
3.509104792,1,1
3.509105792,0,1
3.509106792,1,1
3.509107917,0,1
3.509108917,1,1
3.509110000,0,1
3.509111042,1,1
3.509112125,0,1
3.509113125,1,1
3.509114250,0,1
3.509115250,1,1
3.509116333,0,1
3.509117375,1,1
3.509118458,0,1
3.509119458,1,1
3.509120542,0,1
3.509121583,1,1
3.509122667,0,1
3.509123667,1,1
3.509124792,0,1
3.509125792,1,1
3.509126875,0,1
3.509127917,1,1
3.509129000,0,1
3.509130000,1,1
3.509131125,0,1
3.509132125,1,1
3.509133208,0,1
3.509134250,1,1
3.509135333,0,1
3.509136333,1,1
3.509137458,0,1
3.509138458,1,1
3.509139542,0,1
3.509140583,1,1
3.509141667,0,1
3.509142667,1,1
3.509143750,0,1
3.509144792,1,1
3.509145875,0,1
3.509146917,1,1
3.509148000,0,1
3.509149000,1,1
3.509150083,0,1
3.509151125,1,1
3.509152208,0,1
3.509153250,1,1
3.509154333,0,1
3.509155333,1,1
3.509156417,0,1
3.509157458,1,1
3.509158542,0,1
3.509159542,1,1
3.509160667,0,1
3.509161667,1,1
3.509162750,0,1
3.509163792,1,1
3.509164875,0,1
3.509165875,1,1
3.509167000,0,1
3.509168167,1,1
3.509169208,0,1
3.509170292,1,1
3.509171292,0,1
3.509173417,1,1
3.509174417,1,0
3.509175417,0,0
3.509177375,1,0
3.509178375,1,1
3.509181500,1,0
3.509182458,0,0
3.509184583,1,0
3.509185583,0,0
3.509187667,1,0
3.509188708,0,0
3.509189750,0,1
3.509190792,1,1
3.509191792,0,1
3.509192833,0,0
3.509193917,1,0
3.509194875,0,0
3.509197000,1,0
3.509198000,0,0
3.509200083,1,0
3.509201083,0,0
3.509202167,0,1
3.509203208,1,1
3.509204208,0,1
3.509205292,0,0
3.509206292,1,0
3.509207292,0,0
3.509209375,1,0
3.509210375,0,0
3.509212500,1,0
3.509213500,0,0
3.509215583,1,0
3.509216583,0,0
3.509218708,1,0
3.509219708,0,0
3.509221792,1,0
3.509222792,0,0
3.509224917,1,0
3.509225917,0,0
3.509228000,1,0
3.509229000,0,0
3.509231125,1,0
3.509232125,0,0
3.509234208,1,0
3.509235208,0,0
3.509237333,1,0
3.509238333,0,0
3.509240417,1,0
3.509241417,0,0
3.509243542,1,0
3.509244542,0,0
3.509246625,1,0
3.509247625,0,0
3.509249708,1,0
3.509250750,0,0
3.509252833,1,0
3.509253833,0,0
3.509255917,1,0
3.509256958,0,0
3.509259042,1,0
3.509260042,0,0
3.509262125,1,0
3.509263125,0,0
3.509265250,1,0
3.509266250,0,0
3.509268333,1,0
3.509269333,0,0
3.509271458,1,0
3.509272458,0,0
3.509274542,1,0
3.509275542,0,0
3.509277667,1,0
3.509278667,0,0
3.509280750,1,0
3.509281750,0,0
3.509283875,1,0
3.509284875,0,0
3.509286958,1,0
3.509287958,0,0
3.509290042,1,0
3.509291042,0,0
3.509293167,1,0
3.509294167,0,0
3.509296250,1,0
3.509297250,0,0
3.509299375,1,0
3.509300375,0,0
3.509302458,1,0
3.509303458,0,0
3.509305583,1,0
3.509306583,0,0
3.509307625,0,1
3.509308708,1,1
3.509309708,0,1
3.509310917,1,1
3.509311917,0,1
3.509314083,1,1
3.509315167,0,1
3.509316167,1,1
3.509317250,0,1
3.509318292,1,1
3.509319333,0,1
3.509320375,1,1
3.509321500,0,1
3.509322542,1,1
3.509323583,0,0
3.509324625,1,0
3.509325708,0,0
3.509326000,0,1
3.509326750,1,1
3.509327792,0,1
3.509328958,1,1
3.509330042,0,1
3.509331083,1,1
3.509332125,0,1
3.509333167,1,1
3.509334125,0,1
3.509335167,1,1
3.509336250,0,1
3.509337250,1,1
3.509338375,0,1
3.509339375,1,1
3.509340458,0,1
3.509341500,1,1
3.509342583,0,1
3.509343583,1,1
3.509344667,0,1
3.509345708,1,1
3.509346792,0,1
3.509347833,1,1
3.509348917,0,1
3.509349917,1,1
3.509351000,0,1
3.509352042,1,1
3.509353125,0,1
3.509354125,1,1
3.509355250,0,1
3.509356250,1,1
3.509357333,0,1
3.509358375,1,1
3.509359458,0,1
3.509360458,1,1
3.509361542,0,1
3.509362583,1,1
3.509363667,0,1
3.509364708,1,1
3.509365792,0,1
3.509366792,1,1
3.509367875,0,1
3.509368917,1,1
3.509370000,0,1
3.509371000,1,1
3.509372125,0,1
3.509373125,1,1
3.509374208,0,1
3.509375250,1,1
3.509376333,0,1
3.509377333,1,1
3.509378458,0,1
3.509379458,1,1
3.509380542,0,1
3.509381583,1,1
3.509382667,0,1
3.509383667,1,1
3.509384792,0,1
3.509385792,1,1
3.509386875,0,1
3.509387917,1,1
3.509389000,0,1
3.509390000,1,1
3.509391125,0,1
3.509392125,1,1
3.509393208,0,1
3.509394250,1,1
3.509395333,0,1
3.509396542,1,1
3.509397542,0,1
3.509398625,1,1
3.509399667,0,1
3.509401750,1,1
3.509402792,1,0
3.509403750,0,0
3.509405750,1,0
3.509406708,1,1
3.509409833,1,0
3.509410833,0,0
3.509412917,1,0
3.509413917,0,0
3.509416042,1,0
3.509417042,0,0
3.509418083,0,1
3.509419125,1,1
3.509420125,0,1
3.509421208,0,0
3.509422250,1,0
3.509423208,0,0
3.509425333,1,0
3.509426333,0,0
3.509428417,1,0
3.509429458,0,0
3.509430500,0,1
3.509431542,1,1
3.509432542,0,1
3.509433625,0,0
3.509434625,1,0
3.509435625,0,0
3.509437750,1,0
3.509438750,0,0
3.509440833,1,0
3.509441833,0,0
3.509443958,1,0
3.509444958,0,0
3.509447042,1,0
3.509448042,0,0
3.509450167,1,0
3.509451167,0,0
3.509453250,1,0
3.509454250,0,0
3.509456333,1,0
3.509457333,0,0
3.509459458,1,0
3.509460458,0,0
3.509462542,1,0
3.509463542,0,0
3.509465667,1,0
3.509466667,0,0
3.509468750,1,0
3.509469750,0,0
3.509471875,1,0
3.509472875,0,0
3.509474958,1,0
3.509475958,0,0
3.509478083,1,0
3.509479083,0,0
3.509481167,1,0
3.509482167,0,0
3.509484292,1,0
3.509485292,0,0
3.509487375,1,0
3.509488375,0,0
3.509490500,1,0
3.509491500,0,0
3.509493583,1,0
3.509494583,0,0
3.509496708,1,0
3.509497708,0,0
3.509499792,1,0
3.509500792,0,0
3.509502917,1,0
3.509503917,0,0
3.509506000,1,0
3.509507000,0,0
3.509509083,1,0
3.509510125,0,0
3.509512208,1,0
3.509513208,0,0
3.509515292,1,0
3.509516333,0,0
3.509518417,1,0
3.509519417,0,0
3.509521500,1,0
3.509522500,0,0
3.509524625,1,0
3.509525625,0,0
3.509527708,1,0
3.509528708,0,0
3.509530833,1,0
3.509531833,0,0
3.509533958,1,0
3.509534958,0,0
3.509535958,0,1
3.509537042,1,1
3.509538042,0,1
3.509539292,1,1
3.509540292,0,1
3.509542458,1,1
3.509543500,0,1
3.509544542,1,1
3.509545625,0,1
3.509546667,1,1
3.509547708,0,1
3.509548750,1,1
3.509549833,0,1
3.509550875,1,1
3.509551958,0,0
3.509553000,1,0
3.509554083,0,0
3.509554417,0,1
3.509555083,1,1
3.509556167,0,1
3.509557333,1,1
3.509558417,0,1
3.509559458,1,1
3.509560500,0,1
3.509561542,1,1
3.509562500,0,1
3.509563542,1,1
3.509564625,0,1
3.509565625,1,1
3.509566708,0,1
3.509567750,1,1
3.509568833,0,1
3.509569833,1,1
3.509570958,0,1
3.509571958,1,1
3.509573042,0,1
3.509574083,1,1
3.509575167,0,1
3.509576167,1,1
3.509577292,0,1
3.509578292,1,1
3.509579375,0,1
3.509580417,1,1
3.509581500,0,1
3.509582500,1,1
3.509583625,0,1
3.509584625,1,1
3.509585708,0,1
3.509586750,1,1
3.509587833,0,1
3.509588833,1,1
3.509589917,0,1
3.509590958,1,1
3.509592042,0,1
3.509593083,1,1
3.509594167,0,1
3.509595167,1,1
3.509596250,0,1
3.509597292,1,1
3.509598375,0,1
3.509599375,1,1
3.509600500,0,1
3.509601500,1,1
3.509602583,0,1
3.509603625,1,1
3.509604708,0,1
3.509605708,1,1
3.509606833,0,1
3.509607833,1,1
3.509608917,0,1
3.509609958,1,1
3.509611042,0,1
3.509612042,1,1
3.509613125,0,1
3.509614167,1,1
3.509615250,0,1
3.509616292,1,1
3.509617375,0,1
3.509618375,1,1
3.509619458,0,1
3.509620500,1,1
3.509621583,0,1
3.509622625,1,1
3.509623708,0,1
3.509624917,1,1
3.509625917,0,1
3.509627000,1,1
3.509628042,0,1
3.509630125,1,1
3.509631167,1,0
3.509632125,0,0
3.509634125,1,0
3.509635083,1,1
3.509638208,1,0
3.509639208,0,0
3.509641292,1,0
3.509642292,0,0
3.509644417,1,0
3.509645417,0,0
3.509646458,0,1
3.509647500,1,1
3.509648500,0,1
3.509649583,0,0
3.509650625,1,0
3.509651583,0,0
3.509653708,1,0
3.509654708,0,0
3.509656792,1,0
3.509657833,0,0
3.509658875,0,1
3.509659917,1,1
3.509660917,0,1
3.509662000,0,0
3.509663000,1,0
3.509664000,0,0
3.509666125,1,0
3.509667125,0,0
3.509669208,1,0
3.509670208,0,0
3.509672333,1,0
3.509673333,0,0
3.509675417,1,0
3.509676417,0,0
3.509678500,1,0
3.509679500,0,0
3.509681625,1,0
3.509682625,0,0
3.509684708,1,0
3.509685708,0,0
3.509687833,1,0
3.509688833,0,0
3.509690917,1,0
3.509691917,0,0
3.509694042,1,0
3.509695042,0,0
3.509697125,1,0
3.509698125,0,0
3.509700250,1,0
3.509701250,0,0
3.509703333,1,0
3.509704333,0,0
3.509706458,1,0
3.509707458,0,0
3.509709542,1,0
3.509710542,0,0
3.509712667,1,0
3.509713667,0,0
3.509715750,1,0
3.509716750,0,0
3.509718833,1,0
3.509719833,0,0
3.509721958,1,0
3.509722958,0,0
3.509725042,1,0
3.509726042,0,0
3.509728167,1,0
3.509729167,0,0
3.509731250,1,0
3.509732250,0,0
3.509734375,1,0
3.509735375,0,0
3.509737458,1,0
3.509738458,0,0
3.509740583,1,0
3.509741583,0,0
3.509743667,1,0
3.509744667,0,0
3.509746792,1,0
3.509747792,0,0
3.509749875,1,0
3.509750875,0,0
3.509753000,1,0
3.509754000,0,0
3.509756083,1,0
3.509757083,0,0
3.509759167,1,0
3.509760208,0,0
3.509762333,1,0
3.509763292,0,0
3.509764333,0,1
3.509765417,1,1
3.509766417,0,1
3.509767625,1,1
3.509768667,0,1
3.509770792,1,1
3.509771875,0,1
3.509772917,1,1
3.509773958,0,1
3.509775000,1,1
3.509776083,0,1
3.509777125,1,1
3.509778208,0,1
3.509779250,1,1
3.509780292,0,1
3.509780333,0,0
3.509781375,1,0
3.509782417,0,0
3.509782833,0,1
3.509783458,1,1
3.509784542,0,1
3.509785708,1,1
3.509786750,0,1
3.509787792,1,1
3.509788875,0,1
3.509789875,1,1
3.509790875,0,1
3.509791875,1,1
3.509792958,0,1
3.509794000,1,1
3.509795083,0,1
3.509796125,1,1
3.509797208,0,1
3.509798208,1,1
3.509799292,0,1
3.509800333,1,1
3.509801417,0,1
3.509802458,1,1
3.509803542,0,1
3.509804542,1,1
3.509805625,0,1
3.509806667,1,1
3.509807750,0,1
3.509808750,1,1
3.509809875,0,1
3.509810875,1,1
3.509811958,0,1
3.509813000,1,1
3.509814083,0,1
3.509815083,1,1
3.509816208,0,1
3.509817208,1,1
3.509818292,0,1
3.509819333,1,1
3.509820417,0,1
3.509821417,1,1
3.509822542,0,1
3.509823542,1,1
3.509824625,0,1
3.509825667,1,1
3.509826750,0,1
3.509827750,1,1
3.509828833,0,1
3.509829875,1,1
3.509830958,0,1
3.509832000,1,1
3.509833083,0,1
3.509834083,1,1
3.509835167,0,1
3.509836208,1,1
3.509837292,0,1
3.509838333,1,1
3.509839417,0,1
3.509840417,1,1
3.509841500,0,1
3.509842542,1,1
3.509843625,0,1
3.509844625,1,1
3.509845750,0,1
3.509846750,1,1
3.509847833,0,1
3.509848875,1,1
3.509849958,0,1
3.509850958,1,1
3.509852083,0,1
3.509853250,1,1
3.509854292,0,1
3.509855375,1,1
3.509856417,0,1
3.509858500,1,1
3.509859542,1,0
3.509860500,0,0
3.509862500,1,0
3.509863458,1,1
3.509866583,1,0
3.509867583,0,0
3.509869667,1,0
3.509870667,0,0
3.509872750,1,0
3.509873792,0,0
3.509874833,0,1
3.509875875,1,1
3.509876875,0,1
3.509877958,0,0
3.509879000,1,0
3.509879958,0,0
3.509882083,1,0
3.509883083,0,0
3.509885167,1,0
3.509886208,0,0
3.509887250,0,1
3.509888292,1,1
3.509889292,0,1
3.509890375,0,0
3.509891375,1,0
3.509892375,0,0
3.509894500,1,0
3.509895500,0,0
3.509897583,1,0
3.509898583,0,0
3.509900708,1,0
3.509901708,0,0
3.509903792,1,0
3.509904792,0,0
3.509906875,1,0
3.509907875,0,0
3.509910000,1,0
3.509911000,0,0
3.509913083,1,0
3.509914083,0,0
3.509916208,1,0
3.509917208,0,0
3.509919292,1,0
3.509920292,0,0
3.509922417,1,0
3.509923417,0,0
3.509925500,1,0
3.509926500,0,0
3.509928625,1,0
3.509929625,0,0
3.509931708,1,0
3.509932708,0,0
3.509934833,1,0
3.509935833,0,0
3.509937917,1,0
3.509938917,0,0
3.509941000,1,0
3.509942042,0,0
3.509944125,1,0
3.509945125,0,0
3.509947208,1,0
3.509948208,0,0
3.509950333,1,0
3.509951333,0,0
3.509953417,1,0
3.509954417,0,0
3.509956542,1,0
3.509957542,0,0
3.509959625,1,0
3.509960625,0,0
3.509962750,1,0
3.509963750,0,0
3.509965833,1,0
3.509966833,0,0
3.509968958,1,0
3.509969958,0,0
3.509972042,1,0
3.509973042,0,0
3.509975167,1,0
3.509976167,0,0
3.509978250,1,0
3.509979250,0,0
3.509981375,1,0
3.509982375,0,0
3.509984458,1,0
3.509985458,0,0
3.509987583,1,0
3.509988583,0,0
3.509990708,1,0
3.509991667,0,0
3.509992708,0,1
3.509993792,1,1
3.509994792,0,1
3.509996000,1,1
3.509997042,0,1
3.509999167,1,1
3.510000250,0,1
3.510001292,1,1
3.510002375,0,1
3.510003375,1,1
3.510004458,0,1
3.510005500,1,1
3.510006583,0,1
3.510007625,1,1
3.510008708,0,0
3.510009750,1,0
3.510010792,0,0
3.510011125,0,1
3.510011833,1,1
3.510012917,0,1
3.510014083,1,1
3.510015125,0,1
3.510016167,1,1
3.510017250,0,1
3.510018250,1,1
3.510019250,0,1
3.510020250,1,1
3.510021375,0,1
3.510022375,1,1
3.510023458,0,1
3.510024500,1,1
3.510025583,0,1
3.510026583,1,1
3.510027708,0,1
3.510028708,1,1
3.510029792,0,1
3.510030833,1,1
3.510031917,0,1
3.510032917,1,1
3.510034000,0,1
3.510035042,1,1
3.510036125,0,1
3.510037167,1,1
3.510038250,0,1
3.510039250,1,1
3.510040333,0,1
3.510041375,1,1
3.510042458,0,1
3.510043500,1,1
3.510044583,0,1
3.510045583,1,1
3.510046667,0,1
3.510047708,1,1
3.510048792,0,1
3.510049792,1,1
3.510050917,0,1
3.510051917,1,1
3.510053000,0,1
3.510054042,1,1
3.510055125,0,1
3.510056167,1,1
3.510057250,0,1
3.510058250,1,1
3.510059333,0,1
3.510060375,1,1
3.510061458,0,1
3.510062458,1,1
3.510063583,0,1
3.510064583,1,1
3.510065667,0,1
3.510066708,1,1
3.510067792,0,1
3.510068792,1,1
3.510069917,0,1
3.510070917,1,1
3.510072000,0,1
3.510073042,1,1
3.510074125,0,1
3.510075125,1,1
3.510076250,0,1
3.510077250,1,1
3.510078333,0,1
3.510079375,1,1
3.510080458,0,1
3.510081667,1,1
3.510082667,0,1
3.510083750,1,1
3.510084792,0,1
3.510086875,1,1
3.510087917,1,0
3.510088917,0,0
3.510090875,1,0
3.510091833,1,1
3.510094958,1,0
3.510095958,0,0
3.510098042,1,0
3.510099042,0,0
3.510101167,1,0
3.510102167,0,0
3.510103208,0,1
3.510104250,1,1
3.510105292,0,1
3.510106333,0,0
3.510107375,1,0
3.510108375,0,0
3.510110458,1,0
3.510111458,0,0
3.510113583,1,0
3.510114583,0,0
3.510115625,0,1
3.510116667,1,1
3.510117667,0,1
3.510118750,0,0
3.510119750,1,0
3.510120750,0,0
3.510122875,1,0
3.510123875,0,0
3.510125958,1,0
3.510126958,0,0
3.510129083,1,0
3.510130083,0,0
3.510132167,1,0
3.510133167,0,0
3.510135292,1,0
3.510136292,0,0
3.510138375,1,0
3.510139375,0,0
3.510141500,1,0
3.510142500,0,0
3.510144583,1,0
3.510145583,0,0
3.510147708,1,0
3.510148708,0,0
3.510150792,1,0
3.510151792,0,0
3.510153917,1,0
3.510154917,0,0
3.510157000,1,0
3.510158000,0,0
3.510160125,1,0
3.510161125,0,0
3.510163208,1,0
3.510164208,0,0
3.510166333,1,0
3.510167333,0,0
3.510169417,1,0
3.510170417,0,0
3.510172542,1,0
3.510173542,0,0
3.510175625,1,0
3.510176625,0,0
3.510178750,1,0
3.510179750,0,0
3.510181833,1,0
3.510182833,0,0
3.510184917,1,0
3.510185958,0,0
3.510188042,1,0
3.510189042,0,0
3.510191125,1,0
3.510192125,0,0
3.510194250,1,0
3.510195250,0,0
3.510197333,1,0
3.510198375,0,0
3.510200458,1,0
3.510201458,0,0
3.510203542,1,0
3.510204542,0,0
3.510206667,1,0
3.510207667,0,0
3.510209750,1,0
3.510210750,0,0
3.510212875,1,0
3.510213875,0,0
3.510215958,1,0
3.510216958,0,0
3.510219083,1,0
3.510220083,0,0
3.510221125,0,1
3.510222208,1,1
3.510223208,0,1
3.510224417,1,1
3.510225458,0,1
3.510227583,1,1
3.510228667,0,1
3.510229708,1,1
3.510230750,0,1
3.510231792,1,1
3.510232875,0,1
3.510233917,1,1
3.510235000,0,1
3.510236042,1,1
3.510237083,0,1
3.510237125,0,0
3.510238167,1,0
3.510239208,0,0
3.510239500,0,1
3.510240250,1,1
3.510241333,0,1
3.510242500,1,1
3.510243542,0,1
3.510244583,1,1
3.510245667,0,1
3.510246667,1,1
3.510247667,0,1
3.510248667,1,1
3.510249750,0,1
3.510250792,1,1
3.510251875,0,1
3.510252875,1,1
3.510254000,0,1
3.510255000,1,1
3.510256083,0,1
3.510257125,1,1
3.510258208,0,1
3.510259208,1,1
3.510260333,0,1
3.510261333,1,1
3.510262417,0,1
3.510263458,1,1
3.510264542,0,1
3.510265542,1,1
3.510266667,0,1
3.510267667,1,1
3.510268750,0,1
3.510269792,1,1
3.510270875,0,1
3.510271875,1,1
3.510272958,0,1
3.510274000,1,1
3.510275083,0,1
3.510276083,1,1
3.510277208,0,1
3.510278208,1,1
3.510279292,0,1
3.510280333,1,1
3.510281417,0,1
3.510282417,1,1
3.510283542,0,1
3.510284542,1,1
3.510285625,0,1
3.510286667,1,1
3.510287750,0,1
3.510288750,1,1
3.510289875,0,1
3.510290875,1,1
3.510291958,0,1
3.510293000,1,1
3.510294083,0,1
3.510295083,1,1
3.510296167,0,1
3.510297208,1,1
3.510298292,0,1
3.510299333,1,1
3.510300417,0,1
3.510301417,1,1
3.510302500,0,1
3.510303542,1,1
3.510304625,0,1
3.510305667,1,1
3.510306750,0,1
3.510307750,1,1
3.510308833,0,1
3.510310042,1,1
3.510311083,0,1
3.510312167,1,1
3.510313167,0,1
3.510315292,1,1
3.510316292,1,0
3.510317292,0,0
3.510319250,1,0
3.510320250,1,1
3.510323375,1,0
3.510324333,0,0
3.510326458,1,0
3.510327458,0,0
3.510329542,1,0
3.510330583,0,0
3.510331625,0,1
3.510332667,1,1
3.510333667,0,1
3.510334708,0,0
3.510335792,1,0
3.510336750,0,0
3.510338875,1,0
3.510339875,0,0
3.510341958,1,0
3.510342958,0,0
3.510344042,0,1
3.510345083,1,1
3.510346083,0,1
3.510347167,0,0
3.510348167,1,0
3.510349167,0,0
3.510351292,1,0
3.510352292,0,0
3.510354375,1,0
3.510355375,0,0
3.510357458,1,0
3.510358458,0,0
3.510360583,1,0
3.510361583,0,0
3.510363667,1,0
3.510364667,0,0
3.510366792,1,0
3.510367792,0,0
3.510369875,1,0
3.510370875,0,0
3.510373000,1,0
3.510374000,0,0
3.510376083,1,0
3.510377083,0,0
3.510379208,1,0
3.510380208,0,0
3.510382292,1,0
3.510383292,0,0
3.510385417,1,0
3.510386417,0,0
3.510388500,1,0
3.510389500,0,0
3.510391625,1,0
3.510392625,0,0
3.510394708,1,0
3.510395708,0,0
3.510397833,1,0
3.510398833,0,0
3.510400917,1,0
3.510401917,0,0
3.510404000,1,0
3.510405000,0,0
3.510407125,1,0
3.510408125,0,0
3.510410208,1,0
3.510411208,0,0
3.510413333,1,0
3.510414333,0,0
3.510416417,1,0
3.510417417,0,0
3.510419542,1,0
3.510420542,0,0
3.510422625,1,0
3.510423625,0,0
3.510425750,1,0
3.510426750,0,0
3.510428833,1,0
3.510429833,0,0
3.510431958,1,0
3.510432958,0,0
3.510435042,1,0
3.510436042,0,0
3.510438167,1,0
3.510439167,0,0
3.510441250,1,0
3.510442250,0,0
3.510444333,1,0
3.510445333,0,0
3.510447458,1,0
3.510448458,0,0
3.510449500,0,1
3.510450583,1,1
3.510451583,0,1
3.510452792,1,1
3.510453833,0,1
3.510455958,1,1
3.510457042,0,1
3.510458083,1,1
3.510459125,0,1
3.510460167,1,1
3.510461250,0,1
3.510462292,1,1
3.510463375,0,1
3.510464417,1,1
3.510465458,0,1
3.510465500,0,0
3.510466542,1,0
3.510467583,0,0
3.510467958,0,1
3.510468625,1,1
3.510469708,0,1
3.510470875,1,1
3.510471917,0,1
3.510472958,1,1
3.510474042,0,1
3.510475042,1,1
3.510476042,0,1
3.510477042,1,1
3.510478125,0,1
3.510479167,1,1
3.510480250,0,1
3.510481250,1,1
3.510482375,0,1
3.510483375,1,1
3.510484458,0,1
3.510485500,1,1
3.510486583,0,1
3.510487583,1,1
3.510488667,0,1
3.510489708,1,1
3.510490792,0,1
3.510491833,1,1
3.510492917,0,1
3.510493917,1,1
3.510495000,0,1
3.510496042,1,1
3.510497125,0,1
3.510498125,1,1
3.510499250,0,1
3.510500250,1,1
3.510501333,0,1
3.510502375,1,1
3.510503458,0,1
3.510504458,1,1
3.510505583,0,1
3.510506583,1,1
3.510507667,0,1
3.510508708,1,1
3.510509792,0,1
3.510510792,1,1
3.510511875,0,1
3.510512917,1,1
3.510514000,0,1
3.510515042,1,1
3.510516125,0,1
3.510517125,1,1
3.510518208,0,1
3.510519250,1,1
3.510520333,0,1
3.510521333,1,1
3.510522458,0,1
3.510523458,1,1
3.510524542,0,1
3.510525583,1,1
3.510526667,0,1
3.510527667,1,1
3.510528750,0,1
3.510529792,1,1
3.510530875,0,1
3.510531917,1,1
3.510533000,0,1
3.510534000,1,1
3.510535083,0,1
3.510536125,1,1
3.510537208,0,1
3.510538417,1,1
3.510539417,0,1
3.510540542,1,1
3.510541542,0,1
3.510543667,1,1
3.510544667,1,0
3.510545667,0,0
3.510547625,1,0
3.510548625,1,1
3.510551708,1,0
3.510552708,0,0
3.510554792,1,0
3.510555792,0,0
3.510557917,1,0
3.510558917,0,0
3.510559958,0,1
3.510561042,1,1
3.510562042,0,1
3.510563083,0,0
3.510564125,1,0
3.510565125,0,0
3.510567208,1,0
3.510568208,0,0
3.510570333,1,0
3.510571333,0,0
3.510572375,0,1
3.510573417,1,1
3.510574458,0,1
3.510575542,0,0
3.510576542,1,0
3.510577542,0,0
3.510579625,1,0
3.510580625,0,0
3.510582750,1,0
3.510583750,0,0
3.510585833,1,0
3.510586833,0,0
3.510588958,1,0
3.510589958,0,0
3.510592042,1,0
3.510593042,0,0
3.510595125,1,0
3.510596125,0,0
3.510598250,1,0
3.510599250,0,0
3.510601333,1,0
3.510602333,0,0
3.510604458,1,0
3.510605458,0,0
3.510607542,1,0
3.510608542,0,0
3.510610667,1,0
3.510611667,0,0
3.510613750,1,0
3.510614750,0,0
3.510616875,1,0
3.510617875,0,0
3.510619958,1,0
3.510620958,0,0
3.510623083,1,0
3.510624083,0,0
3.510626167,1,0
3.510627167,0,0
3.510629292,1,0
3.510630292,0,0
3.510632375,1,0
3.510633375,0,0
3.510635458,1,0
3.510636458,0,0
3.510638583,1,0
3.510639583,0,0
3.510641667,1,0
3.510642667,0,0
3.510644792,1,0
3.510645792,0,0
3.510647875,1,0
3.510648875,0,0
3.510651000,1,0
3.510652000,0,0
3.510654083,1,0
3.510655083,0,0
3.510657208,1,0
3.510658208,0,0
3.510660292,1,0
3.510661292,0,0
3.510663375,1,0
3.510664375,0,0
3.510666500,1,0
3.510667500,0,0
3.510669583,1,0
3.510670583,0,0
3.510672708,1,0
3.510673708,0,0
3.510675833,1,0
3.510676833,0,0
3.510677833,0,1
3.510678917,1,1
3.510679917,0,1
3.510681167,1,1
3.510682167,0,1
3.510684333,1,1
3.510685375,0,1
3.510686417,1,1
3.510687500,0,1
3.510688542,1,1
3.510689583,0,1
3.510690625,1,1
3.510691708,0,1
3.510692750,1,1
3.510693833,0,0
3.510694875,1,0
3.510695958,0,0
3.510696292,0,1
3.510697000,1,1
3.510698042,0,1
3.510699208,1,1
3.510700292,0,1
3.510701333,1,1
3.510702375,0,1
3.510703417,1,1
3.510704375,0,1
3.510705417,1,1
3.510706500,0,1
3.510707500,1,1
3.510708583,0,1
3.510709625,1,1
3.510710708,0,1
3.510711750,1,1
3.510712833,0,1
3.510713833,1,1
3.510714917,0,1
3.510715958,1,1
3.510717042,0,1
3.510718042,1,1
3.510719167,0,1
3.510720167,1,1
3.510721250,0,1
3.510722292,1,1
3.510723375,0,1
3.510724375,1,1
3.510725500,0,1
3.510726500,1,1
3.510727583,0,1
3.510728625,1,1
3.510729708,0,1
3.510730708,1,1
3.510731833,0,1
3.510732833,1,1
3.510733917,0,1
3.510734958,1,1
3.510736042,0,1
3.510737042,1,1
3.510738125,0,1
3.510739167,1,1
3.510740250,0,1
3.510741250,1,1
3.510742375,0,1
3.510743375,1,1
3.510744458,0,1
3.510745500,1,1
3.510746583,0,1
3.510747583,1,1
3.510748708,0,1
3.510749708,1,1
3.510750792,0,1
3.510751833,1,1
3.510752917,0,1
3.510753917,1,1
3.510755042,0,1
3.510756042,1,1
3.510757125,0,1
3.510758167,1,1
3.510759250,0,1
3.510760250,1,1
3.510761333,0,1
3.510762375,1,1
3.510763458,0,1
3.510764500,1,1
3.510765583,0,1
3.510766792,1,1
3.510767792,0,1
3.510768875,1,1
3.510769917,0,1
3.510772042,1,1
3.510773042,1,0
3.510774042,0,0
3.510776000,1,0
3.510777000,1,1
3.510780083,1,0
3.510781083,0,0
3.510783167,1,0
3.510784167,0,0
3.510786292,1,0
3.510787292,0,0
3.510788333,0,1
3.510789375,1,1
3.510790417,0,1
3.510791458,0,0
3.510792500,1,0
3.510793500,0,0
3.510795583,1,0
3.510796583,0,0
3.510798708,1,0
3.510799708,0,0
3.510800750,0,1
3.510801792,1,1
3.510802833,0,1
3.510803917,0,0
3.510804875,1,0
3.510805875,0,0
3.510808000,1,0
3.510809000,0,0
3.510811083,1,0
3.510812083,0,0
3.510814208,1,0
3.510815208,0,0
3.510817292,1,0
3.510818292,0,0
3.510820417,1,0
3.510821417,0,0
3.510823500,1,0
3.510824500,0,0
3.510826625,1,0
3.510827625,0,0
3.510829708,1,0
3.510830708,0,0
3.510832833,1,0
3.510833833,0,0
3.510835917,1,0
3.510836917,0,0
3.510839042,1,0
3.510840042,0,0
3.510842125,1,0
3.510843125,0,0
3.510845250,1,0
3.510846250,0,0
3.510848333,1,0
3.510849333,0,0
3.510851417,1,0
3.510852458,0,0
3.510854542,1,0
3.510855542,0,0
3.510857625,1,0
3.510858667,0,0
3.510860750,1,0
3.510861750,0,0
3.510863875,1,0
3.510864875,0,0
3.510866958,1,0
3.510867958,0,0
3.510870042,1,0
3.510871042,0,0
3.510873167,1,0
3.510874167,0,0
3.510876250,1,0
3.510877250,0,0
3.510879375,1,0
3.510880375,0,0
3.510882458,1,0
3.510883458,0,0
3.510885583,1,0
3.510886583,0,0
3.510888667,1,0
3.510889667,0,0
3.510891792,1,0
3.510892792,0,0
3.510894875,1,0
3.510895875,0,0
3.510898000,1,0
3.510899000,0,0
3.510901083,1,0
3.510902083,0,0
3.510904208,1,0
3.510905208,0,0
3.510906250,0,1
3.510907333,1,1
3.510908333,0,1
3.510909542,1,1
3.510910542,0,1
3.510912708,1,1
3.510913792,0,1
3.510914792,1,1
3.510915875,0,1
3.510916917,1,1
3.510917958,0,1
3.510919000,1,1
3.510920125,0,1
3.510921167,1,1
3.510922208,0,0
3.510923250,1,0
3.510924333,0,0
3.510924625,0,1
3.510925375,1,1
3.510926417,0,1
3.510927625,1,1
3.510928667,0,1
3.510929708,1,1
3.510930792,0,1
3.510931792,1,1
3.510932750,0,1
3.510933792,1,1
3.510934875,0,1
3.510935917,1,1
3.510937000,0,1
3.510938000,1,1
3.510939083,0,1
3.510940125,1,1
3.510941208,0,1
3.510942208,1,1
3.510943333,0,1
3.510944333,1,1
3.510945417,0,1
3.510946458,1,1
3.510947542,0,1
3.510948542,1,1
3.510949667,0,1
3.510950667,1,1
3.510951750,0,1
3.510952792,1,1
3.510953875,0,1
3.510954875,1,1
3.510955958,0,1
3.510957000,1,1
3.510958083,0,1
3.510959125,1,1
3.510960208,0,1
3.510961208,1,1
3.510962292,0,1
3.510963333,1,1
3.510964417,0,1
3.510965458,1,1
3.510966542,0,1
3.510967542,1,1
3.510968667,0,1
3.510969667,1,1
3.510970750,0,1
3.510971792,1,1
3.510972875,0,1
3.510973875,1,1
3.510974958,0,1
3.510976000,1,1
3.510977083,0,1
3.510978083,1,1
3.510979208,0,1
3.510980208,1,1
3.510981292,0,1
3.510982333,1,1
3.510983417,0,1
3.510984417,1,1
3.510985542,0,1
3.510986542,1,1
3.510987625,0,1
3.510988667,1,1
3.510989750,0,1
3.510990750,1,1
3.510991833,0,1
3.510992875,1,1
3.510993958,0,1
3.510995167,1,1
3.510996167,0,1
3.510997292,1,1
3.510998292,0,1
3.511000417,1,1
3.511001417,1,0
3.511002417,0,0
3.511004375,1,0
3.511005375,1,1
3.511008458,1,0
3.511009458,0,0
3.511011542,1,0
3.511012583,0,0
3.511014667,1,0
3.511015667,0,0
3.511016708,0,1
3.511017792,1,1
3.511018792,0,1
3.511019833,0,0
3.511020875,1,0
3.511021875,0,0
3.511023958,1,0
3.511024958,0,0
3.511027083,1,0
3.511028083,0,0
3.511029125,0,1
3.511030208,1,1
3.511031208,0,1
3.511032292,0,0
3.511033292,1,0
3.511034292,0,0
3.511036375,1,0
3.511037375,0,0
3.511039500,1,0
3.511040500,0,0
3.511042583,1,0
3.511043583,0,0
3.511045667,1,0
3.511046708,0,0
3.511048792,1,0
3.511049792,0,0
3.511051875,1,0
3.511052917,0,0
3.511055000,1,0
3.511056000,0,0
3.511058083,1,0
3.511059083,0,0
3.511061208,1,0
3.511062208,0,0
3.511064292,1,0
3.511065292,0,0
3.511067417,1,0
3.511068417,0,0
3.511070500,1,0
3.511071500,0,0
3.511073625,1,0
3.511074625,0,0
3.511076708,1,0
3.511077708,0,0
3.511079833,1,0
3.511080833,0,0
3.511082917,1,0
3.511083917,0,0
3.511086042,1,0
3.511087042,0,0
3.511089125,1,0
3.511090125,0,0
3.511092250,1,0
3.511093250,0,0
3.511095333,1,0
3.511096333,0,0
3.511098458,1,0
3.511099458,0,0
3.511101542,1,0
3.511102542,0,0
3.511104667,1,0
3.511105667,0,0
3.511107750,1,0
3.511108750,0,0
3.511110875,1,0
3.511111875,0,0
3.511113958,1,0
3.511114958,0,0
3.511117042,1,0
3.511118083,0,0
3.511120167,1,0
3.511121167,0,0
3.511123250,1,0
3.511124250,0,0
3.511126375,1,0
3.511127375,0,0
3.511129458,1,0
3.511130458,0,0
3.511132625,1,0
3.511133583,0,0
3.511134625,0,1
3.511135708,1,1
3.511136708,0,1
3.511137917,1,1
3.511138958,0,1
3.511141083,1,1
3.511142167,0,1
3.511143208,1,1
3.511144250,0,1
3.511145292,1,1
3.511146375,0,1
3.511147417,1,1
3.511148500,0,1
3.511149542,1,1
3.511150625,0,0
3.511151667,1,0
3.511152708,0,0
3.511153042,0,1
3.511153750,1,1
3.511154833,0,1
3.511156000,1,1
3.511157083,0,1
3.511158083,1,1
3.511159167,0,1
3.511160167,1,1
3.511161167,0,1
3.511162167,1,1
3.511163292,0,1
3.511164292,1,1
3.511165375,0,1
3.511166417,1,1
3.511167500,0,1
3.511168500,1,1
3.511169625,0,1
3.511170625,1,1
3.511171708,0,1
3.511172750,1,1
3.511173833,0,1
3.511174833,1,1
3.511175958,0,1
3.511176958,1,1
3.511178042,0,1
3.511179083,1,1
3.511180167,0,1
3.511181167,1,1
3.511182292,0,1
3.511183292,1,1
3.511184375,0,1
3.511185417,1,1
3.511186500,0,1
3.511187500,1,1
3.511188583,0,1
3.511189625,1,1
3.511190708,0,1
3.511191750,1,1
3.511192833,0,1
3.511193833,1,1
3.511194917,0,1
3.511195958,1,1
3.511197042,0,1
3.511198083,1,1
3.511199167,0,1
3.511200167,1,1
3.511201250,0,1
3.511202292,1,1
3.511203375,0,1
3.511204417,1,1
3.511205500,0,1
3.511206500,1,1
3.511207583,0,1
3.511208625,1,1
3.511209708,0,1
3.511210708,1,1
3.511211833,0,1
3.511212833,1,1
3.511213917,0,1
3.511214958,1,1
3.511216042,0,1
3.511217042,1,1
3.511218167,0,1
3.511219167,1,1
3.511220250,0,1
3.511221292,1,1
3.511222375,0,1
3.511223583,1,1
3.511224583,0,1
3.511225708,1,1
3.511226708,0,1
3.511228833,1,1
3.511229833,1,0
3.511230833,0,0
3.511232792,1,0
3.511233792,1,1
3.511236875,1,0
3.511237875,0,0
3.511239958,1,0
3.511240958,0,0
3.511243083,1,0
3.511244083,0,0
3.511245125,0,1
3.511246167,1,1
3.511247208,0,1
3.511248250,0,0
3.511249292,1,0
3.511250292,0,0
3.511252375,1,0
3.511253375,0,0
3.511255500,1,0
3.511256500,0,0
3.511257542,0,1
3.511258583,1,1
3.511259625,0,1
3.511260708,0,0
3.511261708,1,0
3.511262708,0,0
3.511264792,1,0
3.511265792,0,0
3.511267917,1,0
3.511268917,0,0
3.511271000,1,0
3.511272000,0,0
3.511274125,1,0
3.511275125,0,0
3.511277208,1,0
3.511278208,0,0
3.511280292,1,0
3.511281292,0,0
3.511283417,1,0
3.511284417,0,0
3.511286500,1,0
3.511287542,0,0
3.511289625,1,0
3.511290625,0,0
3.511292708,1,0
3.511293708,0,0
3.511295833,1,0
3.511296833,0,0
3.511298917,1,0
3.511299917,0,0
3.511302042,1,0
3.511303042,0,0
3.511305125,1,0
3.511306125,0,0
3.511308250,1,0
3.511309250,0,0
3.511311333,1,0
3.511312333,0,0
3.511314458,1,0
3.511315458,0,0
3.511317542,1,0
3.511318542,0,0
3.511320667,1,0
3.511321667,0,0
3.511323750,1,0
3.511324750,0,0
3.511326875,1,0
3.511327875,0,0
3.511329958,1,0
3.511330958,0,0
3.511333042,1,0
3.511334083,0,0
3.511336167,1,0
3.511337167,0,0
3.511339250,1,0
3.511340250,0,0
3.511342375,1,0
3.511343375,0,0
3.511345458,1,0
3.511346458,0,0
3.511348583,1,0
3.511349583,0,0
3.511351667,1,0
3.511352708,0,0
3.511354792,1,0
3.511355792,0,0
3.511357875,1,0
3.511358875,0,0
3.511361000,1,0
3.511362000,0,0
3.511363042,0,1
3.511364125,1,1
3.511365125,0,1
3.511366333,1,1
3.511367375,0,1
3.511369500,1,1
3.511370583,0,1
3.511371625,1,1
3.511372667,0,1
3.511373708,1,1
3.511374792,0,1
3.511375833,1,1
3.511376917,0,1
3.511377958,1,1
3.511379000,0,1
3.511379042,0,0
3.511380083,1,0
3.511381125,0,0
3.511381542,0,1
3.511382167,1,1
3.511383250,0,1
3.511384417,1,1
3.511385458,0,1
3.511386500,1,1
3.511387583,0,1
3.511388583,1,1
3.511389583,0,1
3.511390583,1,1
3.511391667,0,1
3.511392708,1,1
3.511393792,0,1
3.511394792,1,1
3.511395917,0,1
3.511396917,1,1
3.511398000,0,1
3.511399042,1,1
3.511400125,0,1
3.511401125,1,1
3.511402208,0,1
3.511403250,1,1
3.511404333,0,1
3.511405375,1,1
3.511406458,0,1
3.511407458,1,1
3.511408542,0,1
3.511409583,1,1
3.511410667,0,1
3.511411708,1,1
3.511412792,0,1
3.511413792,1,1
3.511414875,0,1
3.511415917,1,1
3.511417000,0,1
3.511418000,1,1
3.511419125,0,1
3.511420125,1,1
3.511421208,0,1
3.511422250,1,1
3.511423333,0,1
3.511424333,1,1
3.511425458,0,1
3.511426458,1,1
3.511427542,0,1
3.511428583,1,1
3.511429667,0,1
3.511430667,1,1
3.511431792,0,1
3.511432792,1,1
3.511433875,0,1
3.511434917,1,1
3.511436000,0,1
3.511437000,1,1
3.511438125,0,1
3.511439125,1,1
3.511440208,0,1
3.511441250,1,1
3.511442333,0,1
3.511443333,1,1
3.511444417,0,1
3.511445458,1,1
3.511446542,0,1
3.511447542,1,1
3.511448667,0,1
3.511449667,1,1
3.511450750,0,1
3.511451958,1,1
3.511453000,0,1
3.511454083,1,1
3.511455083,0,1
3.511457208,1,1
3.511458208,1,0
3.511459208,0,0
3.511461167,1,0
3.511462167,1,1
3.511465292,1,0
3.511466250,0,0
3.511468333,1,0
3.511469375,0,0
3.511471458,1,0
3.511472458,0,0
3.511473542,0,1
3.511474583,1,1
3.511475583,0,1
3.511476625,0,0
3.511477667,1,0
3.511478667,0,0
3.511480750,1,0
3.511481792,0,0
3.511483875,1,0
3.511484875,0,0
3.511485917,0,1
3.511487000,1,1
3.511488000,0,1
3.511489083,0,0
3.511490083,1,0
3.511491083,0,0
3.511493167,1,0
3.511494167,0,0
3.511496292,1,0
3.511497292,0,0
3.511499375,1,0
3.511500375,0,0
3.511502500,1,0
3.511503500,0,0
3.511505583,1,0
3.511506583,0,0
3.511508667,1,0
3.511509667,0,0
3.511511792,1,0
3.511512792,0,0
3.511514875,1,0
3.511515875,0,0
3.511518000,1,0
3.511519000,0,0
3.511521083,1,0
3.511522083,0,0
3.511524208,1,0
3.511525208,0,0
3.511527292,1,0
3.511528292,0,0
3.511530417,1,0
3.511531417,0,0
3.511533500,1,0
3.511534500,0,0
3.511536625,1,0
3.511537625,0,0
3.511539708,1,0
3.511540708,0,0
3.511542833,1,0
3.511543833,0,0
3.511545917,1,0
3.511546917,0,0
3.511549042,1,0
3.511550042,0,0
3.511552125,1,0
3.511553125,0,0
3.511555250,1,0
3.511556250,0,0
3.511558333,1,0
3.511559333,0,0
3.511561417,1,0
3.511562458,0,0
3.511564542,1,0
3.511565542,0,0
3.511567625,1,0
3.511568625,0,0
3.511570750,1,0
3.511571750,0,0
3.511573833,1,0
3.511574833,0,0
3.511576958,1,0
3.511577958,0,0
3.511580042,1,0
3.511581042,0,0
3.511583167,1,0
3.511584167,0,0
3.511586250,1,0
3.511587250,0,0
3.511589375,1,0
3.511590375,0,0
3.511591375,0,1
3.511592500,1,1
3.511593500,0,1
3.511594708,1,1
3.511595708,0,1
3.511597875,1,1
3.511598917,0,1
3.511599958,1,1
3.511601042,0,1
3.511602083,1,1
3.511603125,0,1
3.511604167,1,1
3.511605292,0,1
3.511606333,1,1
3.511607375,0,0
3.511608417,1,0
3.511609500,0,0
3.511609833,0,1
3.511610542,1,1
3.511611583,0,1
3.511612750,1,1
3.511613833,0,1
3.511614875,1,1
3.511615917,0,1
3.511616958,1,1
3.511617917,0,1
3.511618958,1,1
3.511620042,0,1
3.511621083,1,1
3.511622167,0,1
3.511623167,1,1
3.511624250,0,1
3.511625292,1,1
3.511626375,0,1
3.511627375,1,1
3.511628500,0,1
3.511629500,1,1
3.511630583,0,1
3.511631625,1,1
3.511632708,0,1
3.511633708,1,1
3.511634792,0,1
3.511635833,1,1
3.511636917,0,1
3.511637958,1,1
3.511639042,0,1
3.511640042,1,1
3.511641125,0,1
3.511642167,1,1
3.511643250,0,1
3.511644250,1,1
3.511645375,0,1
3.511646375,1,1
3.511647458,0,1
3.511648500,1,1
3.511649583,0,1
3.511650583,1,1
3.511651708,0,1
3.511652708,1,1
3.511653792,0,1
3.511654833,1,1
3.511655917,0,1
3.511656917,1,1
3.511658000,0,1
3.511659042,1,1
3.511660125,0,1
3.511661125,1,1
3.511662250,0,1
3.511663250,1,1
3.511664333,0,1
3.511665375,1,1
3.511666458,0,1
3.511667458,1,1
3.511668583,0,1
3.511669583,1,1
3.511670667,0,1
3.511671708,1,1
3.511672792,0,1
3.511673792,1,1
3.511674917,0,1
3.511675917,1,1
3.511677000,0,1
3.511678042,1,1
3.511679125,0,1
3.511680333,1,1
3.511681333,0,1
3.511682417,1,1
3.511683458,0,1
3.511685542,1,1
3.511686583,1,0
3.511687583,0,0
3.511689542,1,0
3.511690500,1,1
3.511693625,1,0
3.511694625,0,0
3.511696708,1,0
3.511697708,0,0
3.511699833,1,0
3.511700833,0,0
3.511701875,0,1
3.511702917,1,1
3.511703958,0,1
3.511705000,0,0
3.511706042,1,0
3.511707042,0,0
3.511709125,1,0
3.511710125,0,0
3.511712250,1,0
3.511713250,0,0
3.511714292,0,1
3.511715333,1,1
3.511716375,0,1
3.511717417,0,0
3.511718417,1,0
3.511719417,0,0
3.511721542,1,0
3.511722542,0,0
3.511724625,1,0
3.511725625,0,0
3.511727750,1,0
3.511728750,0,0
3.511730833,1,0
3.511731833,0,0
3.511733958,1,0
3.511734958,0,0
3.511737042,1,0
3.511738042,0,0
3.511740167,1,0
3.511741167,0,0
3.511743250,1,0
3.511744250,0,0
3.511746333,1,0
3.511747375,0,0
3.511749458,1,0
3.511750458,0,0
3.511752542,1,0
3.511753583,0,0
3.511755667,1,0
3.511756667,0,0
3.511758750,1,0
3.511759792,0,0
3.511761875,1,0
3.511762875,0,0
3.511764958,1,0
3.511765958,0,0
3.511768083,1,0
3.511769083,0,0
3.511771167,1,0
3.511772167,0,0
3.511774292,1,0
3.511775292,0,0
3.511777375,1,0
3.511778375,0,0
3.511780500,1,0
3.511781500,0,0
3.511783583,1,0
3.511784583,0,0
3.511786708,1,0
3.511787708,0,0
3.511789792,1,0
3.511790792,0,0
3.511792917,1,0
3.511793917,0,0
3.511796000,1,0
3.511797000,0,0
3.511799125,1,0
3.511800125,0,0
3.511802208,1,0
3.511803208,0,0
3.511805333,1,0
3.511806333,0,0
3.511808417,1,0
3.511809417,0,0
3.511811500,1,0
3.511812500,0,0
3.511814625,1,0
3.511815625,0,0
3.511817750,1,0
3.511818750,0,0
3.511819750,0,1
3.511820875,1,1
3.511821875,0,1
3.511823083,1,1
3.511824083,0,1
3.511826250,1,1
3.511827292,0,1
3.511828333,1,1
3.511829417,0,1
3.511830458,1,1
3.511831500,0,1
3.511832542,1,1
3.511833625,0,1
3.511834667,1,1
3.511835750,0,0
3.511836792,1,0
3.511837875,0,0
3.511838167,0,1
3.511838917,1,1
3.511839958,0,1
3.511841125,1,1
3.511842208,0,1
3.511843250,1,1
3.511844292,0,1
3.511845333,1,1
3.511846292,0,1
3.511847333,1,1
3.511848417,0,1
3.511849417,1,1
3.511850500,0,1
3.511851542,1,1
3.511852625,0,1
3.511853667,1,1
3.511854750,0,1
3.511855750,1,1
3.511856833,0,1
3.511857875,1,1
3.511858958,0,1
3.511860000,1,1
3.511861083,0,1
3.511862083,1,1
3.511863167,0,1
3.511864208,1,1
3.511865292,0,1
3.511866292,1,1
3.511867417,0,1
3.511868417,1,1
3.511869500,0,1
3.511870542,1,1
3.511871625,0,1
3.511872625,1,1
3.511873708,0,1
3.511874750,1,1
3.511875833,0,1
3.511876875,1,1
3.511877958,0,1
3.511878958,1,1
3.511880083,0,1
3.511881083,1,1
3.511882167,0,1
3.511883208,1,1
3.511884292,0,1
3.511885292,1,1
3.511886375,0,1
3.511887417,1,1
3.511888500,0,1
3.511889542,1,1
3.511890625,0,1
3.511891625,1,1
3.511892708,0,1
3.511893750,1,1
3.511894833,0,1
3.511895833,1,1
3.511896958,0,1
3.511897958,1,1
3.511899042,0,1
3.511900083,1,1
3.511901167,0,1
3.511902167,1,1
3.511903292,0,1
3.511904292,1,1
3.511905375,0,1
3.511906417,1,1
3.511907500,0,1
3.511908708,1,1
3.511909708,0,1
3.511910792,1,1
3.511911833,0,1
3.511913917,1,1
3.511914958,1,0
3.511915917,0,0
3.511917917,1,0
3.511918875,1,1
3.511922000,1,0
3.511923000,0,0
3.511925083,1,0
3.511926083,0,0
3.511928208,1,0
3.511929208,0,0
3.511930250,0,1
3.511931333,1,1
3.511932333,0,1
3.511933375,0,0
3.511934417,1,0
3.511935417,0,0
3.511937500,1,0
3.511938500,0,0
3.511940625,1,0
3.511941625,0,0
3.511942667,0,1
3.511943708,1,1
3.511944750,0,1
3.511945833,0,0
3.511946833,1,0
3.511947833,0,0
3.511949917,1,0
3.511950917,0,0
3.511953042,1,0
3.511954042,0,0
3.511956125,1,0
3.511957125,0,0
3.511959208,1,0
3.511960250,0,0
3.511962333,1,0
3.511963333,0,0
3.511965417,1,0
3.511966458,0,0
3.511968542,1,0
3.511969542,0,0
3.511971625,1,0
3.511972667,0,0
3.511974750,1,0
3.511975750,0,0
3.511977833,1,0
3.511978833,0,0
3.511980958,1,0
3.511981958,0,0
3.511984042,1,0
3.511985042,0,0
3.511987167,1,0
3.511988167,0,0
3.511990250,1,0
3.511991250,0,0
3.511993375,1,0
3.511994375,0,0
3.511996458,1,0
3.511997458,0,0
3.511999583,1,0
3.512000583,0,0
3.512002667,1,0
3.512003667,0,0
3.512005792,1,0
3.512006792,0,0
3.512008875,1,0
3.512009875,0,0
3.512012000,1,0
3.512013000,0,0
3.512015083,1,0
3.512016083,0,0
3.512018167,1,0
3.512019208,0,0
3.512021292,1,0
3.512022292,0,0
3.512024375,1,0
3.512025375,0,0
3.512027500,1,0
3.512028500,0,0
3.512030583,1,0
3.512031583,0,0
3.512033708,1,0
3.512034708,0,0
3.512036792,1,0
3.512037792,0,0
3.512039917,1,0
3.512040917,0,0
3.512043000,1,0
3.512044000,0,0
3.512046125,1,0
3.512047125,0,0
3.512048167,0,1
3.512049250,1,1
3.512050250,0,1
3.512051458,1,1
3.512052500,0,1
3.512054625,1,1
3.512055708,0,1
3.512056750,1,1
3.512057792,0,1
3.512058833,1,1
3.512059917,0,1
3.512060958,1,1
3.512062042,0,1
3.512063083,1,1
3.512064125,0,1
3.512064167,0,0
3.512065208,1,0
3.512066250,0,0
3.512066625,0,1
3.512067292,1,1
3.512068375,0,1
3.512069542,1,1
3.512070583,0,1
3.512071625,1,1
3.512072708,0,1
3.512073708,1,1
3.512074708,0,1
3.512075708,1,1
3.512076833,0,1
3.512077833,1,1
3.512078917,0,1
3.512079958,1,1
3.512081042,0,1
3.512082042,1,1
3.512083125,0,1
3.512084167,1,1
3.512085250,0,1
3.512086250,1,1
3.512087375,0,1
3.512088375,1,1
3.512089458,0,1
3.512090500,1,1
3.512091583,0,1
3.512092583,1,1
3.512093708,0,1
3.512094708,1,1
3.512095792,0,1
3.512096833,1,1
3.512097917,0,1
3.512098917,1,1
3.512100042,0,1
3.512101042,1,1
3.512102125,0,1
3.512103167,1,1
3.512104250,0,1
3.512105250,1,1
3.512106333,0,1
3.512107375,1,1
3.512108458,0,1
3.512109500,1,1
3.512110583,0,1
3.512111583,1,1
3.512112667,0,1
3.512113708,1,1
3.512114792,0,1
3.512115833,1,1
3.512116917,0,1
3.512117917,1,1
3.512119000,0,1
3.512120042,1,1
3.512121125,0,1
3.512122167,1,1
3.512123250,0,1
3.512124250,1,1
3.512125333,0,1
3.512126375,1,1
3.512127458,0,1
3.512128458,1,1
3.512129583,0,1
3.512130583,1,1
3.512131667,0,1
3.512132708,1,1
3.512133792,0,1
3.512134792,1,1
3.512135917,0,1
3.512137083,1,1
3.512138125,0,1
3.512139208,1,1
3.512140250,0,1
3.512142333,1,1
3.512143333,1,0
3.512144333,0,0
3.512146333,1,0
3.512147292,1,1
3.512150417,1,0
3.512151375,0,0
3.512153500,1,0
3.512154500,0,0
3.512156583,1,0
3.512157625,0,0
3.512158667,0,1
3.512159708,1,1
3.512160708,0,1
3.512161750,0,0
3.512162833,1,0
3.512163792,0,0
3.512165917,1,0
3.512166917,0,0
3.512169000,1,0
3.512170000,0,0
3.512171083,0,1
3.512172125,1,1
3.512173125,0,1
3.512174208,0,0
3.512175208,1,0
3.512176208,0,0
3.512178292,1,0
3.512179292,0,0
3.512181417,1,0
3.512182417,0,0
3.512184500,1,0
3.512185500,0,0
3.512187625,1,0
3.512188625,0,0
3.512190708,1,0
3.512191708,0,0
3.512193833,1,0
3.512194833,0,0
3.512196917,1,0
3.512197917,0,0
3.512200042,1,0
3.512201042,0,0
3.512203125,1,0
3.512204125,0,0
3.512206250,1,0
3.512207250,0,0
3.512209333,1,0
3.512210333,0,0
3.512212458,1,0
3.512213458,0,0
3.512215542,1,0
3.512216542,0,0
3.512218667,1,0
3.512219667,0,0
3.512221750,1,0
3.512222750,0,0
3.512224833,1,0
3.512225875,0,0
3.512227958,1,0
3.512228958,0,0
3.512231042,1,0
3.512232042,0,0
3.512234167,1,0
3.512235167,0,0
3.512237250,1,0
3.512238250,0,0
3.512240375,1,0
3.512241375,0,0
3.512243458,1,0
3.512244458,0,0
3.512246583,1,0
3.512247583,0,0
3.512249667,1,0
3.512250667,0,0
3.512252792,1,0
3.512253792,0,0
3.512255875,1,0
3.512256875,0,0
3.512259000,1,0
3.512260000,0,0
3.512262083,1,0
3.512263083,0,0
3.512265208,1,0
3.512266208,0,0
3.512268292,1,0
3.512269292,0,0
3.512271417,1,0
3.512272417,0,0
3.512274542,1,0
3.512275500,0,0
3.512276542,0,1
3.512277625,1,1
3.512278625,0,1
3.512279833,1,1
3.512280875,0,1
3.512283000,1,1
3.512284083,0,1
3.512285125,1,1
3.512286167,0,1
3.512287208,1,1
3.512288292,0,1
3.512289333,1,1
3.512290417,0,1
3.512291458,1,1
3.512292500,0,1
3.512292542,0,0
3.512293583,1,0
3.512294625,0,0
3.512294958,0,1
3.512295667,1,1
3.512296750,0,1
3.512297917,1,1
3.512298958,0,1
3.512300000,1,1
3.512301083,0,1
3.512302083,1,1
3.512303083,0,1
3.512304083,1,1
3.512305167,0,1
3.512306208,1,1
3.512307292,0,1
3.512308292,1,1
3.512309417,0,1
3.512310417,1,1
3.512311500,0,1
3.512312542,1,1
3.512313625,0,1
3.512314625,1,1
3.512315750,0,1
3.512316750,1,1
3.512317833,0,1
3.512318875,1,1
3.512319958,0,1
3.512320958,1,1
3.512322083,0,1
3.512323083,1,1
3.512324167,0,1
3.512325208,1,1
3.512326292,0,1
3.512327292,1,1
3.512328417,0,1
3.512329417,1,1
3.512330500,0,1
3.512331542,1,1
3.512332625,0,1
3.512333625,1,1
3.512334750,0,1
3.512335750,1,1
3.512336833,0,1
3.512337875,1,1
3.512338958,0,1
3.512339958,1,1
3.512341042,0,1
3.512342083,1,1
3.512343167,0,1
3.512344167,1,1
3.512345292,0,1
3.512346292,1,1
3.512347375,0,1
3.512348417,1,1
3.512349500,0,1
3.512350500,1,1
3.512351625,0,1
3.512352625,1,1
3.512353708,0,1
3.512354750,1,1
3.512355833,0,1
3.512356833,1,1
3.512357958,0,1
3.512358958,1,1
3.512360042,0,1
3.512361083,1,1
3.512362167,0,1
3.512363167,1,1
3.512364250,0,1
3.512365458,1,1
3.512366500,0,1
3.512367583,1,1
3.512368583,0,1
3.512370708,1,1
3.512371708,1,0
3.512372708,0,0
3.512374708,1,0
3.512375667,1,1
3.512378792,1,0
3.512379792,0,0
3.512381875,1,0
3.512382875,0,0
3.512384958,1,0
3.512386000,0,0
3.512387042,0,1
3.512388083,1,1
3.512389083,0,1
3.512390125,0,0
3.512391208,1,0
3.512392167,0,0
3.512394292,1,0
3.512395292,0,0
3.512397375,1,0
3.512398417,0,0
3.512399458,0,1
3.512400500,1,1
3.512401500,0,1
3.512402583,0,0
3.512403583,1,0
3.512404583,0,0
3.512406708,1,0
3.512407708,0,0
3.512409792,1,0
3.512410792,0,0
3.512412917,1,0
3.512413917,0,0
3.512416000,1,0
3.512417000,0,0
3.512419083,1,0
3.512420125,0,0
3.512422208,1,0
3.512423208,0,0
3.512425292,1,0
3.512426292,0,0
3.512428417,1,0
3.512429417,0,0
3.512431500,1,0
3.512432500,0,0
3.512434625,1,0
3.512435625,0,0
3.512437708,1,0
3.512438708,0,0
3.512440833,1,0
3.512441833,0,0
3.512443917,1,0
3.512444917,0,0
3.512447042,1,0
3.512448042,0,0
3.512450125,1,0
3.512451125,0,0
3.512453208,1,0
3.512454208,0,0
3.512456333,1,0
3.512457333,0,0
3.512459417,1,0
3.512460458,0,0
3.512462542,1,0
3.512463542,0,0
3.512465625,1,0
3.512466625,0,0
3.512468750,1,0
3.512469750,0,0
3.512471833,1,0
3.512472833,0,0
3.512474958,1,0
3.512475958,0,0
3.512478042,1,0
3.512479042,0,0
3.512481167,1,0
3.512482167,0,0
3.512484250,1,0
3.512485250,0,0
3.512487375,1,0
3.512488375,0,0
3.512490458,1,0
3.512491458,0,0
3.512493583,1,0
3.512494583,0,0
3.512496667,1,0
3.512497667,0,0
3.512499792,1,0
3.512500792,0,0
3.512502917,1,0
3.512503917,0,0
3.512504917,0,1
3.512506000,1,1
3.512507000,0,1
3.512508250,1,1
3.512509250,0,1
3.512511375,1,1
3.512512458,0,1
3.512513500,1,1
3.512514542,0,1
3.512515583,1,1
3.512516667,0,1
3.512517708,1,1
3.512518792,0,1
3.512519833,1,1
3.512520917,0,0
3.512521958,1,0
3.512523000,0,0
3.512523292,0,1
3.512524042,1,1
3.512525125,0,1
3.512526292,1,1
3.512527333,0,1
3.512528375,1,1
3.512529458,0,1
3.512530458,1,1
3.512531458,0,1
3.512532458,1,1
3.512533542,0,1
3.512534583,1,1
3.512535667,0,1
3.512536708,1,1
3.512537792,0,1
3.512538792,1,1
3.512539875,0,1
3.512540917,1,1
3.512542000,0,1
3.512543000,1,1
3.512544125,0,1
3.512545125,1,1
3.512546208,0,1
3.512547250,1,1
3.512548333,0,1
3.512549333,1,1
3.512550458,0,1
3.512551458,1,1
3.512552542,0,1
3.512553583,1,1
3.512554667,0,1
3.512555667,1,1
3.512556792,0,1
3.512557792,1,1
3.512558875,0,1
3.512559917,1,1
3.512561000,0,1
3.512562000,1,1
3.512563083,0,1
3.512564125,1,1
3.512565208,0,1
3.512566208,1,1
3.512567333,0,1
3.512568333,1,1
3.512569417,0,1
3.512570458,1,1
3.512571542,0,1
3.512572542,1,1
3.512573667,0,1
3.512574667,1,1
3.512575750,0,1
3.512576792,1,1
3.512577875,0,1
3.512578875,1,1
3.512580000,0,1
3.512581000,1,1
3.512582083,0,1
3.512583125,1,1
3.512584208,0,1
3.512585208,1,1
3.512586292,0,1
3.512587333,1,1
3.512588417,0,1
3.512589458,1,1
3.512590542,0,1
3.512591542,1,1
3.512592625,0,1
3.512593833,1,1
3.512594875,0,1
3.512595958,1,1
3.512596958,0,1
3.512599083,1,1
3.512600083,1,0
3.512601083,0,0
3.512603042,1,0
3.512604042,1,1
3.512607167,1,0
3.512608125,0,0
3.512610250,1,0
3.512611250,0,0
3.512613333,1,0
3.512614375,0,0
3.512615417,0,1
3.512616458,1,1
3.512617458,0,1
3.512618500,0,0
3.512619583,1,0
3.512620542,0,0
3.512622667,1,0
3.512623667,0,0
3.512625750,1,0
3.512626792,0,0
3.512627833,0,1
3.512628875,1,1
3.512629875,0,1
3.512630958,0,0
3.512631958,1,0
3.512632958,0,0
3.512635083,1,0
3.512636083,0,0
3.512638167,1,0
3.512639167,0,0
3.512641250,1,0
3.512642250,0,0
3.512644375,1,0
3.512645375,0,0
3.512647458,1,0
3.512648500,0,0
3.512650583,1,0
3.512651583,0,0
3.512653667,1,0
3.512654667,0,0
3.512656792,1,0
3.512657792,0,0
3.512659875,1,0
3.512660875,0,0
3.512663000,1,0
3.512664000,0,0
3.512666083,1,0
3.512667083,0,0
3.512669208,1,0
3.512670208,0,0
3.512672292,1,0
3.512673292,0,0
3.512675417,1,0
3.512676417,0,0
3.512678500,1,0
3.512679500,0,0
3.512681625,1,0
3.512682625,0,0
3.512684708,1,0
3.512685708,0,0
3.512687833,1,0
3.512688833,0,0
3.512690917,1,0
3.512691917,0,0
3.512694042,1,0
3.512695042,0,0
3.512697125,1,0
3.512698125,0,0
3.512700250,1,0
3.512701250,0,0
3.512703333,1,0
3.512704333,0,0
3.512706417,1,0
3.512707417,0,0
3.512709542,1,0
3.512710542,0,0
3.512712625,1,0
3.512713667,0,0
3.512715750,1,0
3.512716750,0,0
3.512718833,1,0
3.512719875,0,0
3.512721958,1,0
3.512722958,0,0
3.512725042,1,0
3.512726042,0,0
3.512728167,1,0
3.512729167,0,0
3.512731292,1,0
3.512732292,0,0
3.512733292,0,1
3.512734375,1,1
3.512735375,0,1
3.512736625,1,1
3.512737625,0,1
3.512739792,1,1
3.512740833,0,1
3.512741875,1,1
3.512742958,0,1
3.512744000,1,1
3.512745042,0,1
3.512746083,1,1
3.512747167,0,1
3.512748208,1,1
3.512749292,0,0
3.512750333,1,0
3.512751417,0,0
3.512751750,0,1
3.512752417,1,1
3.512753500,0,1
3.512754667,1,1
3.512755750,0,1
3.512756792,1,1
3.512757833,0,1
3.512758875,1,1
3.512759833,0,1
3.512760875,1,1
3.512761958,0,1
3.512762958,1,1
3.512764042,0,1
3.512765083,1,1
3.512766167,0,1
3.512767167,1,1
3.512768292,0,1
3.512769292,1,1
3.512770375,0,1
3.512771417,1,1
3.512772500,0,1
3.512773500,1,1
3.512774625,0,1
3.512775625,1,1
3.512776708,0,1
3.512777750,1,1
3.512778833,0,1
3.512779833,1,1
3.512780958,0,1
3.512781958,1,1
3.512783042,0,1
3.512784083,1,1
3.512785167,0,1
3.512786167,1,1
3.512787250,0,1
3.512788292,1,1
3.512789375,0,1
3.512790375,1,1
3.512791458,0,1
3.512792500,1,1
3.512793583,0,1
3.512794625,1,1
3.512795708,0,1
3.512796708,1,1
3.512797792,0,1
3.512798833,1,1
3.512799917,0,1
3.512800958,1,1
3.512802042,0,1
3.512803042,1,1
3.512804125,0,1
3.512805167,1,1
3.512806250,0,1
3.512807250,1,1
3.512808375,0,1
3.512809375,1,1
3.512810458,0,1
3.512811500,1,1
3.512812583,0,1
3.512813583,1,1
3.512814667,0,1
3.512815708,1,1
3.512816792,0,1
3.512817833,1,1
3.512818917,0,1
3.512819917,1,1
3.512821000,0,1
3.512822208,1,1
3.512823250,0,1
3.512824333,1,1
3.512825333,0,1
3.512827458,1,1
3.512828458,1,0
3.512829458,0,0
3.512831417,1,0
3.512832417,1,1
3.512835542,1,0
3.512836500,0,0
3.512838625,1,0
3.512839625,0,0
3.512841708,1,0
3.512842750,0,0
3.512843792,0,1
3.512844833,1,1
3.512845833,0,1
3.512846875,0,0
3.512847917,1,0
3.512848917,0,0
3.512851000,1,0
3.512852042,0,0
3.512854125,1,0
3.512855125,0,0
3.512856167,0,1
3.512857250,1,1
3.512858250,0,1
3.512859333,0,0
3.512860333,1,0
3.512861333,0,0
3.512863417,1,0
3.512864417,0,0
3.512866542,1,0
3.512867542,0,0
3.512869625,1,0
3.512870625,0,0
3.512872750,1,0
3.512873750,0,0
3.512875833,1,0
3.512876833,0,0
3.512878958,1,0
3.512879958,0,0
3.512882042,1,0
3.512883042,0,0
3.512885125,1,0
3.512886167,0,0
3.512888250,1,0
3.512889250,0,0
3.512891333,1,0
3.512892333,0,0
3.512894458,1,0
3.512895458,0,0
3.512897542,1,0
3.512898542,0,0
3.512900667,1,0
3.512901667,0,0
3.512903750,1,0
3.512904750,0,0
3.512906875,1,0
3.512907875,0,0
3.512909958,1,0
3.512910958,0,0
3.512913083,1,0
3.512914083,0,0
3.512916167,1,0
3.512917167,0,0
3.512919250,1,0
3.512920292,0,0
3.512922375,1,0
3.512923375,0,0
3.512925458,1,0
3.512926500,0,0
3.512928583,1,0
3.512929583,0,0
3.512931667,1,0
3.512932667,0,0
3.512934792,1,0
3.512935792,0,0
3.512937875,1,0
3.512938875,0,0
3.512941000,1,0
3.512942000,0,0
3.512944083,1,0
3.512945083,0,0
3.512947208,1,0
3.512948208,0,0
3.512950292,1,0
3.512951292,0,0
3.512953417,1,0
3.512954417,0,0
3.512956500,1,0
3.512957500,0,0
3.512959625,1,0
3.512960625,0,0
3.512961625,0,1
3.512962750,1,1
3.512963750,0,1
3.512964958,1,1
3.512965958,0,1
3.512968125,1,1
3.512969167,0,1
3.512970208,1,1
3.512971292,0,1
3.512972333,1,1
3.512973375,0,1
3.512974417,1,1
3.512975542,0,1
3.512976542,1,1
3.512977625,0,0
3.512978667,1,0
3.512979750,0,0
3.512980125,0,1
3.512980792,1,1
3.512981833,0,1
3.512983000,1,1
3.512984083,0,1
3.512985125,1,1
3.512986167,0,1
3.512987208,1,1
3.512988167,0,1
3.512989208,1,1
3.512990292,0,1
3.512991292,1,1
3.512992417,0,1
3.512993417,1,1
3.512994500,0,1
3.512995542,1,1
3.512996625,0,1
3.512997625,1,1
3.512998708,0,1
3.512999750,1,1
3.513000833,0,1
3.513001875,1,1
3.513002958,0,1
3.513003958,1,1
3.513005042,0,1
3.513006083,1,1
3.513007167,0,1
3.513008167,1,1
3.513009292,0,1
3.513010292,1,1
3.513011375,0,1
3.513012417,1,1
3.513013500,0,1
3.513014500,1,1
3.513015625,0,1
3.513016625,1,1
3.513017708,0,1
3.513018750,1,1
3.513019833,0,1
3.513020833,1,1
3.513021917,0,1
3.513022958,1,1
3.513024042,0,1
3.513025083,1,1
3.513026167,0,1
3.513027167,1,1
3.513028250,0,1
3.513029292,1,1
3.513030375,0,1
3.513031375,1,1
3.513032500,0,1
3.513033500,1,1
3.513034583,0,1
3.513035625,1,1
3.513036708,0,1
3.513037708,1,1
3.513038833,0,1
3.513039833,1,1
3.513040917,0,1
3.513041958,1,1
3.513043042,0,1
3.513044042,1,1
3.513045125,0,1
3.513046167,1,1
3.513047250,0,1
3.513048250,1,1
3.513049375,0,1
3.513050583,1,1
3.513051583,0,1
3.513052667,1,1
3.513053708,0,1
3.513055792,1,1
3.513056833,1,0
3.513057792,0,0
3.513059792,1,0
3.513060750,1,1
3.513063875,1,0
3.513064875,0,0
3.513066958,1,0
3.513067958,0,0
3.513070083,1,0
3.513071083,0,0
3.513072125,0,1
3.513073167,1,1
3.513074208,0,1
3.513075250,0,0
3.513076292,1,0
3.513077292,0,0
3.513079375,1,0
3.513080375,0,0
3.513082500,1,0
3.513083500,0,0
3.513084542,0,1
3.513085583,1,1
3.513086583,0,1
3.513087667,0,0
3.513088667,1,0
3.513089667,0,0
3.513091792,1,0
3.513092792,0,0
3.513094875,1,0
3.513095875,0,0
3.513098000,1,0
3.513099000,0,0
3.513101083,1,0
3.513102083,0,0
3.513104167,1,0
3.513105208,0,0
3.513107292,1,0
3.513108292,0,0
3.513110375,1,0
3.513111375,0,0
3.513113500,1,0
3.513114500,0,0
3.513116583,1,0
3.513117583,0,0
3.513119708,1,0
3.513120708,0,0
3.513122792,1,0
3.513123792,0,0
3.513125917,1,0
3.513126917,0,0
3.513129000,1,0
3.513130000,0,0
3.513132125,1,0
3.513133125,0,0
3.513135208,1,0
3.513136208,0,0
3.513138333,1,0
3.513139333,0,0
3.513141417,1,0
3.513142417,0,0
3.513144500,1,0
3.513145542,0,0
3.513147625,1,0
3.513148625,0,0
3.513150708,1,0
3.513151708,0,0
3.513153833,1,0
3.513154833,0,0
3.513156917,1,0
3.513157917,0,0
3.513160042,1,0
3.513161042,0,0
3.513163125,1,0
3.513164125,0,0
3.513166250,1,0
3.513167250,0,0
3.513169333,1,0
3.513170333,0,0
3.513172458,1,0
3.513173458,0,0
3.513175542,1,0
3.513176542,0,0
3.513178667,1,0
3.513179667,0,0
3.513181750,1,0
3.513182750,0,0
3.513184875,1,0
3.513185875,0,0
3.513188000,1,0
3.513189000,0,0
3.513190000,0,1
3.513191083,1,1
3.513192083,0,1
3.513193333,1,1
3.513194333,0,1
3.513196458,1,1
3.513197542,0,1
3.513198583,1,1
3.513199667,0,1
3.513200667,1,1
3.513201750,0,1
3.513202792,1,1
3.513203875,0,1
3.513204917,1,1
3.513206000,0,0
3.513207042,1,0
3.513208125,0,0
3.513208417,0,1
3.513209125,1,1
3.513210208,0,1
3.513211375,1,1
3.513212458,0,1
3.513213500,1,1
3.513214542,0,1
3.513215583,1,1
3.513216542,0,1
3.513217583,1,1
3.513218667,0,1
3.513219667,1,1
3.513220750,0,1
3.513221792,1,1
3.513222875,0,1
3.513223875,1,1
3.513225000,0,1
3.513226000,1,1
3.513227083,0,1
3.513228125,1,1
3.513229208,0,1
3.513230208,1,1
3.513231333,0,1
3.513232333,1,1
3.513233417,0,1
3.513234458,1,1
3.513235542,0,1
3.513236542,1,1
3.513237625,0,1
3.513238667,1,1
3.513239750,0,1
3.513240792,1,1
3.513241875,0,1
3.513242875,1,1
3.513243958,0,1
3.513245000,1,1
3.513246083,0,1
3.513247125,1,1
3.513248208,0,1
3.513249208,1,1
3.513250292,0,1
3.513251333,1,1
3.513252417,0,1
3.513253417,1,1
3.513254542,0,1
3.513255542,1,1
3.513256625,0,1
3.513257667,1,1
3.513258750,0,1
3.513259750,1,1
3.513260875,0,1
3.513261875,1,1
3.513262958,0,1
3.513264000,1,1
3.513265083,0,1
3.513266083,1,1
3.513267208,0,1
3.513268208,1,1
3.513269292,0,1
3.513270333,1,1
3.513271417,0,1
3.513272417,1,1
3.513273542,0,1
3.513274542,1,1
3.513275625,0,1
3.513276667,1,1
3.513277750,0,1
3.513278958,1,1
3.513279958,0,1
3.513281042,1,1
3.513282083,0,1
3.513284167,1,1
3.513285208,1,0
3.513286208,0,0
3.513288167,1,0
3.513289167,1,1
3.513292250,1,0
3.513293250,0,0
3.513295333,1,0
3.513296333,0,0
3.513298458,1,0
3.513299458,0,0
3.513300500,0,1
3.513301542,1,1
3.513302583,0,1
3.513303625,0,0
3.513304667,1,0
3.513305667,0,0
3.513307750,1,0
3.513308750,0,0
3.513310875,1,0
3.513311875,0,0
3.513312917,0,1
3.513313958,1,1
3.513315000,0,1
3.513316083,0,0
3.513317042,1,0
3.513318083,0,0
3.513320167,1,0
3.513321167,0,0
3.513323250,1,0
3.513324250,0,0
3.513326375,1,0
3.513327375,0,0
3.513329458,1,0
3.513330458,0,0
3.513332583,1,0
3.513333583,0,0
3.513335667,1,0
3.513336667,0,0
3.513338792,1,0
3.513339792,0,0
3.513341875,1,0
3.513342875,0,0
3.513345000,1,0
3.513346000,0,0
3.513348083,1,0
3.513349083,0,0
3.513351208,1,0
3.513352208,0,0
3.513354292,1,0
3.513355292,0,0
3.513357417,1,0
3.513358417,0,0
3.513360500,1,0
3.513361500,0,0
3.513363625,1,0
3.513364625,0,0
3.513366708,1,0
3.513367708,0,0
3.513369792,1,0
3.513370833,0,0
3.513372917,1,0
3.513373917,0,0
3.513376000,1,0
3.513377042,0,0
3.513379125,1,0
3.513380125,0,0
3.513382208,1,0
3.513383208,0,0
3.513385333,1,0
3.513386333,0,0
3.513388417,1,0
3.513389417,0,0
3.513391542,1,0
3.513392542,0,0
3.513394625,1,0
3.513395625,0,0
3.513397750,1,0
3.513398750,0,0
3.513400833,1,0
3.513401833,0,0
3.513403958,1,0
3.513404958,0,0
3.513407042,1,0
3.513408042,0,0
3.513410167,1,0
3.513411167,0,0
3.513413250,1,0
3.513414250,0,0
3.513416375,1,0
3.513417375,0,0
3.513418375,0,1
3.513419500,1,1
3.513420500,0,1
3.513421708,1,1
3.513422708,0,1
3.513424875,1,1
3.513425958,0,1
3.513426958,1,1
3.513428042,0,1
3.513429083,1,1
3.513430125,0,1
3.513431167,1,1
3.513432292,0,1
3.513433333,1,1
3.513434375,0,0
3.513435417,1,0
3.513436500,0,0
3.513436875,0,1
3.513437542,1,1
3.513438583,0,1
3.513439750,1,1
3.513440833,0,1
3.513441875,1,1
3.513442958,0,1
3.513443958,1,1
3.513444958,0,1
3.513445958,1,1
3.513447042,0,1
3.513448083,1,1
3.513449167,0,1
3.513450167,1,1
3.513451250,0,1
3.513452292,1,1
3.513453375,0,1
3.513454417,1,1
3.513455500,0,1
3.513456500,1,1
3.513457583,0,1
3.513458625,1,1
3.513459708,0,1
3.513460750,1,1
3.513461833,0,1
3.513462833,1,1
3.513463917,0,1
3.513464958,1,1
3.513466042,0,1
3.513467042,1,1
3.513468167,0,1
3.513469167,1,1
3.513470250,0,1
3.513471292,1,1
3.513472375,0,1
3.513473375,1,1
3.513474500,0,1
3.513475500,1,1
3.513476583,0,1
3.513477625,1,1
3.513478708,0,1
3.513479708,1,1
3.513480833,0,1
3.513481833,1,1
3.513482917,0,1
3.513483958,1,1
3.513485042,0,1
3.513486042,1,1
3.513487167,0,1
3.513488167,1,1
3.513489250,0,1
3.513490292,1,1
3.513491375,0,1
3.513492375,1,1
3.513493458,0,1
3.513494500,1,1
3.513495583,0,1
3.513496583,1,1
3.513497708,0,1
3.513498708,1,1
3.513499792,0,1
3.513500833,1,1
3.513501917,0,1
3.513502917,1,1
3.513504042,0,1
3.513505042,1,1
3.513506125,0,1
3.513507333,1,1
3.513508375,0,1
3.513509458,1,1
3.513510458,0,1
3.513512583,1,1
3.513513583,1,0
3.513514583,0,0
3.513516542,1,0
3.513517542,1,1
3.513520667,1,0
3.513521625,0,0
3.513523708,1,0
3.513524750,0,0
3.513526833,1,0
3.513527833,0,0
3.513528917,0,1
3.513529958,1,1
3.513530958,0,1
3.513532000,0,0
3.513533042,1,0
3.513534042,0,0
3.513536125,1,0
3.513537125,0,0
3.513539250,1,0
3.513540250,0,0
3.513541292,0,1
3.513542375,1,1
3.513543375,0,1
3.513544458,0,0
3.513545458,1,0
3.513546458,0,0
3.513548542,1,0
3.513549542,0,0
3.513551667,1,0
3.513552667,0,0
3.513554750,1,0
3.513555750,0,0
3.513557875,1,0
3.513558875,0,0
3.513560958,1,0
3.513561958,0,0
3.513564083,1,0
3.513565083,0,0
3.513567167,1,0
3.513568167,0,0
3.513570292,1,0
3.513571292,0,0
3.513573375,1,0
3.513574375,0,0
3.513576458,1,0
3.513577458,0,0
3.513579583,1,0
3.513580583,0,0
3.513582667,1,0
3.513583667,0,0
3.513585792,1,0
3.513586792,0,0
3.513588875,1,0
3.513589875,0,0
3.513592000,1,0
3.513593000,0,0
3.513595083,1,0
3.513596083,0,0
3.513598208,1,0
3.513599208,0,0
3.513601292,1,0
3.513602292,0,0
3.513604417,1,0
3.513605417,0,0
3.513607500,1,0
3.513608500,0,0
3.513610625,1,0
3.513611625,0,0
3.513613708,1,0
3.513614708,0,0
3.513616833,1,0
3.513617833,0,0
3.513619917,1,0
3.513620917,0,0
3.513623000,1,0
3.513624000,0,0
3.513626125,1,0
3.513627125,0,0
3.513629208,1,0
3.513630208,0,0
3.513632333,1,0
3.513633333,0,0
3.513635417,1,0
3.513636417,0,0
3.513638542,1,0
3.513639542,0,0
3.513641625,1,0
3.513642625,0,0
3.513644750,1,0
3.513645750,0,0
3.513646792,0,1
3.513647875,1,1
3.513648875,0,1
3.513650083,1,1
3.513651125,0,1
3.513653250,1,1
3.513654333,0,1
3.513655375,1,1
3.513656417,0,1
3.513657458,1,1
3.513658542,0,1
3.513659583,1,1
3.513660667,0,1
3.513661708,1,1
3.513662750,0,1
3.513662792,0,0
3.513663833,1,0
3.513664875,0,0
3.513665292,0,1
3.513665917,1,1
3.513667000,0,1
3.513668167,1,1
3.513669208,0,1
3.513670250,1,1
3.513671333,0,1
3.513672333,1,1
3.513673333,0,1
3.513674333,1,1
3.513675417,0,1
3.513676458,1,1
3.513677542,0,1
3.513678542,1,1
3.513679667,0,1
3.513680667,1,1
3.513681750,0,1
3.513682792,1,1
3.513683875,0,1
3.513684875,1,1
3.513685958,0,1
3.513687000,1,1
3.513688083,0,1
3.513689125,1,1
3.513690208,0,1
3.513691208,1,1
3.513692292,0,1
3.513693333,1,1
3.513694417,0,1
3.513695458,1,1
3.513696542,0,1
3.513697542,1,1
3.513698667,0,1
3.513699667,1,1
3.513700750,0,1
3.513701792,1,1
3.513702875,0,1
3.513703875,1,1
3.513704958,0,1
3.513706000,1,1
3.513707083,0,1
3.513708083,1,1
3.513709208,0,1
3.513710208,1,1
3.513711292,0,1
3.513712333,1,1
3.513713417,0,1
3.513714417,1,1
3.513715542,0,1
3.513716542,1,1
3.513717625,0,1
3.513718667,1,1
3.513719750,0,1
3.513720750,1,1
3.513721875,0,1
3.513722875,1,1
3.513723958,0,1
3.513725000,1,1
3.513726083,0,1
3.513727083,1,1
3.513728167,0,1
3.513729208,1,1
3.513730292,0,1
3.513731292,1,1
3.513732417,0,1
3.513733417,1,1
3.513734500,0,1
3.513735708,1,1
3.513736750,0,1
3.513737833,1,1
3.513738833,0,1
3.513740958,1,1
3.513741958,1,0
3.513742958,0,0
3.513744917,1,0
3.513745917,1,1
3.513749000,1,0
3.513750000,0,0
3.513752083,1,0
3.513753125,0,0
3.513755208,1,0
3.513756208,0,0
3.513757292,0,1
3.513758333,1,1
3.513759333,0,1
3.513760375,0,0
3.513761417,1,0
3.513762417,0,0
3.513764500,1,0
3.513765542,0,0
3.513767625,1,0
3.513768625,0,0
3.513769667,0,1
3.513770708,1,1
3.513771750,0,1
3.513772833,0,0
3.513773833,1,0
3.513774833,0,0
3.513776917,1,0
3.513777917,0,0
3.513780042,1,0
3.513781042,0,0
3.513783125,1,0
3.513784125,0,0
3.513786250,1,0
3.513787250,0,0
3.513789333,1,0
3.513790333,0,0
3.513792417,1,0
3.513793417,0,0
3.513795542,1,0
3.513796542,0,0
3.513798625,1,0
3.513799625,0,0
3.513801750,1,0
3.513802750,0,0
3.513804833,1,0
3.513805833,0,0
3.513807958,1,0
3.513808958,0,0
3.513811042,1,0
3.513812042,0,0
3.513814167,1,0
3.513815167,0,0
3.513817250,1,0
3.513818250,0,0
3.513820375,1,0
3.513821375,0,0
3.513823458,1,0
3.513824458,0,0
3.513826583,1,0
3.513827583,0,0
3.513829667,1,0
3.513830667,0,0
3.513832792,1,0
3.513833792,0,0
3.513835875,1,0
3.513836875,0,0
3.513838958,1,0
3.513839958,0,0
3.513842083,1,0
3.513843083,0,0
3.513845167,1,0
3.513846167,0,0
3.513848292,1,0
3.513849292,0,0
3.513851375,1,0
3.513852375,0,0
3.513854500,1,0
3.513855500,0,0
3.513857583,1,0
3.513858583,0,0
3.513860708,1,0
3.513861708,0,0
3.513863792,1,0
3.513864792,0,0
3.513866917,1,0
3.513867917,0,0
3.513870000,1,0
3.513871000,0,0
3.513873167,1,0
3.513874125,0,0
3.513875167,0,1
3.513876250,1,1
3.513877250,0,1
3.513878458,1,1
3.513879500,0,1
3.513881625,1,1
3.513882708,0,1
3.513883750,1,1
3.513884792,0,1
3.513885833,1,1
3.513886917,0,1
3.513887958,1,1
3.513889042,0,1
3.513890083,1,1
3.513891125,0,1
3.513891167,0,0
3.513892208,1,0
3.513893250,0,0
3.513893583,0,1
3.513894292,1,1
3.513895375,0,1
3.513896542,1,1
3.513897583,0,1
3.513898625,1,1
3.513899708,0,1
3.513900708,1,1
3.513901708,0,1
3.513902708,1,1
3.513903792,0,1
3.513904833,1,1
3.513905917,0,1
3.513906917,1,1
3.513908042,0,1
3.513909042,1,1
3.513910125,0,1
3.513911167,1,1
3.513912250,0,1
3.513913250,1,1
3.513914375,0,1
3.513915375,1,1
3.513916458,0,1
3.513917500,1,1
3.513918583,0,1
3.513919583,1,1
3.513920667,0,1
3.513921708,1,1
3.513922792,0,1
3.513923833,1,1
3.513924917,0,1
3.513925917,1,1
3.513927000,0,1
3.513928042,1,1
3.513929125,0,1
3.513930167,1,1
3.513931250,0,1
3.513932250,1,1
3.513933375,0,1
3.513934375,1,1
3.513935458,0,1
3.513936500,1,1
3.513937583,0,1
3.513938583,1,1
3.513939667,0,1
3.513940708,1,1
3.513941792,0,1
3.513942792,1,1
3.513943917,0,1
3.513944917,1,1
3.513946000,0,1
3.513947042,1,1
3.513948125,0,1
3.513949125,1,1
3.513950250,0,1
3.513951250,1,1
3.513952333,0,1
3.513953375,1,1
3.513954458,0,1
3.513955458,1,1
3.513956583,0,1
3.513957583,1,1
3.513958667,0,1
3.513959708,1,1
3.513960792,0,1
3.513961792,1,1
3.513962917,0,1
3.513964125,1,1
3.513965125,0,1
3.513966208,1,1
3.513967250,0,1
3.513969333,1,1
3.513970375,1,0
3.513971333,0,0
3.513973333,1,0
3.513974292,1,1
3.513977417,1,0
3.513978417,0,0
3.513980500,1,0
3.513981500,0,0
3.513983625,1,0
3.513984625,0,0
3.513985667,0,1
3.513986708,1,1
3.513987708,0,1
3.513988792,0,0
3.513989833,1,0
3.513990833,0,0
3.513992917,1,0
3.513993917,0,0
3.513996042,1,0
3.513997042,0,0
3.513998083,0,1
3.513999125,1,1
3.514000167,0,1
3.514001250,0,0
3.514002208,1,0
3.514003208,0,0
3.514005333,1,0
3.514006333,0,0
3.514008417,1,0
3.514009417,0,0
3.514011542,1,0
3.514012542,0,0
3.514014625,1,0
3.514015625,0,0
3.514017750,1,0
3.514018750,0,0
3.514020833,1,0
3.514021833,0,0
3.514023958,1,0
3.514024958,0,0
3.514027042,1,0
3.514028042,0,0
3.514030167,1,0
3.514031167,0,0
3.514033250,1,0
3.514034250,0,0
3.514036375,1,0
3.514037375,0,0
3.514039458,1,0
3.514040458,0,0
3.514042583,1,0
3.514043583,0,0
3.514045667,1,0
3.514046667,0,0
3.514048792,1,0
3.514049792,0,0
3.514051875,1,0
3.514052875,0,0
3.514054958,1,0
3.514055958,0,0
3.514058083,1,0
3.514059083,0,0
3.514061167,1,0
3.514062208,0,0
3.514064292,1,0
3.514065292,0,0
3.514067375,1,0
3.514068375,0,0
3.514070500,1,0
3.514071500,0,0
3.514073583,1,0
3.514074583,0,0
3.514076708,1,0
3.514077708,0,0
3.514079792,1,0
3.514080792,0,0
3.514082917,1,0
3.514083917,0,0
3.514086000,1,0
3.514087000,0,0
3.514089125,1,0
3.514090125,0,0
3.514092208,1,0
3.514093208,0,0
3.514095333,1,0
3.514096333,0,0
3.514098417,1,0
3.514099417,0,0
3.514101583,1,0
3.514102542,0,0
3.514103583,0,1
3.514104667,1,1
3.514105667,0,1
3.514106875,1,1
3.514107917,0,1
3.514110042,1,1
3.514111125,0,1
3.514112167,1,1
3.514113208,0,1
3.514114250,1,1
3.514115333,0,1
3.514116375,1,1
3.514117458,0,1
3.514118500,1,1
3.514119542,0,1
3.514119583,0,0
3.514120625,1,0
3.514121667,0,0
3.514121958,0,1
3.514122708,1,1
3.514123792,0,1
3.514124958,1,1
3.514126000,0,1
3.514127042,1,1
3.514128125,0,1
3.514129125,1,1
3.514130125,0,1
3.514131125,1,1
3.514132208,0,1
3.514133250,1,1
3.514134333,0,1
3.514135375,1,1
3.514136458,0,1
3.514137458,1,1
3.514138542,0,1
3.514139583,1,1
3.514140667,0,1
3.514141667,1,1
3.514142792,0,1
3.514143792,1,1
3.514144875,0,1
3.514145917,1,1
3.514147000,0,1
3.514148000,1,1
3.514149125,0,1
3.514150125,1,1
3.514151208,0,1
3.514152250,1,1
3.514153333,0,1
3.514154333,1,1
3.514155417,0,1
3.514156458,1,1
3.514157542,0,1
3.514158583,1,1
3.514159667,0,1
3.514160667,1,1
3.514161750,0,1
3.514162792,1,1
3.514163875,0,1
3.514164917,1,1
3.514166000,0,1
3.514167000,1,1
3.514168083,0,1
3.514169125,1,1
3.514170208,0,1
3.514171208,1,1
3.514172333,0,1
3.514173333,1,1
3.514174417,0,1
3.514175458,1,1
3.514176542,0,1
3.514177542,1,1
3.514178667,0,1
3.514179667,1,1
3.514180750,0,1
3.514181792,1,1
3.514182875,0,1
3.514183875,1,1
3.514185000,0,1
3.514186000,1,1
3.514187083,0,1
3.514188125,1,1
3.514189208,0,1
3.514190208,1,1
3.514191333,0,1
3.514192500,1,1
3.514193542,0,1
3.514194625,1,1
3.514195625,0,1
3.514197750,1,1
3.514198750,1,0
3.514199750,0,0
3.514201708,1,0
3.514202708,1,1
3.514205833,1,0
3.514206792,0,0
3.514208917,1,0
3.514209917,0,0
3.514212000,1,0
3.514213042,0,0
3.514214083,0,1
3.514215125,1,1
3.514216125,0,1
3.514217167,0,0
3.514218250,1,0
3.514219208,0,0
3.514221333,1,0
3.514222333,0,0
3.514224417,1,0
3.514225417,0,0
3.514226500,0,1
3.514227542,1,1
3.514228542,0,1
3.514229625,0,0
3.514230625,1,0
3.514231625,0,0
3.514233708,1,0
3.514234708,0,0
3.514236833,1,0
3.514237833,0,0
3.514239917,1,0
3.514240917,0,0
3.514243042,1,0
3.514244042,0,0
3.514246125,1,0
3.514247125,0,0
3.514249250,1,0
3.514250250,0,0
3.514252333,1,0
3.514253333,0,0
3.514255458,1,0
3.514256458,0,0
3.514258542,1,0
3.514259542,0,0
3.514261667,1,0
3.514262667,0,0
3.514264750,1,0
3.514265750,0,0
3.514267875,1,0
3.514268875,0,0
3.514270958,1,0
3.514271958,0,0
3.514274083,1,0
3.514275083,0,0
3.514277167,1,0
3.514278167,0,0
3.514280250,1,0
3.514281250,0,0
3.514283375,1,0
3.514284375,0,0
3.514286458,1,0
3.514287458,0,0
3.514289583,1,0
3.514290583,0,0
3.514292667,1,0
3.514293667,0,0
3.514295792,1,0
3.514296792,0,0
3.514298875,1,0
3.514299875,0,0
3.514302000,1,0
3.514303000,0,0
3.514305083,1,0
3.514306083,0,0
3.514308208,1,0
3.514309208,0,0
3.514311292,1,0
3.514312292,0,0
3.514314417,1,0
3.514315417,0,0
3.514317500,1,0
3.514318500,0,0
3.514320625,1,0
3.514321625,0,0
3.514323708,1,0
3.514324708,0,0
3.514326792,1,0
3.514327792,0,0
3.514329958,1,0
3.514330917,0,0
3.514331958,0,1
3.514333042,1,1
3.514334042,0,1
3.514335250,1,1
3.514336292,0,1
3.514338417,1,1
3.514339500,0,1
3.514340542,1,1
3.514341583,0,1
3.514342625,1,1
3.514343708,0,1
3.514344750,1,1
3.514345833,0,1
3.514346875,1,1
3.514347917,0,1
3.514347958,0,0
3.514349000,1,0
3.514350042,0,0
3.514350417,0,1
3.514351083,1,1
3.514352167,0,1
3.514353333,1,1
3.514354375,0,1
3.514355417,1,1
3.514356500,0,1
3.514357500,1,1
3.514358500,0,1
3.514359500,1,1
3.514360583,0,1
3.514361625,1,1
3.514362708,0,1
3.514363708,1,1
3.514364833,0,1
3.514365833,1,1
3.514366917,0,1
3.514367958,1,1
3.514369042,0,1
3.514370042,1,1
3.514371125,0,1
3.514372167,1,1
3.514373250,0,1
3.514374292,1,1
3.514375375,0,1
3.514376375,1,1
3.514377458,0,1
3.514378500,1,1
3.514379583,0,1
3.514380583,1,1
3.514381708,0,1
3.514382708,1,1
3.514383792,0,1
3.514384833,1,1
3.514385917,0,1
3.514386917,1,1
3.514388000,0,1
3.514389042,1,1
3.514390125,0,1
3.514391167,1,1
3.514392250,0,1
3.514393250,1,1
3.514394333,0,1
3.514395375,1,1
3.514396458,0,1
3.514397458,1,1
3.514398583,0,1
3.514399583,1,1
3.514400667,0,1
3.514401708,1,1
3.514402792,0,1
3.514403792,1,1
3.514404917,0,1
3.514405917,1,1
3.514407000,0,1
3.514408042,1,1
3.514409125,0,1
3.514410125,1,1
3.514411208,0,1
3.514412250,1,1
3.514413333,0,1
3.514414375,1,1
3.514415458,0,1
3.514416458,1,1
3.514417542,0,1
3.514418583,1,1
3.514419667,0,1
3.514420875,1,1
3.514421875,0,1
3.514423000,1,1
3.514424000,0,1
3.514426125,1,1
3.514427125,1,0
3.514428125,0,0
3.514430083,1,0
3.514431083,1,1
3.514434167,1,0
3.514435167,0,0
3.514437250,1,0
3.514438292,0,0
3.514440375,1,0
3.514441375,0,0
3.514442417,0,1
3.514443500,1,1
3.514444500,0,1
3.514445542,0,0
3.514446583,1,0
3.514447583,0,0
3.514449667,1,0
3.514450667,0,0
3.514452792,1,0
3.514453792,0,0
3.514454833,0,1
3.514455875,1,1
3.514456917,0,1
3.514458000,0,0
3.514459000,1,0
3.514460000,0,0
3.514462083,1,0
3.514463083,0,0
3.514465208,1,0
3.514466208,0,0
3.514468292,1,0
3.514469292,0,0
3.514471417,1,0
3.514472417,0,0
3.514474500,1,0
3.514475500,0,0
3.514477583,1,0
3.514478583,0,0
3.514480708,1,0
3.514481708,0,0
3.514483792,1,0
3.514484833,0,0
3.514486917,1,0
3.514487917,0,0
3.514490000,1,0
3.514491000,0,0
3.514493125,1,0
3.514494125,0,0
3.514496208,1,0
3.514497208,0,0
3.514499333,1,0
3.514500333,0,0
3.514502417,1,0
3.514503417,0,0
3.514505542,1,0
3.514506542,0,0
3.514508625,1,0
3.514509625,0,0
3.514511750,1,0
3.514512750,0,0
3.514514833,1,0
3.514515833,0,0
3.514517958,1,0
3.514518958,0,0
3.514521042,1,0
3.514522042,0,0
3.514524167,1,0
3.514525167,0,0
3.514527250,1,0
3.514528250,0,0
3.514530375,1,0
3.514531375,0,0
3.514533458,1,0
3.514534458,0,0
3.514536583,1,0
3.514537583,0,0
3.514539667,1,0
3.514540667,0,0
3.514542792,1,0
3.514543792,0,0
3.514545875,1,0
3.514546875,0,0
3.514549000,1,0
3.514550000,0,0
3.514552083,1,0
3.514553083,0,0
3.514555167,1,0
3.514556167,0,0
3.514558333,1,0
3.514559292,0,0
3.514560333,0,1
3.514561417,1,1
3.514562417,0,1
3.514563625,1,1
3.514564667,0,1
3.514566792,1,1
3.514567875,0,1
3.514568917,1,1
3.514569958,0,1
3.514571000,1,1
3.514572083,0,1
3.514573125,1,1
3.514574208,0,1
3.514575250,1,1
3.514576292,0,1
3.514576333,0,0
3.514577375,1,0
3.514578417,0,0
3.514578792,0,1
3.514579458,1,1
3.514580542,0,1
3.514581708,1,1
3.514582750,0,1
3.514583792,1,1
3.514584875,0,1
3.514585875,1,1
3.514586875,0,1
3.514587875,1,1
3.514588958,0,1
3.514590000,1,1
3.514591083,0,1
3.514592083,1,1
3.514593208,0,1
3.514594208,1,1
3.514595292,0,1
3.514596333,1,1
3.514597417,0,1
3.514598417,1,1
3.514599542,0,1
3.514600542,1,1
3.514601625,0,1
3.514602667,1,1
3.514603750,0,1
3.514604750,1,1
3.514605833,0,1
3.514606875,1,1
3.514607958,0,1
3.514609000,1,1
3.514610083,0,1
3.514611083,1,1
3.514612208,0,1
3.514613208,1,1
3.514614292,0,1
3.514615333,1,1
3.514616417,0,1
3.514617417,1,1
3.514618500,0,1
3.514619542,1,1
3.514620625,0,1
3.514621667,1,1
3.514622750,0,1
3.514623750,1,1
3.514624833,0,1
3.514625875,1,1
3.514626958,0,1
3.514627958,1,1
3.514629083,0,1
3.514630083,1,1
3.514631167,0,1
3.514632208,1,1
3.514633292,0,1
3.514634292,1,1
3.514635417,0,1
3.514636417,1,1
3.514637500,0,1
3.514638542,1,1
3.514639625,0,1
3.514640625,1,1
3.514641708,0,1
3.514642750,1,1
3.514643833,0,1
3.514644875,1,1
3.514645958,0,1
3.514646958,1,1
3.514648042,0,1
3.514649250,1,1
3.514650292,0,1
3.514651375,1,1
3.514652375,0,1
3.514654500,1,1
3.514655500,1,0
3.514656500,0,0
3.514658458,1,0
3.514659458,1,1
3.514662583,1,0
3.514663542,0,0
3.514665667,1,0
3.514666667,0,0
3.514668750,1,0
3.514669750,0,0
3.514670833,0,1
3.514671875,1,1
3.514672875,0,1
3.514673917,0,0
3.514674958,1,0
3.514675958,0,0
3.514678042,1,0
3.514679083,0,0
3.514681167,1,0
3.514682167,0,0
3.514683250,0,1
3.514684292,1,1
3.514685292,0,1
3.514686375,0,0
3.514687375,1,0
3.514688375,0,0
3.514690458,1,0
3.514691458,0,0
3.514693583,1,0
3.514694583,0,0
3.514696667,1,0
3.514697667,0,0
3.514699792,1,0
3.514700792,0,0
3.514702875,1,0
3.514703875,0,0
3.514706000,1,0
3.514707000,0,0
3.514709083,1,0
3.514710083,0,0
3.514712208,1,0
3.514713208,0,0
3.514715292,1,0
3.514716292,0,0
3.514718417,1,0
3.514719417,0,0
3.514721500,1,0
3.514722500,0,0
3.514724583,1,0
3.514725625,0,0
3.514727708,1,0
3.514728708,0,0
3.514730792,1,0
3.514731792,0,0
3.514733917,1,0
3.514734917,0,0
3.514737000,1,0
3.514738000,0,0
3.514740125,1,0
3.514741125,0,0
3.514743208,1,0
3.514744208,0,0
3.514746333,1,0
3.514747333,0,0
3.514749417,1,0
3.514750417,0,0
3.514752542,1,0
3.514753542,0,0
3.514755625,1,0
3.514756625,0,0
3.514758750,1,0
3.514759750,0,0
3.514761833,1,0
3.514762833,0,0
3.514764958,1,0
3.514765958,0,0
3.514768042,1,0
3.514769042,0,0
3.514771125,1,0
3.514772125,0,0
3.514774250,1,0
3.514775250,0,0
3.514777333,1,0
3.514778333,0,0
3.514780458,1,0
3.514781458,0,0
3.514783542,1,0
3.514784542,0,0
3.514786708,1,0
3.514787667,0,0
3.514788708,0,1
3.514789792,1,1
3.514790792,0,1
3.514792000,1,1
3.514793042,0,1
3.514795167,1,1
3.514796250,0,1
3.514797292,1,1
3.514798333,0,1
3.514799375,1,1
3.514800458,0,1
3.514801500,1,1
3.514802583,0,1
3.514803625,1,1
3.514804667,0,1
3.514804708,0,0
3.514805750,1,0
3.514806792,0,0
3.514807083,0,1
3.514807833,1,1
3.514808917,0,1
3.514810083,1,1
3.514811125,0,1
3.514812167,1,1
3.514813250,0,1
3.514814250,1,1
3.514815250,0,1
3.514816250,1,1
3.514817333,0,1
3.514818375,1,1
3.514819458,0,1
3.514820458,1,1
3.514821583,0,1
3.514822583,1,1
3.514823667,0,1
3.514824708,1,1
3.514825792,0,1
3.514826792,1,1
3.514827917,0,1
3.514828917,1,1
3.514830000,0,1
3.514831042,1,1
3.514832125,0,1
3.514833125,1,1
3.514834208,0,1
3.514835250,1,1
3.514836333,0,1
3.514837333,1,1
3.514838458,0,1
3.514839458,1,1
3.514840542,0,1
3.514841583,1,1
3.514842667,0,1
3.514843667,1,1
3.514844750,0,1
3.514845792,1,1
3.514846875,0,1
3.514847917,1,1
3.514849000,0,1
3.514850000,1,1
3.514851083,0,1
3.514852125,1,1
3.514853208,0,1
3.514854250,1,1
3.514855333,0,1
3.514856333,1,1
3.514857417,0,1
3.514858458,1,1
3.514859542,0,1
3.514860542,1,1
3.514861667,0,1
3.514862667,1,1
3.514863750,0,1
3.514864792,1,1
3.514865875,0,1
3.514866875,1,1
3.514868000,0,1
3.514869000,1,1
3.514870083,0,1
3.514871125,1,1
3.514872208,0,1
3.514873208,1,1
3.514874333,0,1
3.514875333,1,1
3.514876417,0,1
3.514877625,1,1
3.514878625,0,1
3.514879750,1,1
3.514880750,0,1
3.514882875,1,1
3.514883875,1,0
3.514884875,0,0
3.514886833,1,0
3.514887833,1,1
3.514890958,1,0
3.514891917,0,0
3.514894000,1,0
3.514895042,0,0
3.514897125,1,0
3.514898125,0,0
3.514899167,0,1
3.514900250,1,1
3.514901250,0,1
3.514902292,0,0
3.514903333,1,0
3.514904333,0,0
3.514906417,1,0
3.514907417,0,0
3.514909542,1,0
3.514910542,0,0
3.514911583,0,1
3.514912667,1,1
3.514913667,0,1
3.514914750,0,0
3.514915750,1,0
3.514916750,0,0
3.514918833,1,0
3.514919833,0,0
3.514921958,1,0
3.514922958,0,0
3.514925042,1,0
3.514926042,0,0
3.514928125,1,0
3.514929167,0,0
3.514931250,1,0
3.514932250,0,0
3.514934333,1,0
3.514935333,0,0
3.514937458,1,0
3.514938458,0,0
3.514940542,1,0
3.514941542,0,0
3.514943667,1,0
3.514944667,0,0
3.514946750,1,0
3.514947750,0,0
3.514949875,1,0
3.514950875,0,0
3.514952958,1,0
3.514953958,0,0
3.514956083,1,0
3.514957083,0,0
3.514959167,1,0
3.514960167,0,0
3.514962292,1,0
3.514963292,0,0
3.514965375,1,0
3.514966375,0,0
3.514968500,1,0
3.514969500,0,0
3.514971583,1,0
3.514972583,0,0
3.514974708,1,0
3.514975708,0,0
3.514977792,1,0
3.514978792,0,0
3.514980917,1,0
3.514981917,0,0
3.514984000,1,0
3.514985000,0,0
3.514987083,1,0
3.514988083,0,0
3.514990208,1,0
3.514991208,0,0
3.514993292,1,0
3.514994292,0,0
3.514996417,1,0
3.514997417,0,0
3.514999500,1,0
3.515000500,0,0
3.515002625,1,0
3.515003625,0,0
3.515005708,1,0
3.515006708,0,0
3.515008833,1,0
3.515009833,0,0
3.515011917,1,0
3.515012917,0,0
3.515015042,1,0
3.515016042,0,0
3.515017042,0,1
3.515018167,1,1
3.515019167,0,1
3.515020375,1,1
3.515021375,0,1
3.515023542,1,1
3.515024583,0,1
3.515025625,1,1
3.515026708,0,1
3.515027750,1,1
3.515028792,0,1
3.515029833,1,1
3.515030917,0,1
3.515031958,1,1
3.515033042,0,0
3.515034083,1,0
3.515035167,0,0
3.515035542,0,1
3.515036208,1,1
3.515037250,0,1
3.515038417,1,1
3.515039500,0,1
3.515040542,1,1
3.515041583,0,1
3.515042625,1,1
3.515043583,0,1
3.515044625,1,1
3.515045708,0,1
3.515046750,1,1
3.515047833,0,1
3.515048833,1,1
3.515049917,0,1
3.515050958,1,1
3.515052042,0,1
3.515053042,1,1
3.515054167,0,1
3.515055167,1,1
3.515056250,0,1
3.515057292,1,1
3.515058375,0,1
3.515059375,1,1
3.515060458,0,1
3.515061500,1,1
3.515062583,0,1
3.515063625,1,1
3.515064708,0,1
3.515065708,1,1
3.515066792,0,1
3.515067833,1,1
3.515068917,0,1
3.515069958,1,1
3.515071042,0,1
3.515072042,1,1
3.515073125,0,1
3.515074167,1,1
3.515075250,0,1
3.515076250,1,1
3.515077375,0,1
3.515078375,1,1
3.515079458,0,1
3.515080500,1,1
3.515081583,0,1
3.515082583,1,1
3.515083667,0,1
3.515084708,1,1
3.515085792,0,1
3.515086833,1,1
3.515087917,0,1
3.515088917,1,1
3.515090000,0,1
3.515091042,1,1
3.515092125,0,1
3.515093125,1,1
3.515094250,0,1
3.515095250,1,1
3.515096333,0,1
3.515097375,1,1
3.515098458,0,1
3.515099458,1,1
3.515100583,0,1
3.515101583,1,1
3.515102667,0,1
3.515103708,1,1
3.515104792,0,1
3.515106000,1,1
3.515107000,0,1
3.515108083,1,1
3.515109125,0,1
3.515111208,1,1
3.515112250,1,0
3.515113208,0,0
3.515115208,1,0
3.515116167,1,1
3.515119292,1,0
3.515120292,0,0
3.515122375,1,0
3.515123375,0,0
3.515125500,1,0
3.515126500,0,0
3.515127542,0,1
3.515128583,1,1
3.515129583,0,1
3.515130667,0,0
3.515131708,1,0
3.515132667,0,0
3.515134792,1,0
3.515135792,0,0
3.515137875,1,0
3.515138917,0,0
3.515139958,0,1
3.515141000,1,1
3.515142000,0,1
3.515143083,0,0
3.515144083,1,0
3.515145083,0,0
3.515147208,1,0
3.515148208,0,0
3.515150292,1,0
3.515151292,0,0
3.515153417,1,0
3.515154417,0,0
3.515156500,1,0
3.515157500,0,0
3.515159583,1,0
3.515160583,0,0
3.515162708,1,0
3.515163708,0,0
3.515165792,1,0
3.515166792,0,0
3.515168917,1,0
3.515169917,0,0
3.515172000,1,0
3.515173000,0,0
3.515175125,1,0
3.515176125,0,0
3.515178208,1,0
3.515179208,0,0
3.515181333,1,0
3.515182333,0,0
3.515184417,1,0
3.515185417,0,0
3.515187542,1,0
3.515188542,0,0
3.515190625,1,0
3.515191625,0,0
3.515193750,1,0
3.515194750,0,0
3.515196833,1,0
3.515197833,0,0
3.515199917,1,0
3.515200917,0,0
3.515203042,1,0
3.515204042,0,0
3.515206125,1,0
3.515207125,0,0
3.515209250,1,0
3.515210250,0,0
3.515212333,1,0
3.515213333,0,0
3.515215458,1,0
3.515216458,0,0
3.515218542,1,0
3.515219542,0,0
3.515221667,1,0
3.515222667,0,0
3.515224750,1,0
3.515225750,0,0
3.515227875,1,0
3.515228875,0,0
3.515230958,1,0
3.515231958,0,0
3.515234083,1,0
3.515235083,0,0
3.515237167,1,0
3.515238167,0,0
3.515240292,1,0
3.515241292,0,0
3.515243417,1,0
3.515244375,0,0
3.515245417,0,1
3.515246500,1,1
3.515247500,0,1
3.515248708,1,1
3.515249750,0,1
3.515251875,1,1
3.515252958,0,1
3.515254000,1,1
3.515255083,0,1
3.515256083,1,1
3.515257167,0,1
3.515258208,1,1
3.515259292,0,1
3.515260333,1,1
3.515261417,0,0
3.515262458,1,0
3.515263500,0,0
3.515263958,0,1
3.515264542,1,1
3.515265625,0,1
3.515266792,1,1
3.515267833,0,1
3.515268875,1,1
3.515269958,0,1
3.515270958,1,1
3.515271958,0,1
3.515272958,1,1
3.515274083,0,1
3.515275083,1,1
3.515276167,0,1
3.515277208,1,1
3.515278292,0,1
3.515279292,1,1
3.515280417,0,1
3.515281417,1,1
3.515282500,0,1
3.515283542,1,1
3.515284625,0,1
3.515285625,1,1
3.515286750,0,1
3.515287750,1,1
3.515288833,0,1
3.515289875,1,1
3.515290958,0,1
3.515291958,1,1
3.515293083,0,1
3.515294083,1,1
3.515295167,0,1
3.515296208,1,1
3.515297292,0,1
3.515298292,1,1
3.515299375,0,1
3.515300417,1,1
3.515301500,0,1
3.515302542,1,1
3.515303625,0,1
3.515304625,1,1
3.515305708,0,1
3.515306750,1,1
3.515307833,0,1
3.515308833,1,1
3.515309958,0,1
3.515310958,1,1
3.515312042,0,1
3.515313083,1,1
3.515314167,0,1
3.515315167,1,1
3.515316292,0,1
3.515317292,1,1
3.515318375,0,1
3.515319417,1,1
3.515320500,0,1
3.515321500,1,1
3.515322625,0,1
3.515323625,1,1
3.515324708,0,1
3.515325750,1,1
3.515326833,0,1
3.515327833,1,1
3.515328917,0,1
3.515329958,1,1
3.515331042,0,1
3.515332083,1,1
3.515333167,0,1
3.515334375,1,1
3.515335375,0,1
3.515336458,1,1
3.515337500,0,1
3.515339625,1,1
3.515340625,1,0
3.515341625,0,0
3.515343583,1,0
3.515344542,1,1
3.515347667,1,0
3.515348667,0,0
3.515350750,1,0
3.515351750,0,0
3.515353875,1,0
3.515354875,0,0
3.515355917,0,1
3.515356958,1,1
3.515358000,0,1
3.515359042,0,0
3.515360083,1,0
3.515361083,0,0
3.515363167,1,0
3.515364167,0,0
3.515366292,1,0
3.515367292,0,0
3.515368333,0,1
3.515369375,1,1
3.515370375,0,1
3.515371458,0,0
3.515372458,1,0
3.515373458,0,0
3.515375583,1,0
3.515376583,0,0
3.515378667,1,0
3.515379667,0,0
3.515381792,1,0
3.515382792,0,0
3.515384875,1,0
3.515385875,0,0
3.515388000,1,0
3.515389000,0,0
3.515391083,1,0
3.515392083,0,0
3.515394208,1,0
3.515395208,0,0
3.515397292,1,0
3.515398292,0,0
3.515400417,1,0
3.515401417,0,0
3.515403500,1,0
3.515404500,0,0
3.515406625,1,0
3.515407625,0,0
3.515409708,1,0
3.515410708,0,0
3.515412833,1,0
3.515413833,0,0
3.515415917,1,0
3.515416917,0,0
3.515419042,1,0
3.515420042,0,0
3.515422125,1,0
3.515423125,0,0
3.515425250,1,0
3.515426250,0,0
3.515428333,1,0
3.515429333,0,0
3.515431417,1,0
3.515432417,0,0
3.515434542,1,0
3.515435542,0,0
3.515437625,1,0
3.515438625,0,0
3.515440750,1,0
3.515441750,0,0
3.515443833,1,0
3.515444833,0,0
3.515446958,1,0
3.515447958,0,0
3.515450042,1,0
3.515451042,0,0
3.515453167,1,0
3.515454167,0,0
3.515456250,1,0
3.515457250,0,0
3.515459375,1,0
3.515460375,0,0
3.515462458,1,0
3.515463458,0,0
3.515465583,1,0
3.515466583,0,0
3.515468667,1,0
3.515469667,0,0
3.515471792,1,0
3.515472792,0,0
3.515473792,0,1
3.515474917,1,1
3.515475917,0,1
3.515477125,1,1
3.515478125,0,1
3.515480292,1,1
3.515481333,0,1
3.515482375,1,1
3.515483458,0,1
3.515484500,1,1
3.515485542,0,1
3.515486583,1,1
3.515487708,0,1
3.515488750,1,1
3.515489792,0,0
3.515490833,1,0
3.515491917,0,0
3.515492208,0,1
3.515492958,1,1
3.515494000,0,1
3.515495208,1,1
3.515496250,0,1
3.515497292,1,1
3.515498333,0,1
3.515499375,1,1
3.515500333,0,1
3.515501375,1,1
3.515502458,0,1
3.515503500,1,1
3.515504583,0,1
3.515505583,1,1
3.515506667,0,1
3.515507708,1,1
3.515508792,0,1
3.515509833,1,1
3.515510917,0,1
3.515511917,1,1
3.515513000,0,1
3.515514042,1,1
3.515515125,0,1
3.515516125,1,1
3.515517250,0,1
3.515518250,1,1
3.515519333,0,1
3.515520375,1,1
3.515521458,0,1
3.515522458,1,1
3.515523583,0,1
3.515524583,1,1
3.515525667,0,1
3.515526708,1,1
3.515527792,0,1
3.515528792,1,1
3.515529875,0,1
3.515530917,1,1
3.515532000,0,1
3.515533042,1,1
3.515534125,0,1
3.515535125,1,1
3.515536208,0,1
3.515537250,1,1
3.515538333,0,1
3.515539333,1,1
3.515540458,0,1
3.515541458,1,1
3.515542542,0,1
3.515543583,1,1
3.515544667,0,1
3.515545667,1,1
3.515546792,0,1
3.515547792,1,1
3.515548875,0,1
3.515549917,1,1
3.515551000,0,1
3.515552000,1,1
3.515553125,0,1
3.515554125,1,1
3.515555208,0,1
3.515556250,1,1
3.515557333,0,1
3.515558333,1,1
3.515559458,0,1
3.515560458,1,1
3.515561542,0,1
3.515562750,1,1
3.515563750,0,1
3.515564875,1,1
3.515565875,0,1
3.515568000,1,1
3.515569000,1,0
3.515570000,0,0
3.515571958,1,0
3.515572958,1,1
3.515576083,1,0
3.515577042,0,0
3.515579167,1,0
3.515580167,0,0
3.515582250,1,0
3.515583250,0,0
3.515584333,0,1
3.515585375,1,1
3.515586375,0,1
3.515587417,0,0
3.515588500,1,0
3.515589458,0,0
3.515591583,1,0
3.515592583,0,0
3.515594667,1,0
3.515595667,0,0
3.515596750,0,1
3.515597792,1,1
3.515598792,0,1
3.515599875,0,0
3.515600875,1,0
3.515601875,0,0
3.515604000,1,0
3.515605000,0,0
3.515607083,1,0
3.515608083,0,0
3.515610208,1,0
3.515611208,0,0
3.515613292,1,0
3.515614292,0,0
3.515616375,1,0
3.515617417,0,0
3.515619500,1,0
3.515620500,0,0
3.515622583,1,0
3.515623625,0,0
3.515625708,1,0
3.515626708,0,0
3.515628792,1,0
3.515629792,0,0
3.515631917,1,0
3.515632917,0,0
3.515635000,1,0
3.515636042,0,0
3.515638125,1,0
3.515639125,0,0
3.515641208,1,0
3.515642208,0,0
3.515644333,1,0
3.515645333,0,0
3.515647417,1,0
3.515648417,0,0
3.515650542,1,0
3.515651542,0,0
3.515653625,1,0
3.515654625,0,0
3.515656750,1,0
3.515657750,0,0
3.515659833,1,0
3.515660833,0,0
3.515662958,1,0
3.515663958,0,0
3.515666042,1,0
3.515667042,0,0
3.515669167,1,0
3.515670167,0,0
3.515672250,1,0
3.515673250,0,0
3.515675375,1,0
3.515676375,0,0
3.515678458,1,0
3.515679458,0,0
3.515681583,1,0
3.515682583,0,0
3.515684667,1,0
3.515685667,0,0
3.515687792,1,0
3.515688792,0,0
3.515690875,1,0
3.515691875,0,0
3.515694000,1,0
3.515695000,0,0
3.515697083,1,0
3.515698083,0,0
3.515700208,1,0
3.515701208,0,0
3.515702250,0,1
3.515703333,1,1
3.515704333,0,1
3.515705542,1,1
3.515706583,0,1
3.515708708,1,1
3.515709792,0,1
3.515710833,1,1
3.515711875,0,1
3.515712917,1,1
3.515714000,0,1
3.515715042,1,1
3.515716125,0,1
3.515717167,1,1
3.515718208,0,1
3.515718250,0,0
3.515719292,1,0
3.515720333,0,0
3.515720667,0,1
3.515721375,1,1
3.515722458,0,1
3.515723625,1,1
3.515724667,0,1
3.515725708,1,1
3.515726792,0,1
3.515727792,1,1
3.515728792,0,1
3.515729792,1,1
3.515730875,0,1
3.515731917,1,1
3.515733000,0,1
3.515734042,1,1
3.515735125,0,1
3.515736125,1,1
3.515737208,0,1
3.515738250,1,1
3.515739333,0,1
3.515740375,1,1
3.515741458,0,1
3.515742458,1,1
3.515743542,0,1
3.515744583,1,1
3.515745667,0,1
3.515746708,1,1
3.515747792,0,1
3.515748792,1,1
3.515749875,0,1
3.515750917,1,1
3.515752000,0,1
3.515753000,1,1
3.515754125,0,1
3.515755125,1,1
3.515756208,0,1
3.515757250,1,1
3.515758333,0,1
3.515759333,1,1
3.515760458,0,1
3.515761458,1,1
3.515762542,0,1
3.515763583,1,1
3.515764667,0,1
3.515765667,1,1
3.515766792,0,1
3.515767792,1,1
3.515768875,0,1
3.515769917,1,1
3.515771000,0,1
3.515772000,1,1
3.515773125,0,1
3.515774125,1,1
3.515775208,0,1
3.515776250,1,1
3.515777333,0,1
3.515778333,1,1
3.515779417,0,1
3.515780458,1,1
3.515781542,0,1
3.515782583,1,1
3.515783667,0,1
3.515784667,1,1
3.515785750,0,1
3.515786792,1,1
3.515787875,0,1
3.515788875,1,1
3.515790000,0,1
3.515791208,1,1
3.515792208,0,1
3.515793292,1,1
3.515794333,0,1
3.515796417,1,1
3.515797458,1,0
3.515798417,0,0
3.515800417,1,0
3.515801375,1,1
3.515804500,1,0
3.515805500,0,0
3.515807583,1,0
3.515808583,0,0
3.515810708,1,0
3.515811708,0,0
3.515812750,0,1
3.515813792,1,1
3.515814833,0,1
3.515815875,0,0
3.515816917,1,0
3.515817875,0,0
3.515820000,1,0
3.515821000,0,0
3.515823083,1,0
3.515824125,0,0
3.515825167,0,1
3.515826208,1,1
3.515827208,0,1
3.515828292,0,0
3.515829292,1,0
3.515830292,0,0
3.515832417,1,0
3.515833417,0,0
3.515835500,1,0
3.515836500,0,0
3.515838625,1,0
3.515839625,0,0
3.515841708,1,0
3.515842708,0,0
3.515844833,1,0
3.515845833,0,0
3.515847917,1,0
3.515848917,0,0
3.515851042,1,0
3.515852042,0,0
3.515854125,1,0
3.515855125,0,0
3.515857208,1,0
3.515858208,0,0
3.515860333,1,0
3.515861333,0,0
3.515863417,1,0
3.515864417,0,0
3.515866542,1,0
3.515867542,0,0
3.515869625,1,0
3.515870625,0,0
3.515872750,1,0
3.515873750,0,0
3.515875833,1,0
3.515876833,0,0
3.515878958,1,0
3.515879958,0,0
3.515882042,1,0
3.515883042,0,0
3.515885167,1,0
3.515886167,0,0
3.515888250,1,0
3.515889250,0,0
3.515891375,1,0
3.515892375,0,0
3.515894458,1,0
3.515895458,0,0
3.515897583,1,0
3.515898583,0,0
3.515900667,1,0
3.515901667,0,0
3.515903792,1,0
3.515904792,0,0
3.515906875,1,0
3.515907875,0,0
3.515910000,1,0
3.515911000,0,0
3.515913083,1,0
3.515914083,0,0
3.515916167,1,0
3.515917208,0,0
3.515919292,1,0
3.515920292,0,0
3.515922375,1,0
3.515923417,0,0
3.515925500,1,0
3.515926500,0,0
3.515928625,1,0
3.515929625,0,0
3.515930625,0,1
3.515931750,1,1
3.515932750,0,1
3.515933958,1,1
3.515934958,0,1
3.515937125,1,1
3.515938167,0,1
3.515939208,1,1
3.515940292,0,1
3.515941333,1,1
3.515942375,0,1
3.515943417,1,1
3.515944542,0,1
3.515945542,1,1
3.515946625,0,0
3.515947667,1,0
3.515948750,0,0
3.515949125,0,1
3.515949792,1,1
3.515950833,0,1
3.515952000,1,1
3.515953083,0,1
3.515954125,1,1
3.515955167,0,1
3.515956208,1,1
3.515957167,0,1
3.515958208,1,1
3.515959292,0,1
3.515960333,1,1
3.515961417,0,1
3.515962417,1,1
3.515963500,0,1
3.515964542,1,1
3.515965625,0,1
3.515966625,1,1
3.515967750,0,1
3.515968750,1,1
3.515969833,0,1
3.515970875,1,1
3.515971958,0,1
3.515972958,1,1
3.515974083,0,1
3.515975083,1,1
3.515976167,0,1
3.515977208,1,1
3.515978292,0,1
3.515979292,1,1
3.515980417,0,1
3.515981417,1,1
3.515982500,0,1
3.515983542,1,1
3.515984625,0,1
3.515985625,1,1
3.515986708,0,1
3.515987750,1,1
3.515988833,0,1
3.515989875,1,1
3.515990958,0,1
3.515991958,1,1
3.515993042,0,1
3.515994083,1,1
3.515995167,0,1
3.515996208,1,1
3.515997292,0,1
3.515998292,1,1
3.515999417,0,1
3.516000417,1,1
3.516001500,0,1
3.516002542,1,1
3.516003625,0,1
3.516004625,1,1
3.516005708,0,1
3.516006750,1,1
3.516007833,0,1
3.516008875,1,1
3.516009958,0,1
3.516010958,1,1
3.516012042,0,1
3.516013083,1,1
3.516014167,0,1
3.516015167,1,1
3.516016292,0,1
3.516017292,1,1
3.516018375,0,1
3.516019583,1,1
3.516020625,0,1
3.516021708,1,1
3.516022708,0,1
3.516024833,1,1
3.516025833,1,0
3.516026833,0,0
3.516028792,1,0
3.516029792,1,1
3.516032917,1,0
3.516033875,0,0
3.516036000,1,0
3.516037000,0,0
3.516039083,1,0
3.516040083,0,0
3.516041167,0,1
3.516042208,1,1
3.516043208,0,1
3.516044250,0,0
3.516045333,1,0
3.516046292,0,0
3.516048417,1,0
3.516049417,0,0
3.516051500,1,0
3.516052500,0,0
3.516053583,0,1
3.516054625,1,1
3.516055625,0,1
3.516056708,0,0
3.516057708,1,0
3.516058708,0,0
3.516060792,1,0
3.516061792,0,0
3.516063917,1,0
3.516064917,0,0
3.516067000,1,0
3.516068042,0,0
3.516070125,1,0
3.516071125,0,0
3.516073208,1,0
3.516074208,0,0
3.516076333,1,0
3.516077333,0,0
3.516079417,1,0
3.516080417,0,0
3.516082542,1,0
3.516083542,0,0
3.516085625,1,0
3.516086625,0,0
3.516088750,1,0
3.516089750,0,0
3.516091833,1,0
3.516092833,0,0
3.516094958,1,0
3.516095958,0,0
3.516098042,1,0
3.516099042,0,0
3.516101167,1,0
3.516102167,0,0
3.516104250,1,0
3.516105250,0,0
3.516107375,1,0
3.516108375,0,0
3.516110458,1,0
3.516111458,0,0
3.516113583,1,0
3.516114583,0,0
3.516116667,1,0
3.516117667,0,0
3.516119792,1,0
3.516120792,0,0
3.516122875,1,0
3.516123875,0,0
3.516126000,1,0
3.516127000,0,0
3.516129083,1,0
3.516130083,0,0
3.516132208,1,0
3.516133208,0,0
3.516135292,1,0
3.516136292,0,0
3.516138417,1,0
3.516139417,0,0
3.516141500,1,0
3.516142500,0,0
3.516144625,1,0
3.516145625,0,0
3.516147708,1,0
3.516148708,0,0
3.516150833,1,0
3.516151833,0,0
3.516153917,1,0
3.516154917,0,0
3.516157042,1,0
3.516158042,0,0
3.516159042,0,1
3.516160167,1,1
3.516161167,0,1
3.516162375,1,1
3.516163375,0,1
3.516165542,1,1
3.516166583,0,1
3.516167625,1,1
3.516168708,0,1
3.516169750,1,1
3.516170792,0,1
3.516171833,1,1
3.516172958,0,1
3.516173958,1,1
3.516175042,0,0
3.516176083,1,0
3.516177167,0,0
3.516177458,0,1
3.516178208,1,1
3.516179250,0,1
3.516180417,1,1
3.516181500,0,1
3.516182542,1,1
3.516183583,0,1
3.516184625,1,1
3.516185583,0,1
3.516186625,1,1
3.516187708,0,1
3.516188708,1,1
3.516189833,0,1
3.516190833,1,1
3.516191917,0,1
3.516192958,1,1
3.516194042,0,1
3.516195042,1,1
3.516196125,0,1
3.516197167,1,1
3.516198250,0,1
3.516199292,1,1
3.516200375,0,1
3.516201375,1,1
3.516202458,0,1
3.516203500,1,1
3.516204583,0,1
3.516205583,1,1
3.516206708,0,1
3.516207708,1,1
3.516208792,0,1
3.516209833,1,1
3.516210917,0,1
3.516211917,1,1
3.516213042,0,1
3.516214042,1,1
3.516215125,0,1
3.516216167,1,1
3.516217250,0,1
3.516218250,1,1
3.516219375,0,1
3.516220375,1,1
3.516221458,0,1
3.516222500,1,1
3.516223583,0,1
3.516224583,1,1
3.516225667,0,1
3.516226708,1,1
3.516227792,0,1
3.516228833,1,1
3.516229917,0,1
3.516230917,1,1
3.516232000,0,1
3.516233042,1,1
3.516234125,0,1
3.516235125,1,1
3.516236250,0,1
3.516237250,1,1
3.516238333,0,1
3.516239375,1,1
3.516240458,0,1
3.516241458,1,1
3.516242583,0,1
3.516243583,1,1
3.516244667,0,1
3.516245708,1,1
3.516246792,0,1
3.516248000,1,1
3.516249000,0,1
3.516250083,1,1
3.516251125,0,1
3.516253250,1,1
3.516254250,1,0
3.516255250,0,0
3.516257208,1,0
3.516258208,1,1
3.516261292,1,0
3.516262292,0,0
3.516264375,1,0
3.516265375,0,0
3.516267500,1,0
3.516268500,0,0
3.516269542,0,1
3.516270583,1,1
3.516271625,0,1
3.516272667,0,0
3.516273708,1,0
3.516274708,0,0
3.516276792,1,0
3.516277792,0,0
3.516279917,1,0
3.516280917,0,0
3.516281958,0,1
3.516283000,1,1
3.516284042,0,1
3.516285125,0,0
3.516286125,1,0
3.516287125,0,0
3.516289208,1,0
3.516290208,0,0
3.516292292,1,0
3.516293292,0,0
3.516295417,1,0
3.516296417,0,0
3.516298500,1,0
3.516299542,0,0
3.516301625,1,0
3.516302625,0,0
3.516304708,1,0
3.516305708,0,0
3.516307833,1,0
3.516308833,0,0
3.516310917,1,0
3.516311917,0,0
3.516314042,1,0
3.516315042,0,0
3.516317125,1,0
3.516318125,0,0
3.516320250,1,0
3.516321250,0,0
3.516323333,1,0
3.516324333,0,0
3.516326458,1,0
3.516327458,0,0
3.516329542,1,0
3.516330542,0,0
3.516332667,1,0
3.516333667,0,0
3.516335750,1,0
3.516336750,0,0
3.516338875,1,0
3.516339875,0,0
3.516341958,1,0
3.516342958,0,0
3.516345083,1,0
3.516346083,0,0
3.516348167,1,0
3.516349167,0,0
3.516351292,1,0
3.516352292,0,0
3.516354375,1,0
3.516355375,0,0
3.516357458,1,0
3.516358500,0,0
3.516360583,1,0
3.516361583,0,0
3.516363667,1,0
3.516364708,0,0
3.516366792,1,0
3.516367792,0,0
3.516369875,1,0
3.516370875,0,0
3.516373000,1,0
3.516374000,0,0
3.516376083,1,0
3.516377083,0,0
3.516379208,1,0
3.516380208,0,0
3.516382292,1,0
3.516383292,0,0
3.516385417,1,0
3.516386417,0,0
3.516387458,0,1
3.516388542,1,1
3.516389542,0,1
3.516390750,1,1
3.516391792,0,1
3.516393917,1,1
3.516395000,0,1
3.516396042,1,1
3.516397083,0,1
3.516398125,1,1
3.516399208,0,1
3.516400250,1,1
3.516401333,0,1
3.516402375,1,1
3.516403417,0,1
3.516403458,0,0
3.516404500,1,0
3.516405542,0,0
3.516405833,0,1
3.516406583,1,1
3.516407667,0,1
3.516408833,1,1
3.516409875,0,1
3.516410917,1,1
3.516412000,0,1
3.516413000,1,1
3.516414000,0,1
3.516415000,1,1
3.516416083,0,1
3.516417125,1,1
3.516418208,0,1
3.516419208,1,1
3.516420333,0,1
3.516421333,1,1
3.516422417,0,1
3.516423458,1,1
3.516424542,0,1
3.516425542,1,1
3.516426667,0,1
3.516427667,1,1
3.516428750,0,1
3.516429792,1,1
3.516430875,0,1
3.516431875,1,1
3.516433000,0,1
3.516434000,1,1
3.516435083,0,1
3.516436125,1,1
3.516437208,0,1
3.516438208,1,1
3.516439292,0,1
3.516440333,1,1
3.516441417,0,1
3.516442458,1,1
3.516443542,0,1
3.516444542,1,1
3.516445625,0,1
3.516446667,1,1
3.516447750,0,1
3.516448792,1,1
3.516449875,0,1
3.516450875,1,1
3.516452000,0,1
3.516453000,1,1
3.516454083,0,1
3.516455125,1,1
3.516456208,0,1
3.516457208,1,1
3.516458292,0,1
3.516459333,1,1
3.516460417,0,1
3.516461458,1,1
3.516462542,0,1
3.516463542,1,1
3.516464625,0,1
3.516465667,1,1
3.516466750,0,1
3.516467750,1,1
3.516468875,0,1
3.516469875,1,1
3.516470958,0,1
3.516472000,1,1
3.516473083,0,1
3.516474083,1,1
3.516475208,0,1
3.516476417,1,1
3.516477417,0,1
3.516478500,1,1
3.516479542,0,1
3.516481625,1,1
3.516482667,1,0
3.516483625,0,0
3.516485625,1,0
3.516486583,1,1
3.516489708,1,0
3.516490708,0,0
3.516492792,1,0
3.516493792,0,0
3.516495917,1,0
3.516496917,0,0
3.516497958,0,1
3.516499000,1,1
3.516500000,0,1
3.516501083,0,0
3.516502125,1,0
3.516503083,0,0
3.516505208,1,0
3.516506208,0,0
3.516508333,1,0
3.516509333,0,0
3.516510375,0,1
3.516511417,1,1
3.516512417,0,1
3.516513500,0,0
3.516514500,1,0
3.516515500,0,0
3.516517625,1,0
3.516518625,0,0
3.516520708,1,0
3.516521708,0,0
3.516523833,1,0
3.516524833,0,0
3.516526917,1,0
3.516527917,0,0
3.516530042,1,0
3.516531042,0,0
3.516533125,1,0
3.516534125,0,0
3.516536250,1,0
3.516537250,0,0
3.516539333,1,0
3.516540333,0,0
3.516542458,1,0
3.516543458,0,0
3.516545542,1,0
3.516546542,0,0
3.516548667,1,0
3.516549667,0,0
3.516551750,1,0
3.516552750,0,0
3.516554875,1,0
3.516555875,0,0
3.516557958,1,0
3.516558958,0,0
3.516561083,1,0
3.516562083,0,0
3.516564167,1,0
3.516565167,0,0
3.516567292,1,0
3.516568292,0,0
3.516570375,1,0
3.516571375,0,0
3.516573500,1,0
3.516574500,0,0
3.516576583,1,0
3.516577583,0,0
3.516579708,1,0
3.516580708,0,0
3.516582792,1,0
3.516583792,0,0
3.516585875,1,0
3.516586875,0,0
3.516589000,1,0
3.516590000,0,0
3.516592083,1,0
3.516593083,0,0
3.516595208,1,0
3.516596208,0,0
3.516598292,1,0
3.516599292,0,0
3.516601417,1,0
3.516602417,0,0
3.516604500,1,0
3.516605500,0,0
3.516607625,1,0
3.516608625,0,0
3.516610708,1,0
3.516611708,0,0
3.516613833,1,0
3.516614833,0,0
3.516615875,0,1
3.516616958,1,1
3.516617958,0,1
3.516619167,1,1
3.516620208,0,1
3.516622333,1,1
3.516623417,0,1
3.516624458,1,1
3.516625500,0,1
3.516626542,1,1
3.516627625,0,1
3.516628667,1,1
3.516629750,0,1
3.516630792,1,1
3.516631833,0,1
3.516631875,0,0
3.516632917,1,0
3.516633958,0,0
3.516634333,0,1
3.516635000,1,1
3.516636083,0,1
3.516637250,1,1
3.516638292,0,1
3.516639333,1,1
3.516640417,0,1
3.516641417,1,1
3.516642417,0,1
3.516643417,1,1
3.516644500,0,1
3.516645542,1,1
3.516646625,0,1
3.516647667,1,1
3.516648750,0,1
3.516649750,1,1
3.516650833,0,1
3.516651875,1,1
3.516652958,0,1
3.516653958,1,1
3.516655083,0,1
3.516656083,1,1
3.516657167,0,1
3.516658208,1,1
3.516659292,0,1
3.516660292,1,1
3.516661417,0,1
3.516662417,1,1
3.516663500,0,1
3.516664542,1,1
3.516665625,0,1
3.516666625,1,1
3.516667750,0,1
3.516668750,1,1
3.516669833,0,1
3.516670875,1,1
3.516671958,0,1
3.516672958,1,1
3.516674083,0,1
3.516675083,1,1
3.516676167,0,1
3.516677208,1,1
3.516678292,0,1
3.516679292,1,1
3.516680375,0,1
3.516681417,1,1
3.516682500,0,1
3.516683542,1,1
3.516684625,0,1
3.516685625,1,1
3.516686750,0,1
3.516687750,1,1
3.516688833,0,1
3.516689875,1,1
3.516690958,0,1
3.516691958,1,1
3.516693042,0,1
3.516694083,1,1
3.516695167,0,1
3.516696167,1,1
3.516697292,0,1
3.516698292,1,1
3.516699375,0,1
3.516700417,1,1
3.516701500,0,1
3.516702500,1,1
3.516703625,0,1
3.516704833,1,1
3.516705833,0,1
3.516706917,1,1
3.516707958,0,1
3.516710042,1,1
3.516711083,1,0
3.516712042,0,0
3.516714042,1,0
3.516715000,1,1
3.516718125,1,0
3.516719125,0,0
3.516721208,1,0
3.516722208,0,0
3.516724333,1,0
3.516725333,0,0
3.516726375,0,1
3.516727417,1,1
3.516728458,0,1
3.516729500,0,0
3.516730542,1,0
3.516731542,0,0
3.516733625,1,0
3.516734625,0,0
3.516736750,1,0
3.516737750,0,0
3.516738792,0,1
3.516739833,1,1
3.516740875,0,1
3.516741958,0,0
3.516742958,1,0
3.516743958,0,0
3.516746042,1,0
3.516747042,0,0
3.516749167,1,0
3.516750167,0,0
3.516752250,1,0
3.516753250,0,0
3.516755375,1,0
3.516756375,0,0
3.516758458,1,0
3.516759458,0,0
3.516761542,1,0
3.516762583,0,0
3.516764667,1,0
3.516765667,0,0
3.516767750,1,0
3.516768792,0,0
3.516770875,1,0
3.516771875,0,0
3.516773958,1,0
3.516774958,0,0
3.516777083,1,0
3.516778083,0,0
3.516780167,1,0
3.516781167,0,0
3.516783292,1,0
3.516784292,0,0
3.516786375,1,0
3.516787375,0,0
3.516789500,1,0
3.516790500,0,0
3.516792583,1,0
3.516793583,0,0
3.516795708,1,0
3.516796708,0,0
3.516798792,1,0
3.516799792,0,0
3.516801917,1,0
3.516802917,0,0
3.516805000,1,0
3.516806000,0,0
3.516808083,1,0
3.516809125,0,0
3.516811208,1,0
3.516812208,0,0
3.516814333,1,0
3.516815333,0,0
3.516817417,1,0
3.516818417,0,0
3.516820500,1,0
3.516821500,0,0
3.516823625,1,0
3.516824625,0,0
3.516826708,1,0
3.516827750,0,0
3.516829833,1,0
3.516830833,0,0
3.516832917,1,0
3.516833958,0,0
3.516836042,1,0
3.516837042,0,0
3.516839125,1,0
3.516840125,0,0
3.516842292,1,0
3.516843250,0,0
3.516844292,0,1
3.516845375,1,1
3.516846375,0,1
3.516847583,1,1
3.516848625,0,1
3.516850750,1,1
3.516851833,0,1
3.516852875,1,1
3.516853917,0,1
3.516854958,1,1
3.516856042,0,1
3.516857083,1,1
3.516858167,0,1
3.516859208,1,1
3.516860292,0,0
3.516861333,1,0
3.516862375,0,0
3.516862833,0,1
3.516863417,1,1
3.516864500,0,1
3.516865667,1,1
3.516866708,0,1
3.516867750,1,1
3.516868833,0,1
3.516869833,1,1
3.516870833,0,1
3.516871833,1,1
3.516872958,0,1
3.516873958,1,1
3.516875042,0,1
3.516876083,1,1
3.516877167,0,1
3.516878167,1,1
3.516879292,0,1
3.516880292,1,1
3.516881375,0,1
3.516882417,1,1
3.516883500,0,1
3.516884500,1,1
3.516885583,0,1
3.516886625,1,1
3.516887708,0,1
3.516888750,1,1
3.516889833,0,1
3.516890833,1,1
3.516891917,0,1
3.516892958,1,1
3.516894042,0,1
3.516895083,1,1
3.516896167,0,1
3.516897167,1,1
3.516898250,0,1
3.516899292,1,1
3.516900375,0,1
3.516901375,1,1
3.516902500,0,1
3.516903500,1,1
3.516904583,0,1
3.516905625,1,1
3.516906708,0,1
3.516907708,1,1
3.516908833,0,1
3.516909833,1,1
3.516910917,0,1
3.516911958,1,1
3.516913042,0,1
3.516914042,1,1
3.516915167,0,1
3.516916167,1,1
3.516917250,0,1
3.516918292,1,1
3.516919375,0,1
3.516920375,1,1
3.516921500,0,1
3.516922500,1,1
3.516923583,0,1
3.516924625,1,1
3.516925708,0,1
3.516926708,1,1
3.516927833,0,1
3.516928833,1,1
3.516929917,0,1
3.516930958,1,1
3.516932042,0,1
3.516933250,1,1
3.516934250,0,1
3.516935333,1,1
3.516936375,0,1
3.516938500,1,1
3.516939500,1,0
3.516940500,0,0
3.516942458,1,0
3.516943458,1,1
3.516946542,1,0
3.516947542,0,0
3.516949625,1,0
3.516950625,0,0
3.516952750,1,0
3.516953750,0,0
3.516954792,0,1
3.516955875,1,1
3.516956875,0,1
3.516957917,0,0
3.516958958,1,0
3.516959958,0,0
3.516962042,1,0
3.516963042,0,0
3.516965167,1,0
3.516966167,0,0
3.516967208,0,1
3.516968250,1,1
3.516969292,0,1
3.516970375,0,0
3.516971375,1,0
3.516972375,0,0
3.516974458,1,0
3.516975458,0,0
3.516977583,1,0
3.516978583,0,0
3.516980667,1,0
3.516981667,0,0
3.516983792,1,0
3.516984792,0,0
3.516986875,1,0
3.516987875,0,0
3.516990000,1,0
3.516991000,0,0
3.516993083,1,0
3.516994083,0,0
3.516996208,1,0
3.516997208,0,0
3.516999292,1,0
3.517000292,0,0
3.517002417,1,0
3.517003417,0,0
3.517005500,1,0
3.517006500,0,0
3.517008625,1,0
3.517009625,0,0
3.517011708,1,0
3.517012708,0,0
3.517014792,1,0
3.517015792,0,0
3.517017917,1,0
3.517018917,0,0
3.517021000,1,0
3.517022042,0,0
3.517024125,1,0
3.517025125,0,0
3.517027208,1,0
3.517028250,0,0
3.517030333,1,0
3.517031333,0,0
3.517033417,1,0
3.517034417,0,0
3.517036542,1,0
3.517037542,0,0
3.517039625,1,0
3.517040625,0,0
3.517042750,1,0
3.517043750,0,0
3.517045833,1,0
3.517046833,0,0
3.517048958,1,0
3.517049958,0,0
3.517052042,1,0
3.517053042,0,0
3.517055167,1,0
3.517056167,0,0
3.517058250,1,0
3.517059250,0,0
3.517061375,1,0
3.517062375,0,0
3.517064458,1,0
3.517065458,0,0
3.517067583,1,0
3.517068583,0,0
3.517070708,1,0
3.517071708,0,0
3.517072708,0,1
3.517073792,1,1
3.517074792,0,1
3.517076042,1,1
3.517077042,0,1
3.517079208,1,1
3.517080250,0,1
3.517081292,1,1
3.517082375,0,1
3.517083417,1,1
3.517084458,0,1
3.517085500,1,1
3.517086583,0,1
3.517087625,1,1
3.517088708,0,0
3.517089750,1,0
3.517090833,0,0
3.517091125,0,1
3.517091875,1,1
3.517092917,0,1
3.517094083,1,1
3.517095167,0,1
3.517096208,1,1
3.517097250,0,1
3.517098292,1,1
3.517099250,0,1
3.517100292,1,1
3.517101375,0,1
3.517102375,1,1
3.517103458,0,1
3.517104500,1,1
3.517105583,0,1
3.517106583,1,1
3.517107708,0,1
3.517108708,1,1
3.517109792,0,1
3.517110833,1,1
3.517111917,0,1
3.517112917,1,1
3.517114042,0,1
3.517115042,1,1
3.517116125,0,1
3.517117167,1,1
3.517118250,0,1
3.517119250,1,1
3.517120375,0,1
3.517121375,1,1
3.517122458,0,1
3.517123500,1,1
3.517124583,0,1
3.517125583,1,1
3.517126708,0,1
3.517127708,1,1
3.517128792,0,1
3.517129833,1,1
3.517130917,0,1
3.517131917,1,1
3.517133042,0,1
3.517134042,1,1
3.517135125,0,1
3.517136167,1,1
3.517137250,0,1
3.517138250,1,1
3.517139375,0,1
3.517140375,1,1
3.517141458,0,1
3.517142500,1,1
3.517143583,0,1
3.517144583,1,1
3.517145708,0,1
3.517146708,1,1
3.517147792,0,1
3.517148833,1,1
3.517149917,0,1
3.517150917,1,1
3.517152042,0,1
3.517153042,1,1
3.517154125,0,1
3.517155167,1,1
3.517156250,0,1
3.517157250,1,1
3.517158375,0,1
3.517159375,1,1
3.517160458,0,1
3.517161667,1,1
3.517162667,0,1
3.517163792,1,1
3.517164792,0,1
3.517166917,1,1
3.517167917,1,0
3.517168917,0,0
3.517170875,1,0
3.517171875,1,1
3.517175000,1,0
3.517175958,0,0
3.517178083,1,0
3.517179083,0,0
3.517181167,1,0
3.517182167,0,0
3.517183250,0,1
3.517184292,1,1
3.517185292,0,1
3.517186333,0,0
3.517187375,1,0
3.517188375,0,0
3.517190458,1,0
3.517191500,0,0
3.517193583,1,0
3.517194583,0,0
3.517195667,0,1
3.517196708,1,1
3.517197708,0,1
3.517198792,0,0
3.517199792,1,0
3.517200792,0,0
3.517202875,1,0
3.517203875,0,0
3.517206000,1,0
3.517207000,0,0
3.517209083,1,0
3.517210083,0,0
3.517212208,1,0
3.517213208,0,0
3.517215292,1,0
3.517216292,0,0
3.517218417,1,0
3.517219417,0,0
3.517221500,1,0
3.517222500,0,0
3.517224625,1,0
3.517225625,0,0
3.517227708,1,0
3.517228708,0,0
3.517230833,1,0
3.517231833,0,0
3.517233917,1,0
3.517234917,0,0
3.517237042,1,0
3.517238042,0,0
3.517240125,1,0
3.517241125,0,0
3.517243250,1,0
3.517244250,0,0
3.517246333,1,0
3.517247333,0,0
3.517249458,1,0
3.517250458,0,0
3.517252542,1,0
3.517253542,0,0
3.517255667,1,0
3.517256667,0,0
3.517258750,1,0
3.517259750,0,0
3.517261875,1,0
3.517262875,0,0
3.517264958,1,0
3.517265958,0,0
3.517268083,1,0
3.517269083,0,0
3.517271167,1,0
3.517272167,0,0
3.517274250,1,0
3.517275250,0,0
3.517277375,1,0
3.517278375,0,0
3.517280458,1,0
3.517281458,0,0
3.517283583,1,0
3.517284583,0,0
3.517286667,1,0
3.517287667,0,0
3.517289792,1,0
3.517290792,0,0
3.517292875,1,0
3.517293875,0,0
3.517296000,1,0
3.517297000,0,0
3.517299125,1,0
3.517300125,0,0
3.517301125,0,1
3.517302208,1,1
3.517303208,0,1
3.517304458,1,1
3.517305458,0,1
3.517307625,1,1
3.517308667,0,1
3.517309708,1,1
3.517310792,0,1
3.517311792,1,1
3.517312875,0,1
3.517313917,1,1
3.517315000,0,1
3.517316042,1,1
3.517317125,0,0
3.517318167,1,0
3.517319250,0,0
3.517319542,0,1
3.517320250,1,1
3.517321333,0,1
3.517322500,1,1
3.517323583,0,1
3.517324625,1,1
3.517325667,0,1
3.517326708,1,1
3.517327667,0,1
3.517328708,1,1
3.517329792,0,1
3.517330792,1,1
3.517331875,0,1
3.517332917,1,1
3.517334000,0,1
3.517335042,1,1
3.517336125,0,1
3.517337125,1,1
3.517338208,0,1
3.517339250,1,1
3.517340333,0,1
3.517341375,1,1
3.517342458,0,1
3.517343458,1,1
3.517344542,0,1
3.517345583,1,1
3.517346667,0,1
3.517347708,1,1
3.517348792,0,1
3.517349792,1,1
3.517350875,0,1
3.517351917,1,1
3.517353000,0,1
3.517354000,1,1
3.517355125,0,1
3.517356125,1,1
3.517357208,0,1
3.517358250,1,1
3.517359333,0,1
3.517360333,1,1
3.517361458,0,1
3.517362458,1,1
3.517363542,0,1
3.517364583,1,1
3.517365667,0,1
3.517366667,1,1
3.517367792,0,1
3.517368792,1,1
3.517369875,0,1
3.517370917,1,1
3.517372000,0,1
3.517373000,1,1
3.517374083,0,1
3.517375125,1,1
3.517376208,0,1
3.517377250,1,1
3.517378333,0,1
3.517379333,1,1
3.517380417,0,1
3.517381458,1,1
3.517382542,0,1
3.517383542,1,1
3.517384667,0,1
3.517385667,1,1
3.517386750,0,1
3.517387792,1,1
3.517388875,0,1
3.517390083,1,1
3.517391083,0,1
3.517392208,1,1
3.517393208,0,1
3.517395333,1,1
3.517396333,1,0
3.517397333,0,0
3.517399292,1,0
3.517400292,1,1
3.517403375,1,0
3.517404375,0,0
3.517406458,1,0
3.517407458,0,0
3.517409583,1,0
3.517410583,0,0
3.517411625,0,1
3.517412667,1,1
3.517413708,0,1
3.517414750,0,0
3.517415792,1,0
3.517416792,0,0
3.517418875,1,0
3.517419875,0,0
3.517422000,1,0
3.517423000,0,0
3.517424042,0,1
3.517425083,1,1
3.517426125,0,1
3.517427208,0,0
3.517428167,1,0
3.517429208,0,0
3.517431292,1,0
3.517432292,0,0
3.517434375,1,0
3.517435375,0,0
3.517437500,1,0
3.517438500,0,0
3.517440583,1,0
3.517441583,0,0
3.517443708,1,0
3.517444708,0,0
3.517446792,1,0
3.517447792,0,0
3.517449917,1,0
3.517450917,0,0
3.517453000,1,0
3.517454000,0,0
3.517456125,1,0
3.517457125,0,0
3.517459208,1,0
3.517460208,0,0
3.517462292,1,0
3.517463333,0,0
3.517465417,1,0
3.517466417,0,0
3.517468500,1,0
3.517469542,0,0
3.517471625,1,0
3.517472625,0,0
3.517474708,1,0
3.517475708,0,0
3.517477833,1,0
3.517478833,0,0
3.517480917,1,0
3.517481917,0,0
3.517484042,1,0
3.517485042,0,0
3.517487125,1,0
3.517488125,0,0
3.517490250,1,0
3.517491250,0,0
3.517493333,1,0
3.517494333,0,0
3.517496458,1,0
3.517497458,0,0
3.517499542,1,0
3.517500542,0,0
3.517502667,1,0
3.517503667,0,0
3.517505750,1,0
3.517506750,0,0
3.517508875,1,0
3.517509875,0,0
3.517511958,1,0
3.517512958,0,0
3.517515083,1,0
3.517516083,0,0
3.517518167,1,0
3.517519167,0,0
3.517521292,1,0
3.517522292,0,0
3.517524375,1,0
3.517525375,0,0
3.517527500,1,0
3.517528500,0,0
3.517529500,0,1
3.517530625,1,1
3.517531625,0,1
3.517532833,1,1
3.517533833,0,1
3.517536000,1,1
3.517537083,0,1
3.517538083,1,1
3.517539167,0,1
3.517540208,1,1
3.517541250,0,1
3.517542292,1,1
3.517543417,0,1
3.517544458,1,1
3.517545500,0,0
3.517546542,1,0
3.517547625,0,0
3.517548000,0,1
3.517548667,1,1
3.517549708,0,1
3.517550875,1,1
3.517551958,0,1
3.517553000,1,1
3.517554042,0,1
3.517555083,1,1
3.517556042,0,1
3.517557083,1,1
3.517558167,0,1
3.517559208,1,1
3.517560292,0,1
3.517561292,1,1
3.517562375,0,1
3.517563417,1,1
3.517564500,0,1
3.517565500,1,1
3.517566625,0,1
3.517567625,1,1
3.517568708,0,1
3.517569750,1,1
3.517570833,0,1
3.517571833,1,1
3.517572958,0,1
3.517573958,1,1
3.517575042,0,1
3.517576083,1,1
3.517577167,0,1
3.517578167,1,1
3.517579292,0,1
3.517580292,1,1
3.517581375,0,1
3.517582417,1,1
3.517583500,0,1
3.517584500,1,1
3.517585625,0,1
3.517586625,1,1
3.517587708,0,1
3.517588750,1,1
3.517589833,0,1
3.517590833,1,1
3.517591917,0,1
3.517592958,1,1
3.517594042,0,1
3.517595083,1,1
3.517596167,0,1
3.517597167,1,1
3.517598250,0,1
3.517599292,1,1
3.517600375,0,1
3.517601375,1,1
3.517602500,0,1
3.517603500,1,1
3.517604583,0,1
3.517605625,1,1
3.517606708,0,1
3.517607708,1,1
3.517608833,0,1
3.517609833,1,1
3.517610917,0,1
3.517611958,1,1
3.517613042,0,1
3.517614042,1,1
3.517615167,0,1
3.517616167,1,1
3.517617250,0,1
3.517618458,1,1
3.517619500,0,1
3.517620583,1,1
3.517621583,0,1
3.517623708,1,1
3.517624708,1,0
3.517625708,0,0
3.517627667,1,0
3.517628667,1,1
3.517631792,1,0
3.517632750,0,0
3.517634875,1,0
3.517635875,0,0
3.517637958,1,0
3.517638958,0,0
3.517640042,0,1
3.517641083,1,1
3.517642083,0,1
3.517643125,0,0
3.517644208,1,0
3.517645167,0,0
3.517647292,1,0
3.517648292,0,0
3.517650375,1,0
3.517651375,0,0
3.517652458,0,1
3.517653500,1,1
3.517654500,0,1
3.517655583,0,0
3.517656583,1,0
3.517657583,0,0
3.517659667,1,0
3.517660667,0,0
3.517662792,1,0
3.517663792,0,0
3.517665875,1,0
3.517666917,0,0
3.517669000,1,0
3.517670000,0,0
3.517672083,1,0
3.517673083,0,0
3.517675208,1,0
3.517676208,0,0
3.517678292,1,0
3.517679292,0,0
3.517681417,1,0
3.517682417,0,0
3.517684500,1,0
3.517685500,0,0
3.517687625,1,0
3.517688625,0,0
3.517690708,1,0
3.517691708,0,0
3.517693833,1,0
3.517694833,0,0
3.517696917,1,0
3.517697917,0,0
3.517700042,1,0
3.517701042,0,0
3.517703125,1,0
3.517704125,0,0
3.517706250,1,0
3.517707250,0,0
3.517709333,1,0
3.517710333,0,0
3.517712417,1,0
3.517713458,0,0
3.517715542,1,0
3.517716542,0,0
3.517718625,1,0
3.517719625,0,0
3.517721750,1,0
3.517722750,0,0
3.517724833,1,0
3.517725833,0,0
3.517727958,1,0
3.517728958,0,0
3.517731042,1,0
3.517732042,0,0
3.517734167,1,0
3.517735167,0,0
3.517737250,1,0
3.517738250,0,0
3.517740375,1,0
3.517741375,0,0
3.517743458,1,0
3.517744458,0,0
3.517746583,1,0
3.517747583,0,0
3.517749667,1,0
3.517750667,0,0
3.517752792,1,0
3.517753792,0,0
3.517755917,1,0
3.517756875,0,0
3.517757917,0,1
3.517759000,1,1
3.517760000,0,1
3.517761208,1,1
3.517762250,0,1
3.517764375,1,1
3.517765458,0,1
3.517766500,1,1
3.517767542,0,1
3.517768583,1,1
3.517769667,0,1
3.517770708,1,1
3.517771792,0,1
3.517772833,1,1
3.517773875,0,1
3.517773917,0,0
3.517774958,1,0
3.517776000,0,0
3.517776333,0,1
3.517777042,1,1
3.517778125,0,1
3.517779292,1,1
3.517780333,0,1
3.517781375,1,1
3.517782458,0,1
3.517783458,1,1
3.517784458,0,1
3.517785458,1,1
3.517786542,0,1
3.517787583,1,1
3.517788667,0,1
3.517789667,1,1
3.517790792,0,1
3.517791792,1,1
3.517792875,0,1
3.517793917,1,1
3.517795000,0,1
3.517796000,1,1
3.517797125,0,1
3.517798125,1,1
3.517799208,0,1
3.517800250,1,1
3.517801333,0,1
3.517802333,1,1
3.517803417,0,1
3.517804458,1,1
3.517805542,0,1
3.517806542,1,1
3.517807667,0,1
3.517808667,1,1
3.517809750,0,1
3.517810792,1,1
3.517811875,0,1
3.517812875,1,1
3.517814000,0,1
3.517815000,1,1
3.517816083,0,1
3.517817125,1,1
3.517818208,0,1
3.517819208,1,1
3.517820333,0,1
3.517821333,1,1
3.517822417,0,1
3.517823458,1,1
3.517824542,0,1
3.517825542,1,1
3.517826625,0,1
3.517827667,1,1
3.517828750,0,1
3.517829750,1,1
3.517830875,0,1
3.517831875,1,1
3.517832958,0,1
3.517834000,1,1
3.517835083,0,1
3.517836083,1,1
3.517837208,0,1
3.517838208,1,1
3.517839292,0,1
3.517840333,1,1
3.517841417,0,1
3.517842417,1,1
3.517843500,0,1
3.517844542,1,1
3.517845625,0,1
3.517846833,1,1
3.517847833,0,1
3.517848958,1,1
3.517849958,0,1
3.517852083,1,1
3.517853083,1,0
3.517854083,0,0
3.517856042,1,0
3.517857042,1,1
3.517860125,1,0
3.517861125,0,0
3.517863208,1,0
3.517864208,0,0
3.517866333,1,0
3.517867333,0,0
3.517868375,0,1
3.517869417,1,1
3.517870458,0,1
3.517871500,0,0
3.517872542,1,0
3.517873542,0,0
3.517875625,1,0
3.517876625,0,0
3.517878750,1,0
3.517879750,0,0
3.517880792,0,1
3.517881833,1,1
3.517882833,0,1
3.517883917,0,0
3.517884917,1,0
3.517885917,0,0
3.517888042,1,0
3.517889042,0,0
3.517891125,1,0
3.517892125,0,0
3.517894250,1,0
3.517895250,0,0
3.517897333,1,0
3.517898333,0,0
3.517900458,1,0
3.517901458,0,0
3.517903542,1,0
3.517904542,0,0
3.517906667,1,0
3.517907667,0,0
3.517909750,1,0
3.517910750,0,0
3.517912833,1,0
3.517913833,0,0
3.517915958,1,0
3.517916958,0,0
3.517919042,1,0
3.517920042,0,0
3.517922167,1,0
3.517923167,0,0
3.517925250,1,0
3.517926250,0,0
3.517928375,1,0
3.517929375,0,0
3.517931458,1,0
3.517932458,0,0
3.517934583,1,0
3.517935583,0,0
3.517937667,1,0
3.517938667,0,0
3.517940792,1,0
3.517941792,0,0
3.517943875,1,0
3.517944875,0,0
3.517946958,1,0
3.517948000,0,0
3.517950083,1,0
3.517951083,0,0
3.517953167,1,0
3.517954167,0,0
3.517956292,1,0
3.517957292,0,0
3.517959375,1,0
3.517960375,0,0
3.517962500,1,0
3.517963500,0,0
3.517965583,1,0
3.517966583,0,0
3.517968708,1,0
3.517969708,0,0
3.517971792,1,0
3.517972792,0,0
3.517974917,1,0
3.517975917,0,0
3.517978000,1,0
3.517979000,0,0
3.517981125,1,0
3.517982125,0,0
3.517984250,1,0
3.517985208,0,0
3.517986250,0,1
3.517987333,1,1
3.517988333,0,1
3.517989542,1,1
3.517990583,0,1
3.517992708,1,1
3.517993792,0,1
3.517994833,1,1
3.517995875,0,1
3.517996917,1,1
3.517998000,0,1
3.517999042,1,1
3.518000125,0,1
3.518001167,1,1
3.518002208,0,1
3.518002250,0,0
3.518003292,1,0
3.518004333,0,0
3.518004625,0,1
3.518005375,1,1
3.518006458,0,1
3.518007625,1,1
3.518008667,0,1
3.518009708,1,1
3.518010792,0,1
3.518011792,1,1
3.518012792,0,1
3.518013792,1,1
3.518014875,0,1
3.518015917,1,1
3.518017000,0,1
3.518018000,1,1
3.518019125,0,1
3.518020125,1,1
3.518021208,0,1
3.518022250,1,1
3.518023333,0,1
3.518024333,1,1
3.518025458,0,1
3.518026458,1,1
3.518027542,0,1
3.518028583,1,1
3.518029667,0,1
3.518030667,1,1
3.518031750,0,1
3.518032792,1,1
3.518033875,0,1
3.518034917,1,1
3.518036000,0,1
3.518037000,1,1
3.518038083,0,1
3.518039125,1,1
3.518040208,0,1
3.518041208,1,1
3.518042333,0,1
3.518043333,1,1
3.518044417,0,1
3.518045458,1,1
3.518046542,0,1
3.518047542,1,1
3.518048625,0,1
3.518049667,1,1
3.518050750,0,1
3.518051792,1,1
3.518052875,0,1
3.518053875,1,1
3.518054958,0,1
3.518056000,1,1
3.518057083,0,1
3.518058083,1,1
3.518059208,0,1
3.518060208,1,1
3.518061292,0,1
3.518062333,1,1
3.518063417,0,1
3.518064417,1,1
3.518065500,0,1
3.518066542,1,1
3.518067625,0,1
3.518068667,1,1
3.518069750,0,1
3.518070750,1,1
3.518071833,0,1
3.518072875,1,1
3.518073958,0,1
3.518075167,1,1
3.518076167,0,1
3.518077292,1,1
3.518078292,0,1
3.518080417,1,1
3.518081417,1,0
3.518082417,0,0
3.518084375,1,0
3.518085375,1,1
3.518088458,1,0
3.518089458,0,0
3.518091542,1,0
3.518092583,0,0
3.518094667,1,0
3.518095667,0,0
3.518096708,0,1
3.518097792,1,1
3.518098792,0,1
3.518099833,0,0
3.518100875,1,0
3.518101875,0,0
3.518103958,1,0
3.518104958,0,0
3.518107083,1,0
3.518108083,0,0
3.518109125,0,1
3.518110167,1,1
3.518111208,0,1
3.518112292,0,0
3.518113292,1,0
3.518114292,0,0
3.518116375,1,0
3.518117375,0,0
3.518119500,1,0
3.518120500,0,0
3.518122583,1,0
3.518123583,0,0
3.518125667,1,0
3.518126667,0,0
3.518128792,1,0
3.518129792,0,0
3.518131875,1,0
3.518132875,0,0
3.518135000,1,0
3.518136000,0,0
3.518138083,1,0
3.518139083,0,0
3.518141208,1,0
3.518142208,0,0
3.518144292,1,0
3.518145292,0,0
3.518147417,1,0
3.518148417,0,0
3.518150500,1,0
3.518151500,0,0
3.518153625,1,0
3.518154625,0,0
3.518156708,1,0
3.518157708,0,0
3.518159833,1,0
3.518160833,0,0
3.518162917,1,0
3.518163917,0,0
3.518166042,1,0
3.518167042,0,0
3.518169125,1,0
3.518170125,0,0
3.518172250,1,0
3.518173250,0,0
3.518175333,1,0
3.518176333,0,0
3.518178417,1,0
3.518179458,0,0
3.518181542,1,0
3.518182542,0,0
3.518184625,1,0
3.518185625,0,0
3.518187750,1,0
3.518188750,0,0
3.518190833,1,0
3.518191833,0,0
3.518193958,1,0
3.518194958,0,0
3.518197042,1,0
3.518198042,0,0
3.518200167,1,0
3.518201167,0,0
3.518203250,1,0
3.518204250,0,0
3.518206375,1,0
3.518207375,0,0
3.518209458,1,0
3.518210458,0,0
3.518212583,1,0
3.518213583,0,0
3.518214583,0,1
3.518215708,1,1
3.518216708,0,1
3.518217917,1,1
3.518218917,0,1
3.518221083,1,1
3.518222167,0,1
3.518223167,1,1
3.518224250,0,1
3.518225292,1,1
3.518226333,0,1
3.518227375,1,1
3.518228458,0,1
3.518229500,1,1
3.518230583,0,0
3.518231625,1,0
3.518232708,0,0
3.518233083,0,1
3.518233750,1,1
3.518234792,0,1
3.518235958,1,1
3.518237042,0,1
3.518238083,1,1
3.518239125,0,1
3.518240167,1,1
3.518241125,0,1
3.518242167,1,1
3.518243250,0,1
3.518244250,1,1
3.518245375,0,1
3.518246375,1,1
3.518247458,0,1
3.518248500,1,1
3.518249583,0,1
3.518250583,1,1
3.518251667,0,1
3.518252708,1,1
3.518253792,0,1
3.518254792,1,1
3.518255917,0,1
3.518256917,1,1
3.518258000,0,1
3.518259042,1,1
3.518260125,0,1
3.518261125,1,1
3.518262250,0,1
3.518263250,1,1
3.518264333,0,1
3.518265375,1,1
3.518266458,0,1
3.518267458,1,1
3.518268583,0,1
3.518269583,1,1
3.518270667,0,1
3.518271708,1,1
3.518272792,0,1
3.518273792,1,1
3.518274875,0,1
3.518275917,1,1
3.518277000,0,1
3.518278042,1,1
3.518279125,0,1
3.518280125,1,1
3.518281208,0,1
3.518282250,1,1
3.518283333,0,1
3.518284333,1,1
3.518285458,0,1
3.518286458,1,1
3.518287542,0,1
3.518288583,1,1
3.518289667,0,1
3.518290667,1,1
3.518291792,0,1
3.518292792,1,1
3.518293875,0,1
3.518294917,1,1
3.518296000,0,1
3.518297000,1,1
3.518298083,0,1
3.518299125,1,1
3.518300208,0,1
3.518301250,1,1
3.518302333,0,1
3.518303542,1,1
3.518304542,0,1
3.518305625,1,1
3.518306667,0,1
3.518308750,1,1
3.518309792,1,0
3.518310750,0,0
3.518312750,1,0
3.518313708,1,1
3.518316833,1,0
3.518317833,0,0
3.518319917,1,0
3.518320917,0,0
3.518323042,1,0
3.518324042,0,0
3.518325083,0,1
3.518326125,1,1
3.518327167,0,1
3.518328208,0,0
3.518329250,1,0
3.518330208,0,0
3.518332333,1,0
3.518333333,0,0
3.518335417,1,0
3.518336458,0,0
3.518337500,0,1
3.518338542,1,1
3.518339542,0,1
3.518340625,0,0
3.518341625,1,0
3.518342625,0,0
3.518344750,1,0
3.518345750,0,0
3.518347833,1,0
3.518348833,0,0
3.518350958,1,0
3.518351958,0,0
3.518354042,1,0
3.518355042,0,0
3.518357167,1,0
3.518358167,0,0
3.518360250,1,0
3.518361250,0,0
3.518363333,1,0
3.518364333,0,0
3.518366458,1,0
3.518367458,0,0
3.518369542,1,0
3.518370542,0,0
3.518372667,1,0
3.518373667,0,0
3.518375750,1,0
3.518376750,0,0
3.518378875,1,0
3.518379875,0,0
3.518381958,1,0
3.518382958,0,0
3.518385083,1,0
3.518386083,0,0
3.518388167,1,0
3.518389167,0,0
3.518391292,1,0
3.518392292,0,0
3.518394375,1,0
3.518395375,0,0
3.518397500,1,0
3.518398458,0,0
3.518400583,1,0
3.518401583,0,0
3.518403667,1,0
3.518404667,0,0
3.518406792,1,0
3.518407792,0,0
3.518409875,1,0
3.518410875,0,0
3.518413000,1,0
3.518414000,0,0
3.518416083,1,0
3.518417083,0,0
3.518419208,1,0
3.518420208,0,0
3.518422292,1,0
3.518423292,0,0
3.518425417,1,0
3.518426417,0,0
3.518428500,1,0
3.518429500,0,0
3.518431625,1,0
3.518432625,0,0
3.518434708,1,0
3.518435708,0,0
3.518437833,1,0
3.518438833,0,0
3.518440958,1,0
3.518441917,0,0
3.518442958,0,1
3.518444042,1,1
3.518445042,0,1
3.518446250,1,1
3.518447292,0,1
3.518449417,1,1
3.518450500,0,1
3.518451542,1,1
3.518452583,0,1
3.518453625,1,1
3.518454708,0,1
3.518455750,1,1
3.518456833,0,1
3.518457875,1,1
3.518458958,0,0
3.518460000,1,0
3.518461042,0,0
3.518461458,0,1
3.518462083,1,1
3.518463167,0,1
3.518464333,1,1
3.518465375,0,1
3.518466417,1,1
3.518467500,0,1
3.518468500,1,1
3.518469500,0,1
3.518470500,1,1
3.518471583,0,1
3.518472625,1,1
3.518473708,0,1
3.518474750,1,1
3.518475833,0,1
3.518476833,1,1
3.518477917,0,1
3.518478958,1,1
3.518480042,0,1
3.518481042,1,1
3.518482167,0,1
3.518483167,1,1
3.518484250,0,1
3.518485292,1,1
3.518486375,0,1
3.518487375,1,1
3.518488500,0,1
3.518489500,1,1
3.518490583,0,1
3.518491625,1,1
3.518492708,0,1
3.518493708,1,1
3.518494792,0,1
3.518495833,1,1
3.518496917,0,1
3.518497958,1,1
3.518499042,0,1
3.518500042,1,1
3.518501125,0,1
3.518502167,1,1
3.518503250,0,1
3.518504250,1,1
3.518505375,0,1
3.518506375,1,1
3.518507458,0,1
3.518508500,1,1
3.518509583,0,1
3.518510583,1,1
3.518511708,0,1
3.518512708,1,1
3.518513792,0,1
3.518514833,1,1
3.518515917,0,1
3.518516917,1,1
3.518518042,0,1
3.518519042,1,1
3.518520125,0,1
3.518521167,1,1
3.518522250,0,1
3.518523250,1,1
3.518524333,0,1
3.518525375,1,1
3.518526458,0,1
3.518527500,1,1
3.518528583,0,1
3.518529583,1,1
3.518530667,0,1
3.518531875,1,1
3.518532917,0,1
3.518534000,1,1
3.518535000,0,1
3.518537125,1,1
3.518538125,1,0
3.518539125,0,0
3.518541083,1,0
3.518542083,1,1
3.518545208,1,0
3.518546167,0,0
3.518548292,1,0
3.518549292,0,0
3.518551375,1,0
3.518552417,0,0
3.518553458,0,1
3.518554500,1,1
3.518555500,0,1
3.518556542,0,0
3.518557625,1,0
3.518558583,0,0
3.518560708,1,0
3.518561708,0,0
3.518563792,1,0
3.518564792,0,0
3.518565875,0,1
3.518566917,1,1
3.518567917,0,1
3.518569000,0,0
3.518570000,1,0
3.518571000,0,0
3.518573083,1,0
3.518574083,0,0
3.518576208,1,0
3.518577208,0,0
3.518579292,1,0
3.518580292,0,0
3.518582417,1,0
3.518583417,0,0
3.518585500,1,0
3.518586500,0,0
3.518588625,1,0
3.518589625,0,0
3.518591708,1,0
3.518592708,0,0
3.518594833,1,0
3.518595833,0,0
3.518597917,1,0
3.518598917,0,0
3.518601042,1,0
3.518602042,0,0
3.518604125,1,0
3.518605125,0,0
3.518607250,1,0
3.518608250,0,0
3.518610333,1,0
3.518611333,0,0
3.518613458,1,0
3.518614458,0,0
3.518616542,1,0
3.518617542,0,0
3.518619625,1,0
3.518620667,0,0
3.518622750,1,0
3.518623750,0,0
3.518625833,1,0
3.518626833,0,0
3.518628958,1,0
3.518629958,0,0
3.518632042,1,0
3.518633042,0,0
3.518635167,1,0
3.518636167,0,0
3.518638250,1,0
3.518639250,0,0
3.518641375,1,0
3.518642375,0,0
3.518644458,1,0
3.518645458,0,0
3.518647583,1,0
3.518648583,0,0
3.518650667,1,0
3.518651667,0,0
3.518653792,1,0
3.518654792,0,0
3.518656875,1,0
3.518657875,0,0
3.518660000,1,0
3.518661000,0,0
3.518663083,1,0
3.518664083,0,0
3.518666208,1,0
3.518667208,0,0
3.518669333,1,0
3.518670292,0,0
3.518671333,0,1
3.518672417,1,1
3.518673417,0,1
3.518674667,1,1
3.518675667,0,1
3.518677833,1,1
3.518678875,0,1
3.518679917,1,1
3.518680958,0,1
3.518682000,1,1
3.518683083,0,1
3.518684125,1,1
3.518685208,0,1
3.518686250,1,1
3.518687333,0,0
3.518688375,1,0
3.518689417,0,0
3.518689750,0,1
3.518690458,1,1
3.518691542,0,1
3.518692708,1,1
3.518693792,0,1
3.518694792,1,1
3.518695875,0,1
3.518696875,1,1
3.518697875,0,1
3.518698875,1,1
3.518700000,0,1
3.518701000,1,1
3.518702083,0,1
3.518703125,1,1
3.518704208,0,1
3.518705208,1,1
3.518706333,0,1
3.518707333,1,1
3.518708417,0,1
3.518709458,1,1
3.518710542,0,1
3.518711542,1,1
3.518712667,0,1
3.518713667,1,1
3.518714750,0,1
3.518715792,1,1
3.518716875,0,1
3.518717875,1,1
3.518719000,0,1
3.518720000,1,1
3.518721083,0,1
3.518722125,1,1
3.518723208,0,1
3.518724208,1,1
3.518725292,0,1
3.518726333,1,1
3.518727417,0,1
3.518728458,1,1
3.518729542,0,1
3.518730542,1,1
3.518731625,0,1
3.518732667,1,1
3.518733750,0,1
3.518734750,1,1
3.518735875,0,1
3.518736875,1,1
3.518737958,0,1
3.518739000,1,1
3.518740083,0,1
3.518741083,1,1
3.518742208,0,1
3.518743208,1,1
3.518744292,0,1
3.518745333,1,1
3.518746417,0,1
3.518747417,1,1
3.518748500,0,1
3.518749542,1,1
3.518750625,0,1
3.518751667,1,1
3.518752750,0,1
3.518753750,1,1
3.518754833,0,1
3.518755875,1,1
3.518756958,0,1
3.518757958,1,1
3.518759083,0,1
3.518760292,1,1
3.518761292,0,1
3.518762375,1,1
3.518763417,0,1
3.518765500,1,1
3.518766542,1,0
3.518767500,0,0
3.518769500,1,0
3.518770458,1,1
3.518773583,1,0
3.518774583,0,0
3.518776667,1,0
3.518777667,0,0
3.518779792,1,0
3.518780792,0,0
3.518781833,0,1
3.518782875,1,1
3.518783875,0,1
3.518784958,0,0
3.518786000,1,0
3.518786958,0,0
3.518789083,1,0
3.518790083,0,0
3.518792208,1,0
3.518793208,0,0
3.518794250,0,1
3.518795292,1,1
3.518796333,0,1
3.518797417,0,0
3.518798375,1,0
3.518799375,0,0
3.518801500,1,0
3.518802500,0,0
3.518804583,1,0
3.518805583,0,0
3.518807708,1,0
3.518808708,0,0
3.518810792,1,0
3.518811792,0,0
3.518813917,1,0
3.518814917,0,0
3.518817000,1,0
3.518818000,0,0
3.518820125,1,0
3.518821125,0,0
3.518823208,1,0
3.518824208,0,0
3.518826333,1,0
3.518827333,0,0
3.518829417,1,0
3.518830417,0,0
3.518832542,1,0
3.518833542,0,0
3.518835625,1,0
3.518836625,0,0
3.518838750,1,0
3.518839750,0,0
3.518841833,1,0
3.518842833,0,0
3.518844958,1,0
3.518845958,0,0
3.518848042,1,0
3.518849042,0,0
3.518851125,1,0
3.518852125,0,0
3.518854250,1,0
3.518855250,0,0
3.518857333,1,0
3.518858333,0,0
3.518860458,1,0
3.518861458,0,0
3.518863542,1,0
3.518864542,0,0
3.518866667,1,0
3.518867667,0,0
3.518869750,1,0
3.518870750,0,0
3.518872875,1,0
3.518873875,0,0
3.518875958,1,0
3.518876958,0,0
3.518879083,1,0
3.518880083,0,0
3.518882167,1,0
3.518883167,0,0
3.518885292,1,0
3.518886292,0,0
3.518888375,1,0
3.518889375,0,0
3.518891500,1,0
3.518892500,0,0
3.518894583,1,0
3.518895583,0,0
3.518897708,1,0
3.518898708,0,0
3.518899708,0,1
3.518900833,1,1
3.518901833,0,1
3.518903042,1,1
3.518904042,0,1
3.518906208,1,1
3.518907250,0,1
3.518908292,1,1
3.518909375,0,1
3.518910417,1,1
3.518911458,0,1
3.518912500,1,1
3.518913583,0,1
3.518914625,1,1
3.518915708,0,0
3.518916750,1,0
3.518917833,0,0
3.518918167,0,1
3.518918875,1,1
3.518919917,0,1
3.518921083,1,1
3.518922167,0,1
3.518923208,1,1
3.518924292,0,1
3.518925292,1,1
3.518926250,0,1
3.518927292,1,1
3.518928375,0,1
3.518929417,1,1
3.518930500,0,1
3.518931500,1,1
3.518932583,0,1
3.518933625,1,1
3.518934708,0,1
3.518935708,1,1
3.518936833,0,1
3.518937833,1,1
3.518938917,0,1
3.518939958,1,1
3.518941042,0,1
3.518942042,1,1
3.518943167,0,1
3.518944167,1,1
3.518945250,0,1
3.518946292,1,1
3.518947375,0,1
3.518948375,1,1
3.518949500,0,1
3.518950500,1,1
3.518951583,0,1
3.518952625,1,1
3.518953708,0,1
3.518954708,1,1
3.518955792,0,1
3.518956833,1,1
3.518957917,0,1
3.518958958,1,1
3.518960042,0,1
3.518961042,1,1
3.518962125,0,1
3.518963167,1,1
3.518964250,0,1
3.518965292,1,1
3.518966375,0,1
3.518967375,1,1
3.518968458,0,1
3.518969500,1,1
3.518970583,0,1
3.518971583,1,1
3.518972708,0,1
3.518973708,1,1
3.518974792,0,1
3.518975833,1,1
3.518976917,0,1
3.518977917,1,1
3.518979000,0,1
3.518980042,1,1
3.518981125,0,1
3.518982167,1,1
3.518983250,0,1
3.518984250,1,1
3.518985333,0,1
3.518986375,1,1
3.518987458,0,1
3.518988667,1,1
3.518989667,0,1
3.518990792,1,1
3.518991792,0,1
3.518993917,1,1
3.518994917,1,0
3.518995917,0,0
3.518997875,1,0
3.518998875,1,1
3.519002000,1,0
3.519002958,0,0
3.519005042,1,0
3.519006083,0,0
3.519008167,1,0
3.519009167,0,0
3.519010250,0,1
3.519011292,1,1
3.519012292,0,1
3.519013333,0,0
3.519014375,1,0
3.519015375,0,0
3.519017458,1,0
3.519018500,0,0
3.519020583,1,0
3.519021583,0,0
3.519022625,0,1
3.519023708,1,1
3.519024708,0,1
3.519025792,0,0
3.519026792,1,0
3.519027792,0,0
3.519029875,1,0
3.519030875,0,0
3.519033000,1,0
3.519034000,0,0
3.519036083,1,0
3.519037083,0,0
3.519039208,1,0
3.519040208,0,0
3.519042292,1,0
3.519043292,0,0
3.519045417,1,0
3.519046417,0,0
3.519048500,1,0
3.519049500,0,0
3.519051625,1,0
3.519052625,0,0
3.519054708,1,0
3.519055708,0,0
3.519057792,1,0
3.519058792,0,0
3.519060917,1,0
3.519061917,0,0
3.519064000,1,0
3.519065000,0,0
3.519067125,1,0
3.519068125,0,0
3.519070208,1,0
3.519071208,0,0
3.519073333,1,0
3.519074333,0,0
3.519076417,1,0
3.519077417,0,0
3.519079542,1,0
3.519080542,0,0
3.519082625,1,0
3.519083625,0,0
3.519085750,1,0
3.519086750,0,0
3.519088833,1,0
3.519089833,0,0
3.519091958,1,0
3.519092958,0,0
3.519095042,1,0
3.519096042,0,0
3.519098167,1,0
3.519099167,0,0
3.519101250,1,0
3.519102250,0,0
3.519104333,1,0
3.519105333,0,0
3.519107458,1,0
3.519108458,0,0
3.519110542,1,0
3.519111542,0,0
3.519113667,1,0
3.519114667,0,0
3.519116750,1,0
3.519117750,0,0
3.519119875,1,0
3.519120875,0,0
3.519122958,1,0
3.519123958,0,0
3.519126083,1,0
3.519127083,0,0
3.519128125,0,1
3.519129208,1,1
3.519130208,0,1
3.519131417,1,1
3.519132458,0,1
3.519134583,1,1
3.519135667,0,1
3.519136708,1,1
3.519137750,0,1
3.519138792,1,1
3.519139875,0,1
3.519140917,1,1
3.519142000,0,1
3.519143042,1,1
3.519144083,0,0
3.519145125,1,0
3.519146208,0,0
3.519146625,0,1
3.519147250,1,1
3.519148292,0,1
3.519149500,1,1
3.519150542,0,1
3.519151583,1,1
3.519152667,0,1
3.519153667,1,1
3.519154667,0,1
3.519155667,1,1
3.519156750,0,1
3.519157792,1,1
3.519158875,0,1
3.519159875,1,1
3.519161000,0,1
3.519162000,1,1
3.519163083,0,1
3.519164125,1,1
3.519165208,0,1
3.519166208,1,1
3.519167292,0,1
3.519168333,1,1
3.519169417,0,1
3.519170458,1,1
3.519171542,0,1
3.519172542,1,1
3.519173625,0,1
3.519174667,1,1
3.519175750,0,1
3.519176792,1,1
3.519177875,0,1
3.519178875,1,1
3.519179958,0,1
3.519181000,1,1
3.519182083,0,1
3.519183083,1,1
3.519184208,0,1
3.519185208,1,1
3.519186292,0,1
3.519187333,1,1
3.519188417,0,1
3.519189417,1,1
3.519190542,0,1
3.519191542,1,1
3.519192625,0,1
3.519193667,1,1
3.519194750,0,1
3.519195750,1,1
3.519196875,0,1
3.519197875,1,1
3.519198958,0,1
3.519200000,1,1
3.519201083,0,1
3.519202083,1,1
3.519203208,0,1
3.519204208,1,1
3.519205292,0,1
3.519206333,1,1
3.519207417,0,1
3.519208417,1,1
3.519209500,0,1
3.519210542,1,1
3.519211625,0,1
3.519212667,1,1
3.519213750,0,1
3.519214750,1,1
3.519215833,0,1
3.519217042,1,1
3.519218083,0,1
3.519219167,1,1
3.519220167,0,1
3.519222292,1,1
3.519223292,1,0
3.519224292,0,0
3.519226250,1,0
3.519227250,1,1
3.519230375,1,0
3.519231333,0,0
3.519233458,1,0
3.519234458,0,0
3.519236542,1,0
3.519237583,0,0
3.519238625,0,1
3.519239667,1,1
3.519240667,0,1
3.519241708,0,0
3.519242792,1,0
3.519243750,0,0
3.519245875,1,0
3.519246875,0,0
3.519248958,1,0
3.519249958,0,0
3.519251042,0,1
3.519252083,1,1
3.519253083,0,1
3.519254167,0,0
3.519255167,1,0
3.519256167,0,0
3.519258250,1,0
3.519259292,0,0
3.519261375,1,0
3.519262375,0,0
3.519264458,1,0
3.519265500,0,0
3.519267583,1,0
3.519268583,0,0
3.519270667,1,0
3.519271667,0,0
3.519273792,1,0
3.519274792,0,0
3.519276875,1,0
3.519277875,0,0
3.519280000,1,0
3.519281000,0,0
3.519283083,1,0
3.519284083,0,0
3.519286208,1,0
3.519287208,0,0
3.519289292,1,0
3.519290292,0,0
3.519292417,1,0
3.519293417,0,0
3.519295500,1,0
3.519296500,0,0
3.519298625,1,0
3.519299625,0,0
3.519301708,1,0
3.519302708,0,0
3.519304833,1,0
3.519305833,0,0
3.519307917,1,0
3.519308917,0,0
3.519311042,1,0
3.519312042,0,0
3.519314125,1,0
3.519315125,0,0
3.519317250,1,0
3.519318250,0,0
3.519320333,1,0
3.519321333,0,0
3.519323458,1,0
3.519324458,0,0
3.519326542,1,0
3.519327542,0,0
3.519329625,1,0
3.519330667,0,0
3.519332750,1,0
3.519333750,0,0
3.519335833,1,0
3.519336833,0,0
3.519338958,1,0
3.519339958,0,0
3.519342042,1,0
3.519343042,0,0
3.519345167,1,0
3.519346167,0,0
3.519348250,1,0
3.519349250,0,0
3.519351375,1,0
3.519352375,0,0
3.519354500,1,0
3.519355500,0,0
3.519356500,0,1
3.519357625,1,1
3.519358625,0,1
3.519359833,1,1
3.519360833,0,1
3.519363000,1,1
3.519364042,0,1
3.519365083,1,1
3.519366167,0,1
3.519367208,1,1
3.519368250,0,1
3.519369292,1,1
3.519370417,0,1
3.519371458,1,1
3.519372500,0,0
3.519373542,1,0
3.519374625,0,0
3.519374917,0,1
3.519375667,1,1
3.519376708,0,1
3.519377875,1,1
3.519378958,0,1
3.519380000,1,1
3.519381042,0,1
3.519382083,1,1
3.519383042,0,1
3.519384083,1,1
3.519385167,0,1
3.519386208,1,1
3.519387292,0,1
3.519388292,1,1
3.519389375,0,1
3.519390417,1,1
3.519391500,0,1
3.519392500,1,1
3.519393625,0,1
3.519394625,1,1
3.519395708,0,1
3.519396750,1,1
3.519397833,0,1
3.519398833,1,1
3.519399958,0,1
3.519400958,1,1
3.519402042,0,1
3.519403083,1,1
3.519404167,0,1
3.519405167,1,1
3.519406292,0,1
3.519407292,1,1
3.519408375,0,1
3.519409417,1,1
3.519410500,0,1
3.519411500,1,1
3.519412583,0,1
3.519413625,1,1
3.519414708,0,1
3.519415750,1,1
3.519416833,0,1
3.519417833,1,1
3.519418917,0,1
3.519419958,1,1
3.519421042,0,1
3.519422042,1,1
3.519423167,0,1
3.519424167,1,1
3.519425250,0,1
3.519426292,1,1
3.519427375,0,1
3.519428375,1,1
3.519429500,0,1
3.519430500,1,1
3.519431583,0,1
3.519432625,1,1
3.519433708,0,1
3.519434708,1,1
3.519435792,0,1
3.519436833,1,1
3.519437917,0,1
3.519438958,1,1
3.519440042,0,1
3.519441042,1,1
3.519442125,0,1
3.519443167,1,1
3.519444250,0,1
3.519445458,1,1
3.519446458,0,1
3.519447583,1,1
3.519448583,0,1
3.519450708,1,1
3.519451708,1,0
3.519452708,0,0
3.519454667,1,0
3.519455667,1,1
3.519458792,1,0
3.519459750,0,0
3.519461833,1,0
3.519462875,0,0
3.519464958,1,0
3.519465958,0,0
3.519467042,0,1
3.519468083,1,1
3.519469083,0,1
3.519470125,0,0
3.519471167,1,0
3.519472167,0,0
3.519474250,1,0
3.519475292,0,0
3.519477375,1,0
3.519478375,0,0
3.519479417,0,1
3.519480500,1,1
3.519481500,0,1
3.519482583,0,0
3.519483583,1,0
3.519484583,0,0
3.519486667,1,0
3.519487667,0,0
3.519489792,1,0
3.519490792,0,0
3.519492875,1,0
3.519493875,0,0
3.519496000,1,0
3.519497000,0,0
3.519499083,1,0
3.519500083,0,0
3.519502208,1,0
3.519503208,0,0
3.519505292,1,0
3.519506292,0,0
3.519508417,1,0
3.519509417,0,0
3.519511500,1,0
3.519512500,0,0
3.519514625,1,0
3.519515625,0,0
3.519517708,1,0
3.519518708,0,0
3.519520833,1,0
3.519521833,0,0
3.519523917,1,0
3.519524917,0,0
3.519527042,1,0
3.519528042,0,0
3.519530125,1,0
3.519531125,0,0
3.519533208,1,0
3.519534208,0,0
3.519536333,1,0
3.519537333,0,0
3.519539417,1,0
3.519540417,0,0
3.519542542,1,0
3.519543542,0,0
3.519545625,1,0
3.519546667,0,0
3.519548750,1,0
3.519549750,0,0
3.519551833,1,0
3.519552833,0,0
3.519554958,1,0
3.519555958,0,0
3.519558042,1,0
3.519559042,0,0
3.519561167,1,0
3.519562167,0,0
3.519564250,1,0
3.519565250,0,0
3.519567375,1,0
3.519568375,0,0
3.519570458,1,0
3.519571458,0,0
3.519573583,1,0
3.519574583,0,0
3.519576667,1,0
3.519577667,0,0
3.519579792,1,0
3.519580792,0,0
3.519582917,1,0
3.519583875,0,0
3.519584917,0,1
3.519586000,1,1
3.519587000,0,1
3.519588250,1,1
3.519589250,0,1
3.519591417,1,1
3.519592458,0,1
3.519593500,1,1
3.519594583,0,1
3.519595583,1,1
3.519596667,0,1
3.519597708,1,1
3.519598792,0,1
3.519599833,1,1
3.519600917,0,0
3.519601958,1,0
3.519603042,0,0
3.519603333,0,1
3.519604042,1,1
3.519605125,0,1
3.519606292,1,1
3.519607375,0,1
3.519608417,1,1
3.519609458,0,1
3.519610500,1,1
3.519611458,0,1
3.519612500,1,1
3.519613583,0,1
3.519614583,1,1
3.519615667,0,1
3.519616708,1,1
3.519617792,0,1
3.519618792,1,1
3.519619917,0,1
3.519620917,1,1
3.519622000,0,1
3.519623042,1,1
3.519624125,0,1
3.519625125,1,1
3.519626250,0,1
3.519627250,1,1
3.519628333,0,1
3.519629375,1,1
3.519630458,0,1
3.519631458,1,1
3.519632542,0,1
3.519633583,1,1
3.519634667,0,1
3.519635708,1,1
3.519636792,0,1
3.519637792,1,1
3.519638875,0,1
3.519639917,1,1
3.519641000,0,1
3.519642042,1,1
3.519643125,0,1
3.519644125,1,1
3.519645208,0,1
3.519646250,1,1
3.519647333,0,1
3.519648375,1,1
3.519649458,0,1
3.519650458,1,1
3.519651542,0,1
3.519652583,1,1
3.519653667,0,1
3.519654667,1,1
3.519655792,0,1
3.519656792,1,1
3.519657875,0,1
3.519658917,1,1
3.519660000,0,1
3.519661000,1,1
3.519662125,0,1
3.519663125,1,1
3.519664208,0,1
3.519665250,1,1
3.519666333,0,1
3.519667333,1,1
3.519668458,0,1
3.519669458,1,1
3.519670542,0,1
3.519671583,1,1
3.519672667,0,1
3.519673875,1,1
3.519674875,0,1
3.519675958,1,1
3.519677000,0,1
3.519679083,1,1
3.519680125,1,0
3.519681083,0,0
3.519683083,1,0
3.519684042,1,1
3.519687167,1,0
3.519688167,0,0
3.519690250,1,0
3.519691250,0,0
3.519693375,1,0
3.519694375,0,0
3.519695417,0,1
3.519696458,1,1
3.519697500,0,1
3.519698542,0,0
3.519699583,1,0
3.519700542,0,0
3.519702667,1,0
3.519703667,0,0
3.519705750,1,0
3.519706792,0,0
3.519707833,0,1
3.519708875,1,1
3.519709875,0,1
3.519710958,0,0
3.519711958,1,0
3.519712958,0,0
3.519715083,1,0
3.519716083,0,0
3.519718167,1,0
3.519719167,0,0
3.519721292,1,0
3.519722292,0,0
3.519724375,1,0
3.519725375,0,0
3.519727500,1,0
3.519728500,0,0
3.519730583,1,0
3.519731583,0,0
3.519733708,1,0
3.519734708,0,0
3.519736792,1,0
3.519737792,0,0
3.519739917,1,0
3.519740917,0,0
3.519743000,1,0
3.519744000,0,0
3.519746083,1,0
3.519747083,0,0
3.519749208,1,0
3.519750208,0,0
3.519752292,1,0
3.519753292,0,0
3.519755417,1,0
3.519756417,0,0
3.519758500,1,0
3.519759500,0,0
3.519761625,1,0
3.519762625,0,0
3.519764708,1,0
3.519765708,0,0
3.519767833,1,0
3.519768833,0,0
3.519770917,1,0
3.519771917,0,0
3.519774000,1,0
3.519775042,0,0
3.519777125,1,0
3.519778125,0,0
3.519780208,1,0
3.519781250,0,0
3.519783333,1,0
3.519784333,0,0
3.519786417,1,0
3.519787417,0,0
3.519789542,1,0
3.519790542,0,0
3.519792625,1,0
3.519793625,0,0
3.519795750,1,0
3.519796750,0,0
3.519798833,1,0
3.519799833,0,0
3.519801958,1,0
3.519802958,0,0
3.519805042,1,0
3.519806042,0,0
3.519808167,1,0
3.519809167,0,0
3.519811292,1,0
3.519812292,0,0
3.519813292,0,1
3.519814375,1,1
3.519815375,0,1
3.519816625,1,1
3.519817625,0,1
3.519819792,1,1
3.519820833,0,1
3.519821875,1,1
3.519822958,0,1
3.519824000,1,1
3.519825042,0,1
3.519826083,1,1
3.519827167,0,1
3.519828208,1,1
3.519829292,0,0
3.519830333,1,0
3.519831417,0,0
3.519831792,0,1
3.519832417,1,1
3.519833500,0,1
3.519834667,1,1
3.519835750,0,1
3.519836792,1,1
3.519837833,0,1
3.519838875,1,1
3.519839833,0,1
3.519840875,1,1
3.519841958,0,1
3.519842958,1,1
3.519844042,0,1
3.519845083,1,1
3.519846167,0,1
3.519847208,1,1
3.519848292,0,1
3.519849292,1,1
3.519850375,0,1
3.519851417,1,1
3.519852500,0,1
3.519853500,1,1
3.519854625,0,1
3.519855625,1,1
3.519856708,0,1
3.519857750,1,1
3.519858833,0,1
3.519859833,1,1
3.519860958,0,1
3.519861958,1,1
3.519863042,0,1
3.519864083,1,1
3.519865167,0,1
3.519866167,1,1
3.519867250,0,1
3.519868292,1,1
3.519869375,0,1
3.519870375,1,1
3.519871500,0,1
3.519872500,1,1
3.519873583,0,1
3.519874625,1,1
3.519875708,0,1
3.519876708,1,1
3.519877833,0,1
3.519878833,1,1
3.519879917,0,1
3.519880958,1,1
3.519882042,0,1
3.519883042,1,1
3.519884167,0,1
3.519885167,1,1
3.519886250,0,1
3.519887292,1,1
3.519888375,0,1
3.519889375,1,1
3.519890458,0,1
3.519891500,1,1
3.519892583,0,1
3.519893583,1,1
3.519894708,0,1
3.519895708,1,1
3.519896792,0,1
3.519897833,1,1
3.519898917,0,1
3.519899917,1,1
3.519901042,0,1
3.519902250,1,1
3.519903250,0,1
3.519904333,1,1
3.519905375,0,1
3.519907458,1,1
3.519908500,1,0
3.519909458,0,0
3.519911458,1,0
3.519912417,1,1
3.519915542,1,0
3.519916542,0,0
3.519918625,1,0
3.519919625,0,0
3.519921750,1,0
3.519922750,0,0
3.519923792,0,1
3.519924833,1,1
3.519925875,0,1
3.519926917,0,0
3.519927958,1,0
3.519928958,0,0
3.519931042,1,0
3.519932042,0,0
3.519934167,1,0
3.519935167,0,0
3.519936208,0,1
3.519937250,1,1
3.519938250,0,1
3.519939333,0,0
3.519940333,1,0
3.519941333,0,0
3.519943458,1,0
3.519944458,0,0
3.519946542,1,0
3.519947542,0,0
3.519949667,1,0
3.519950667,0,0
3.519952750,1,0
3.519953750,0,0
3.519955875,1,0
3.519956875,0,0
3.519958958,1,0
3.519959958,0,0
3.519962083,1,0
3.519963083,0,0
3.519965167,1,0
3.519966167,0,0
3.519968250,1,0
3.519969292,0,0
3.519971375,1,0
3.519972375,0,0
3.519974458,1,0
3.519975458,0,0
3.519977583,1,0
3.519978583,0,0
3.519980667,1,0
3.519981667,0,0
3.519983792,1,0
3.519984792,0,0
3.519986875,1,0
3.519987875,0,0
3.519990000,1,0
3.519991000,0,0
3.519993083,1,0
3.519994083,0,0
3.519996208,1,0
3.519997208,0,0
3.519999292,1,0
3.520000292,0,0
3.520002417,1,0
3.520003417,0,0
3.520005500,1,0
3.520006500,0,0
3.520008625,1,0
3.520009625,0,0
3.520011708,1,0
3.520012708,0,0
3.520014833,1,0
3.520015833,0,0
3.520017917,1,0
3.520018917,0,0
3.520021000,1,0
3.520022000,0,0
3.520024125,1,0
3.520025125,0,0
3.520027208,1,0
3.520028208,0,0
3.520030333,1,0
3.520031333,0,0
3.520033417,1,0
3.520034417,0,0
3.520036542,1,0
3.520037542,0,0
3.520039667,1,0
3.520040667,0,0
3.520041667,0,1
3.520042750,1,1
3.520043750,0,1
3.520045000,1,1
3.520046000,0,1
3.520048167,1,1
3.520049208,0,1
3.520050250,1,1
3.520051333,0,1
3.520052375,1,1
3.520053417,0,1
3.520054458,1,1
3.520055542,0,1
3.520056583,1,1
3.520057667,0,0
3.520058708,1,0
3.520059792,0,0
3.520060125,0,1
3.520060833,1,1
3.520061875,0,1
3.520063042,1,1
3.520064125,0,1
3.520065167,1,1
3.520066208,0,1
3.520067250,1,1
3.520068208,0,1
3.520069250,1,1
3.520070333,0,1
3.520071333,1,1
3.520072417,0,1
3.520073458,1,1
3.520074542,0,1
3.520075583,1,1
3.520076667,0,1
3.520077667,1,1
3.520078750,0,1
3.520079792,1,1
3.520080875,0,1
3.520081875,1,1
3.520083000,0,1
3.520084000,1,1
3.520085083,0,1
3.520086125,1,1
3.520087208,0,1
3.520088208,1,1
3.520089333,0,1
3.520090333,1,1
3.520091417,0,1
3.520092458,1,1
3.520093542,0,1
3.520094542,1,1
3.520095625,0,1
3.520096667,1,1
3.520097750,0,1
3.520098792,1,1
3.520099875,0,1
3.520100875,1,1
3.520101958,0,1
3.520103000,1,1
3.520104083,0,1
3.520105083,1,1
3.520106208,0,1
3.520107208,1,1
3.520108292,0,1
3.520109333,1,1
3.520110417,0,1
3.520111417,1,1
3.520112542,0,1
3.520113542,1,1
3.520114625,0,1
3.520115667,1,1
3.520116750,0,1
3.520117750,1,1
3.520118875,0,1
3.520119875,1,1
3.520120958,0,1
3.520122000,1,1
3.520123083,0,1
3.520124083,1,1
3.520125167,0,1
3.520126208,1,1
3.520127292,0,1
3.520128333,1,1
3.520129417,0,1
3.520130625,1,1
3.520131625,0,1
3.520132708,1,1
3.520133750,0,1
3.520135833,1,1
3.520136875,1,0
3.520137833,0,0
3.520139833,1,0
3.520140792,1,1
3.520143917,1,0
3.520144917,0,0
3.520147000,1,0
3.520148000,0,0
3.520150125,1,0
3.520151125,0,0
3.520152167,0,1
3.520153208,1,1
3.520154250,0,1
3.520155292,0,0
3.520156333,1,0
3.520157333,0,0
3.520159417,1,0
3.520160417,0,0
3.520162542,1,0
3.520163542,0,0
3.520164583,0,1
3.520165625,1,1
3.520166667,0,1
3.520167750,0,0
3.520168750,1,0
3.520169750,0,0
3.520171833,1,0
3.520172833,0,0
3.520174917,1,0
3.520175917,0,0
3.520178042,1,0
3.520179042,0,0
3.520181125,1,0
3.520182125,0,0
3.520184250,1,0
3.520185250,0,0
3.520187333,1,0
3.520188333,0,0
3.520190458,1,0
3.520191458,0,0
3.520193542,1,0
3.520194542,0,0
3.520196667,1,0
3.520197667,0,0
3.520199750,1,0
3.520200750,0,0
3.520202875,1,0
3.520203875,0,0
3.520205958,1,0
3.520206958,0,0
3.520209083,1,0
3.520210083,0,0
3.520212167,1,0
3.520213167,0,0
3.520215292,1,0
3.520216292,0,0
3.520218375,1,0
3.520219375,0,0
3.520221500,1,0
3.520222500,0,0
3.520224583,1,0
3.520225583,0,0
3.520227708,1,0
3.520228708,0,0
3.520230792,1,0
3.520231792,0,0
3.520233917,1,0
3.520234917,0,0
3.520237000,1,0
3.520238000,0,0
3.520240083,1,0
3.520241083,0,0
3.520243208,1,0
3.520244208,0,0
3.520246292,1,0
3.520247333,0,0
3.520249417,1,0
3.520250417,0,0
3.520252500,1,0
3.520253500,0,0
3.520255625,1,0
3.520256625,0,0
3.520258708,1,0
3.520259708,0,0
3.520261833,1,0
3.520262833,0,0
3.520264917,1,0
3.520265917,0,0
3.520268083,1,0
3.520269042,0,0
3.520270083,0,1
3.520271167,1,1
3.520272167,0,1
3.520273375,1,1
3.520274417,0,1
3.520276542,1,1
3.520277625,0,1
3.520278667,1,1
3.520279708,0,1
3.520280750,1,1
3.520281833,0,1
3.520282875,1,1
3.520283958,0,1
3.520285000,1,1
3.520286042,0,1
3.520286083,0,0
3.520287125,1,0
3.520288167,0,0
3.520288500,0,1
3.520289208,1,1
3.520290292,0,1
3.520291458,1,1
3.520292500,0,1
3.520293542,1,1
3.520294625,0,1
3.520295625,1,1
3.520296625,0,1
3.520297625,1,1
3.520298708,0,1
3.520299750,1,1
3.520300833,0,1
3.520301875,1,1
3.520302958,0,1
3.520303958,1,1
3.520305042,0,1
3.520306083,1,1
3.520307167,0,1
3.520308167,1,1
3.520309292,0,1
3.520310292,1,1
3.520311375,0,1
3.520312417,1,1
3.520313500,0,1
3.520314500,1,1
3.520315625,0,1
3.520316625,1,1
3.520317708,0,1
3.520318750,1,1
3.520319833,0,1
3.520320833,1,1
3.520321958,0,1
3.520322958,1,1
3.520324042,0,1
3.520325083,1,1
3.520326167,0,1
3.520327167,1,1
3.520328292,0,1
3.520329292,1,1
3.520330375,0,1
3.520331417,1,1
3.520332500,0,1
3.520333500,1,1
3.520334583,0,1
3.520335625,1,1
3.520336708,0,1
3.520337750,1,1
3.520338833,0,1
3.520339833,1,1
3.520340917,0,1
3.520341958,1,1
3.520343042,0,1
3.520344083,1,1
3.520345167,0,1
3.520346167,1,1
3.520347250,0,1
3.520348292,1,1
3.520349375,0,1
3.520350375,1,1
3.520351500,0,1
3.520352500,1,1
3.520353583,0,1
3.520354625,1,1
3.520355708,0,1
3.520356708,1,1
3.520357833,0,1
3.520359042,1,1
3.520360042,0,1
3.520361125,1,1
3.520362167,0,1
3.520364250,1,1
3.520365292,1,0
3.520366250,0,0
3.520368250,1,0
3.520369208,1,1
3.520372333,1,0
3.520373333,0,0
3.520375417,1,0
3.520376417,0,0
3.520378542,1,0
3.520379542,0,0
3.520380583,0,1
3.520381625,1,1
3.520382625,0,1
3.520383708,0,0
3.520384750,1,0
3.520385708,0,0
3.520387833,1,0
3.520388833,0,0
3.520390917,1,0
3.520391958,0,0
3.520393000,0,1
3.520394042,1,1
3.520395042,0,1
3.520396125,0,0
3.520397125,1,0
3.520398125,0,0
3.520400250,1,0
3.520401250,0,0
3.520403333,1,0
3.520404333,0,0
3.520406458,1,0
3.520407458,0,0
3.520409542,1,0
3.520410542,0,0
3.520412667,1,0
3.520413667,0,0
3.520415750,1,0
3.520416750,0,0
3.520418875,1,0
3.520419875,0,0
3.520421958,1,0
3.520422958,0,0
3.520425083,1,0
3.520426083,0,0
3.520428167,1,0
3.520429167,0,0
3.520431292,1,0
3.520432292,0,0
3.520434375,1,0
3.520435375,0,0
3.520437458,1,0
3.520438500,0,0
3.520440583,1,0
3.520441583,0,0
3.520443667,1,0
3.520444708,0,0
3.520446792,1,0
3.520447792,0,0
3.520449875,1,0
3.520450875,0,0
3.520453000,1,0
3.520454000,0,0
3.520456083,1,0
3.520457083,0,0
3.520459208,1,0
3.520460208,0,0
3.520462292,1,0
3.520463292,0,0
3.520465417,1,0
3.520466417,0,0
3.520468500,1,0
3.520469500,0,0
3.520471625,1,0
3.520472625,0,0
3.520474708,1,0
3.520475708,0,0
3.520477833,1,0
3.520478833,0,0
3.520480917,1,0
3.520481917,0,0
3.520484042,1,0
3.520485042,0,0
3.520487125,1,0
3.520488125,0,0
3.520490208,1,0
3.520491208,0,0
3.520493333,1,0
3.520494333,0,0
3.520496458,1,0
3.520497458,0,0
3.520498458,0,1
3.520499583,1,1
3.520500583,0,1
3.520501792,1,1
3.520502792,0,1
3.520504958,1,1
3.520506000,0,1
3.520507042,1,1
3.520508125,0,1
3.520509167,1,1
3.520510208,0,1
3.520511250,1,1
3.520512333,0,1
3.520513375,1,1
3.520514458,0,0
3.520515500,1,0
3.520516583,0,0
3.520516917,0,1
3.520517625,1,1
3.520518667,0,1
3.520519833,1,1
3.520520917,0,1
3.520521958,1,1
3.520523000,0,1
3.520524042,1,1
3.520525000,0,1
3.520526042,1,1
3.520527125,0,1
3.520528125,1,1
3.520529250,0,1
3.520530250,1,1
3.520531333,0,1
3.520532375,1,1
3.520533458,0,1
3.520534458,1,1
3.520535542,0,1
3.520536583,1,1
3.520537667,0,1
3.520538708,1,1
3.520539792,0,1
3.520540792,1,1
3.520541875,0,1
3.520542917,1,1
3.520544000,0,1
3.520545042,1,1
3.520546125,0,1
3.520547125,1,1
3.520548208,0,1
3.520549250,1,1
3.520550333,0,1
3.520551375,1,1
3.520552458,0,1
3.520553458,1,1
3.520554542,0,1
3.520555583,1,1
3.520556667,0,1
3.520557667,1,1
3.520558792,0,1
3.520559792,1,1
3.520560875,0,1
3.520561917,1,1
3.520563000,0,1
3.520564000,1,1
3.520565125,0,1
3.520566125,1,1
3.520567208,0,1
3.520568250,1,1
3.520569333,0,1
3.520570333,1,1
3.520571458,0,1
3.520572458,1,1
3.520573542,0,1
3.520574583,1,1
3.520575667,0,1
3.520576667,1,1
3.520577750,0,1
3.520578792,1,1
3.520579875,0,1
3.520580917,1,1
3.520582000,0,1
3.520583000,1,1
3.520584083,0,1
3.520585125,1,1
3.520586208,0,1
3.520587417,1,1
3.520588417,0,1
3.520589542,1,1
3.520590542,0,1
3.520592667,1,1
3.520593667,1,0
3.520594667,0,0
3.520596625,1,0
3.520597625,1,1
3.520600708,1,0
3.520601708,0,0
3.520603792,1,0
3.520604792,0,0
3.520606917,1,0
3.520607917,0,0
3.520608958,0,1
3.520610042,1,1
3.520611042,0,1
3.520612083,0,0
3.520613125,1,0
3.520614125,0,0
3.520616208,1,0
3.520617208,0,0
3.520619333,1,0
3.520620333,0,0
3.520621375,0,1
3.520622417,1,1
3.520623458,0,1
3.520624542,0,0
3.520625542,1,0
3.520626542,0,0
3.520628625,1,0
3.520629625,0,0
3.520631708,1,0
3.520632750,0,0
3.520634833,1,0
3.520635833,0,0
3.520637917,1,0
3.520638917,0,0
3.520641042,1,0
3.520642042,0,0
3.520644125,1,0
3.520645125,0,0
3.520647250,1,0
3.520648250,0,0
3.520650333,1,0
3.520651333,0,0
3.520653458,1,0
3.520654458,0,0
3.520656542,1,0
3.520657542,0,0
3.520659667,1,0
3.520660667,0,0
3.520662750,1,0
3.520663750,0,0
3.520665875,1,0
3.520666875,0,0
3.520668958,1,0
3.520669958,0,0
3.520672083,1,0
3.520673083,0,0
3.520675167,1,0
3.520676167,0,0
3.520678292,1,0
3.520679292,0,0
3.520681375,1,0
3.520682375,0,0
3.520684500,1,0
3.520685500,0,0
3.520687583,1,0
3.520688583,0,0
3.520690708,1,0
3.520691708,0,0
3.520693792,1,0
3.520694792,0,0
3.520696917,1,0
3.520697917,0,0
3.520700000,1,0
3.520701000,0,0
3.520703083,1,0
3.520704083,0,0
3.520706208,1,0
3.520707208,0,0
3.520709292,1,0
3.520710292,0,0
3.520712417,1,0
3.520713417,0,0
3.520715500,1,0
3.520716500,0,0
3.520718625,1,0
3.520719625,0,0
3.520721708,1,0
3.520722708,0,0
3.520724875,1,0
3.520725833,0,0
3.520726875,0,1
3.520727958,1,1
3.520728958,0,1
3.520730167,1,1
3.520731208,0,1
3.520733333,1,1
3.520734417,0,1
3.520735458,1,1
3.520736500,0,1
3.520737542,1,1
3.520738625,0,1
3.520739667,1,1
3.520740750,0,1
3.520741792,1,1
3.520742833,0,1
3.520742875,0,0
3.520743917,1,0
3.520744958,0,0
3.520745375,0,1
3.520746000,1,1
3.520747083,0,1
3.520748250,1,1
3.520749292,0,1
3.520750333,1,1
3.520751417,0,1
3.520752417,1,1
3.520753417,0,1
3.520754417,1,1
3.520755542,0,1
3.520756542,1,1
3.520757625,0,1
3.520758667,1,1
3.520759750,0,1
3.520760750,1,1
3.520761833,0,1
3.520762875,1,1
3.520763958,0,1
3.520765000,1,1
3.520766083,0,1
3.520767083,1,1
3.520768167,0,1
3.520769208,1,1
3.520770292,0,1
3.520771292,1,1
3.520772417,0,1
3.520773417,1,1
3.520774500,0,1
3.520775542,1,1
3.520776625,0,1
3.520777625,1,1
3.520778750,0,1
3.520779750,1,1
3.520780833,0,1
3.520781875,1,1
3.520782958,0,1
3.520783958,1,1
3.520785083,0,1
3.520786083,1,1
3.520787167,0,1
3.520788208,1,1
3.520789292,0,1
3.520790292,1,1
3.520791375,0,1
3.520792417,1,1
3.520793500,0,1
3.520794542,1,1
3.520795625,0,1
3.520796625,1,1
3.520797708,0,1
3.520798750,1,1
3.520799833,0,1
3.520800875,1,1
3.520801958,0,1
3.520802958,1,1
3.520804042,0,1
3.520805083,1,1
3.520806167,0,1
3.520807167,1,1
3.520808292,0,1
3.520809292,1,1
3.520810375,0,1
3.520811417,1,1
3.520812500,0,1
3.520813500,1,1
3.520814625,0,1
3.520815792,1,1
3.520816833,0,1
3.520817917,1,1
3.520818917,0,1
3.520821042,1,1
3.520822083,1,0
3.520823042,0,0
3.520825042,1,0
3.520826000,1,1
3.520829125,1,0
3.520830125,0,0
3.520832208,1,0
3.520833208,0,0
3.520835333,1,0
3.520836333,0,0
3.520837375,0,1
3.520838417,1,1
3.520839417,0,1
3.520840500,0,0
3.520841542,1,0
3.520842542,0,0
3.520844625,1,0
3.520845625,0,0
3.520847750,1,0
3.520848750,0,0
3.520849792,0,1
3.520850833,1,1
3.520851833,0,1
3.520852917,0,0
3.520853917,1,0
3.520854917,0,0
3.520857042,1,0
3.520858042,0,0
3.520860125,1,0
3.520861125,0,0
3.520863250,1,0
3.520864250,0,0
3.520866333,1,0
3.520867333,0,0
3.520869458,1,0
3.520870458,0,0
3.520872542,1,0
3.520873542,0,0
3.520875667,1,0
3.520876667,0,0
3.520878750,1,0
3.520879750,0,0
3.520881875,1,0
3.520882875,0,0
3.520884958,1,0
3.520885958,0,0
3.520888083,1,0
3.520889083,0,0
3.520891167,1,0
3.520892167,0,0
3.520894250,1,0
3.520895250,0,0
3.520897375,1,0
3.520898375,0,0
3.520900458,1,0
3.520901500,0,0
3.520903583,1,0
3.520904583,0,0
3.520906667,1,0
3.520907708,0,0
3.520909792,1,0
3.520910792,0,0
3.520912875,1,0
3.520913875,0,0
3.520916000,1,0
3.520917000,0,0
3.520919083,1,0
3.520920083,0,0
3.520922208,1,0
3.520923208,0,0
3.520925292,1,0
3.520926292,0,0
3.520928417,1,0
3.520929417,0,0
3.520931500,1,0
3.520932500,0,0
3.520934625,1,0
3.520935625,0,0
3.520937708,1,0
3.520938708,0,0
3.520940833,1,0
3.520941833,0,0
3.520943917,1,0
3.520944917,0,0
3.520947000,1,0
3.520948042,0,0
3.520950125,1,0
3.520951125,0,0
3.520953250,1,0
3.520954250,0,0
3.520955250,0,1
3.520956375,1,1
3.520957375,0,1
3.520958583,1,1
3.520959583,0,1
3.520961750,1,1
3.520962792,0,1
3.520963833,1,1
3.520964917,0,1
3.520965958,1,1
3.520967000,0,1
3.520968042,1,1
3.520969125,0,1
3.520970167,1,1
3.520971250,0,0
3.520972292,1,0
3.520973375,0,0
3.520973667,0,1
3.520974417,1,1
3.520975458,0,1
3.520976625,1,1
3.520977708,0,1
3.520978750,1,1
3.520979792,0,1
3.520980833,1,1
3.520981792,0,1
3.520982833,1,1
3.520983917,0,1
3.520984917,1,1
3.520986042,0,1
3.520987042,1,1
3.520988125,0,1
3.520989167,1,1
3.520990250,0,1
3.520991250,1,1
3.520992375,0,1
3.520993375,1,1
3.520994458,0,1
3.520995500,1,1
3.520996583,0,1
3.520997583,1,1
3.520998667,0,1
3.520999708,1,1
3.521000792,0,1
3.521001833,1,1
3.521002917,0,1
3.521003917,1,1
3.521005000,0,1
3.521006042,1,1
3.521007125,0,1
3.521008125,1,1
3.521009250,0,1
3.521010250,1,1
3.521011333,0,1
3.521012375,1,1
3.521013458,0,1
3.521014458,1,1
3.521015583,0,1
3.521016583,1,1
3.521017667,0,1
3.521018708,1,1
3.521019792,0,1
3.521020792,1,1
3.521021917,0,1
3.521022917,1,1
3.521024000,0,1
3.521025042,1,1
3.521026125,0,1
3.521027125,1,1
3.521028250,0,1
3.521029250,1,1
3.521030333,0,1
3.521031375,1,1
3.521032458,0,1
3.521033458,1,1
3.521034583,0,1
3.521035583,1,1
3.521036667,0,1
3.521037708,1,1
3.521038792,0,1
3.521039792,1,1
3.521040875,0,1
3.521041917,1,1
3.521043000,0,1
3.521044208,1,1
3.521045208,0,1
3.521046333,1,1
3.521047333,0,1
3.521049458,1,1
3.521050458,1,0
3.521051458,0,0
3.521053417,1,0
3.521054417,1,1
3.521057542,1,0
3.521058500,0,0
3.521060583,1,0
3.521061625,0,0
3.521063708,1,0
3.521064708,0,0
3.521065792,0,1
3.521066833,1,1
3.521067833,0,1
3.521068875,0,0
3.521069917,1,0
3.521070917,0,0
3.521073000,1,0
3.521074042,0,0
3.521076125,1,0
3.521077125,0,0
3.521078208,0,1
3.521079250,1,1
3.521080250,0,1
3.521081333,0,0
3.521082333,1,0
3.521083333,0,0
3.521085417,1,0
3.521086417,0,0
3.521088542,1,0
3.521089542,0,0
3.521091625,1,0
3.521092667,0,0
3.521094750,1,0
3.521095750,0,0
3.521097833,1,0
3.521098875,0,0
3.521100958,1,0
3.521101958,0,0
3.521104083,1,0
3.521105083,0,0
3.521107167,1,0
3.521108167,0,0
3.521110250,1,0
3.521111250,0,0
3.521113375,1,0
3.521114375,0,0
3.521116458,1,0
3.521117500,0,0
3.521119583,1,0
3.521120583,0,0
3.521122667,1,0
3.521123708,0,0
3.521125792,1,0
3.521126792,0,0
3.521128875,1,0
3.521129875,0,0
3.521132000,1,0
3.521133000,0,0
3.521135083,1,0
3.521136083,0,0
3.521138208,1,0
3.521139208,0,0
3.521141292,1,0
3.521142333,0,0
3.521144417,1,0
3.521145417,0,0
3.521147500,1,0
3.521148500,0,0
3.521150625,1,0
3.521151625,0,0
3.521153708,1,0
3.521154708,0,0
3.521156833,1,0
3.521157833,0,0
3.521159917,1,0
3.521160917,0,0
3.521163042,1,0
3.521164042,0,0
3.521166125,1,0
3.521167125,0,0
3.521169250,1,0
3.521170250,0,0
3.521172333,1,0
3.521173333,0,0
3.521175458,1,0
3.521176458,0,0
3.521178542,1,0
3.521179542,0,0
3.521181708,1,0
3.521182667,0,0
3.521183708,0,1
3.521184792,1,1
3.521185792,0,1
3.521187000,1,1
3.521188042,0,1
3.521190167,1,1
3.521191250,0,1
3.521192292,1,1
3.521193333,0,1
3.521194375,1,1
3.521195458,0,1
3.521196500,1,1
3.521197583,0,1
3.521198625,1,1
3.521199667,0,1
3.521199708,0,0
3.521200750,1,0
3.521201792,0,0
3.521202125,0,1
3.521202833,1,1
3.521203917,0,1
3.521205083,1,1
3.521206125,0,1
3.521207167,1,1
3.521208250,0,1
3.521209250,1,1
3.521210250,0,1
3.521211250,1,1
3.521212375,0,1
3.521213375,1,1
3.521214458,0,1
3.521215500,1,1
3.521216583,0,1
3.521217583,1,1
3.521218667,0,1
3.521219708,1,1
3.521220792,0,1
3.521221833,1,1
3.521222917,0,1
3.521223917,1,1
3.521225042,0,1
3.521226042,1,1
3.521227125,0,1
3.521228167,1,1
3.521229250,0,1
3.521230250,1,1
3.521231375,0,1
3.521232375,1,1
3.521233458,0,1
3.521234500,1,1
3.521235583,0,1
3.521236583,1,1
3.521237667,0,1
3.521238708,1,1
3.521239792,0,1
3.521240792,1,1
3.521241917,0,1
3.521242917,1,1
3.521244000,0,1
3.521245042,1,1
3.521246125,0,1
3.521247125,1,1
3.521248250,0,1
3.521249250,1,1
3.521250333,0,1
3.521251375,1,1
3.521252458,0,1
3.521253458,1,1
3.521254583,0,1
3.521255583,1,1
3.521256667,0,1
3.521257708,1,1
3.521258792,0,1
3.521259792,1,1
3.521260875,0,1
3.521261917,1,1
3.521263000,0,1
3.521264042,1,1
3.521265125,0,1
3.521266125,1,1
3.521267208,0,1
3.521268250,1,1
3.521269333,0,1
3.521270375,1,1
3.521271458,0,1
3.521272667,1,1
3.521273667,0,1
3.521274750,1,1
3.521275792,0,1
3.521277875,1,1
3.521278917,1,0
3.521279875,0,0
3.521281875,1,0
3.521282833,1,1
3.521285958,1,0
3.521286958,0,0
3.521289042,1,0
3.521290042,0,0
3.521292167,1,0
3.521293167,0,0
3.521294208,0,1
3.521295250,1,1
3.521296292,0,1
3.521297333,0,0
3.521298375,1,0
3.521299375,0,0
3.521301458,1,0
3.521302458,0,0
3.521304583,1,0
3.521305583,0,0
3.521306625,0,1
3.521307667,1,1
3.521308667,0,1
3.521309750,0,0
3.521310750,1,0
3.521311750,0,0
3.521313875,1,0
3.521314875,0,0
3.521316958,1,0
3.521317958,0,0
3.521320083,1,0
3.521321083,0,0
3.521323167,1,0
3.521324167,0,0
3.521326292,1,0
3.521327292,0,0
3.521329375,1,0
3.521330375,0,0
3.521332500,1,0
3.521333500,0,0
3.521335583,1,0
3.521336583,0,0
3.521338708,1,0
3.521339708,0,0
3.521341792,1,0
3.521342792,0,0
3.521344917,1,0
3.521345917,0,0
3.521348000,1,0
3.521349000,0,0
3.521351125,1,0
3.521352125,0,0
3.521354208,1,0
3.521355208,0,0
3.521357333,1,0
3.521358333,0,0
3.521360417,1,0
3.521361417,0,0
3.521363542,1,0
3.521364542,0,0
3.521366625,1,0
3.521367625,0,0
3.521369750,1,0
3.521370750,0,0
3.521372833,1,0
3.521373833,0,0
3.521375958,1,0
3.521376958,0,0
3.521379042,1,0
3.521380042,0,0
3.521382167,1,0
3.521383167,0,0
3.521385250,1,0
3.521386250,0,0
3.521388375,1,0
3.521389375,0,0
3.521391458,1,0
3.521392458,0,0
3.521394583,1,0
3.521395583,0,0
3.521397667,1,0
3.521398667,0,0
3.521400792,1,0
3.521401792,0,0
3.521403875,1,0
3.521404875,0,0
3.521407000,1,0
3.521408000,0,0
3.521410125,1,0
3.521411083,0,0
3.521412125,0,1
3.521413208,1,1
3.521414208,0,1
3.521415417,1,1
3.521416458,0,1
3.521418583,1,1
3.521419667,0,1
3.521420708,1,1
3.521421792,0,1
3.521422792,1,1
3.521423875,0,1
3.521424917,1,1
3.521426000,0,1
3.521427042,1,1
3.521428125,0,0
3.521429167,1,0
3.521430208,0,0
3.521430625,0,1
3.521431250,1,1
3.521432333,0,1
3.521433500,1,1
3.521434542,0,1
3.521435583,1,1
3.521436667,0,1
3.521437667,1,1
3.521438667,0,1
3.521439667,1,1
3.521440792,0,1
3.521441792,1,1
3.521442875,0,1
3.521443917,1,1
3.521445000,0,1
3.521446000,1,1
3.521447083,0,1
3.521448125,1,1
3.521449208,0,1
3.521450208,1,1
3.521451333,0,1
3.521452333,1,1
3.521453417,0,1
3.521454458,1,1
3.521455542,0,1
3.521456542,1,1
3.521457667,0,1
3.521458667,1,1
3.521459750,0,1
3.521460792,1,1
3.521461875,0,1
3.521462875,1,1
3.521464000,0,1
3.521465000,1,1
3.521466083,0,1
3.521467125,1,1
3.521468208,0,1
3.521469208,1,1
3.521470292,0,1
3.521471333,1,1
3.521472417,0,1
3.521473417,1,1
3.521474542,0,1
3.521475542,1,1
3.521476625,0,1
3.521477667,1,1
3.521478750,0,1
3.521479750,1,1
3.521480875,0,1
3.521481875,1,1
3.521482958,0,1
3.521484000,1,1
3.521485083,0,1
3.521486083,1,1
3.521487208,0,1
3.521488208,1,1
3.521489292,0,1
3.521490333,1,1
3.521491417,0,1
3.521492417,1,1
3.521493500,0,1
3.521494542,1,1
3.521495625,0,1
3.521496625,1,1
3.521497750,0,1
3.521498750,1,1
3.521499833,0,1
3.521501042,1,1
3.521502083,0,1
3.521503167,1,1
3.521504167,0,1
3.521506292,1,1
3.521507292,1,0
3.521508292,0,0
3.521510250,1,0
3.521511250,1,1
3.521514375,1,0
3.521515333,0,0
3.521517458,1,0
3.521518458,0,0
3.521520542,1,0
3.521521542,0,0
3.521522625,0,1
3.521523667,1,1
3.521524667,0,1
3.521525708,0,0
3.521526750,1,0
3.521527750,0,0
3.521529833,1,0
3.521530875,0,0
3.521532958,1,0
3.521533958,0,0
3.521535000,0,1
3.521536083,1,1
3.521537083,0,1
3.521538167,0,0
3.521539167,1,0
3.521540167,0,0
3.521542250,1,0
3.521543250,0,0
3.521545375,1,0
3.521546375,0,0
3.521548458,1,0
3.521549458,0,0
3.521551583,1,0
3.521552583,0,0
3.521554667,1,0
3.521555667,0,0
3.521557792,1,0
3.521558792,0,0
3.521560875,1,0
3.521561875,0,0
3.521564000,1,0
3.521565000,0,0
3.521567083,1,0
3.521568083,0,0
3.521570208,1,0
3.521571208,0,0
3.521573292,1,0
3.521574292,0,0
3.521576417,1,0
3.521577417,0,0
3.521579500,1,0
3.521580500,0,0
3.521582583,1,0
3.521583625,0,0
3.521585708,1,0
3.521586708,0,0
3.521588792,1,0
3.521589792,0,0
3.521591917,1,0
3.521592917,0,0
3.521595000,1,0
3.521596000,0,0
3.521598125,1,0
3.521599125,0,0
3.521601208,1,0
3.521602208,0,0
3.521604333,1,0
3.521605333,0,0
3.521607417,1,0
3.521608417,0,0
3.521610542,1,0
3.521611542,0,0
3.521613625,1,0
3.521614625,0,0
3.521616750,1,0
3.521617750,0,0
3.521619833,1,0
3.521620833,0,0
3.521622958,1,0
3.521623958,0,0
3.521626042,1,0
3.521627042,0,0
3.521629167,1,0
3.521630167,0,0
3.521632250,1,0
3.521633250,0,0
3.521635375,1,0
3.521636375,0,0
3.521638500,1,0
3.521639458,0,0
3.521640500,0,1
3.521641583,1,1
3.521642583,0,1
3.521643792,1,1
3.521644833,0,1
3.521646958,1,1
3.521648042,0,1
3.521649083,1,1
3.521650125,0,1
3.521651167,1,1
3.521652250,0,1
3.521653292,1,1
3.521654375,0,1
3.521655417,1,1
3.521656458,0,1
3.521656500,0,0
3.521657542,1,0
3.521658583,0,0
3.521658917,0,1
3.521659625,1,1
3.521660708,0,1
3.521661875,1,1
3.521662917,0,1
3.521663958,1,1
3.521665042,0,1
3.521666042,1,1
3.521667042,0,1
3.521668042,1,1
3.521669125,0,1
3.521670167,1,1
3.521671250,0,1
3.521672250,1,1
3.521673375,0,1
3.521674375,1,1
3.521675458,0,1
3.521676500,1,1
3.521677583,0,1
3.521678583,1,1
3.521679708,0,1
3.521680708,1,1
3.521681792,0,1
3.521682833,1,1
3.521683917,0,1
3.521684917,1,1
3.521686000,0,1
3.521687042,1,1
3.521688125,0,1
3.521689167,1,1
3.521690250,0,1
3.521691250,1,1
3.521692333,0,1
3.521693375,1,1
3.521694458,0,1
3.521695500,1,1
3.521696583,0,1
3.521697583,1,1
3.521698667,0,1
3.521699708,1,1
3.521700792,0,1
3.521701792,1,1
3.521702917,0,1
3.521703917,1,1
3.521705000,0,1
3.521706042,1,1
3.521707125,0,1
3.521708125,1,1
3.521709208,0,1
3.521710250,1,1
3.521711333,0,1
3.521712333,1,1
3.521713458,0,1
3.521714458,1,1
3.521715542,0,1
3.521716583,1,1
3.521717667,0,1
3.521718667,1,1
3.521719792,0,1
3.521720792,1,1
3.521721875,0,1
3.521722917,1,1
3.521724000,0,1
3.521725000,1,1
3.521726125,0,1
3.521727125,1,1
3.521728208,0,1
3.521729417,1,1
3.521730458,0,1
3.521731542,1,1
3.521732542,0,1
3.521734667,1,1
3.521735667,1,0
3.521736667,0,0
3.521738625,1,0
3.521739625,1,1
3.521742750,1,0
3.521743708,0,0
3.521745833,1,0
3.521746833,0,0
3.521748917,1,0
3.521749917,0,0
3.521751000,0,1
3.521752042,1,1
3.521753042,0,1
3.521754083,0,0
3.521755125,1,0
3.521756125,0,0
3.521758208,1,0
3.521759250,0,0
3.521761333,1,0
3.521762333,0,0
3.521763417,0,1
3.521764458,1,1
3.521765458,0,1
3.521766542,0,0
3.521767542,1,0
3.521768542,0,0
3.521770625,1,0
3.521771625,0,0
3.521773750,1,0
3.521774750,0,0
3.521776833,1,0
3.521777833,0,0
3.521779958,1,0
3.521780958,0,0
3.521783042,1,0
3.521784042,0,0
3.521786167,1,0
3.521787167,0,0
3.521789250,1,0
3.521790250,0,0
3.521792333,1,0
3.521793375,0,0
3.521795458,1,0
3.521796458,0,0
3.521798542,1,0
3.521799583,0,0
3.521801667,1,0
3.521802667,0,0
3.521804750,1,0
3.521805792,0,0
3.521807875,1,0
3.521808875,0,0
3.521810958,1,0
3.521811958,0,0
3.521814083,1,0
3.521815083,0,0
3.521817167,1,0
3.521818167,0,0
3.521820292,1,0
3.521821292,0,0
3.521823375,1,0
3.521824375,0,0
3.521826500,1,0
3.521827500,0,0
3.521829583,1,0
3.521830583,0,0
3.521832708,1,0
3.521833708,0,0
3.521835792,1,0
3.521836792,0,0
3.521838875,1,0
3.521839917,0,0
3.521842000,1,0
3.521843000,0,0
3.521845083,1,0
3.521846125,0,0
3.521848208,1,0
3.521849208,0,0
3.521851292,1,0
3.521852292,0,0
3.521854417,1,0
3.521855417,0,0
3.521857500,1,0
3.521858500,0,0
3.521860625,1,0
3.521861625,0,0
3.521863708,1,0
3.521864708,0,0
3.521866833,1,0
3.521867833,0,0
3.521868875,0,1
3.521869958,1,1
3.521870958,0,1
3.521872167,1,1
3.521873167,0,1
3.521875333,1,1
3.521876417,0,1
3.521877458,1,1
3.521878500,0,1
3.521879542,1,1
3.521880583,0,1
3.521881625,1,1
3.521882750,0,1
3.521883792,1,1
3.521884833,0,0
3.521885875,1,0
3.521886958,0,0
3.521887250,0,1
3.521888000,1,1
3.521889083,0,1
3.521890250,1,1
3.521891292,0,1
3.521892333,1,1
3.521893417,0,1
3.521894417,1,1
3.521895417,0,1
3.521896417,1,1
3.521897500,0,1
3.521898542,1,1
3.521899625,0,1
3.521900625,1,1
3.521901708,0,1
3.521902750,1,1
3.521903833,0,1
3.521904833,1,1
3.521905958,0,1
3.521906958,1,1
3.521908042,0,1
3.521909083,1,1
3.521910167,0,1
3.521911167,1,1
3.521912292,0,1
3.521913292,1,1
3.521914375,0,1
3.521915417,1,1
3.521916500,0,1
3.521917500,1,1
3.521918625,0,1
3.521919625,1,1
3.521920708,0,1
3.521921750,1,1
3.521922833,0,1
3.521923833,1,1
3.521924917,0,1
3.521925958,1,1
3.521927042,0,1
3.521928083,1,1
3.521929167,0,1
3.521930167,1,1
3.521931250,0,1
3.521932292,1,1
3.521933375,0,1
3.521934417,1,1
3.521935500,0,1
3.521936500,1,1
3.521937583,0,1
3.521938625,1,1
3.521939708,0,1
3.521940708,1,1
3.521941833,0,1
3.521942833,1,1
3.521943917,0,1
3.521944958,1,1
3.521946042,0,1
3.521947042,1,1
3.521948167,0,1
3.521949167,1,1
3.521950250,0,1
3.521951292,1,1
3.521952375,0,1
3.521953375,1,1
3.521954500,0,1
3.521955500,1,1
3.521956583,0,1
3.521957792,1,1
3.521958833,0,1
3.521959917,1,1
3.521960917,0,1
3.521963042,1,1
3.521964042,1,0
3.521965042,0,0
3.521967000,1,0
3.521968000,1,1
3.521971125,1,0
3.521972083,0,0
3.521974208,1,0
3.521975208,0,0
3.521977292,1,0
3.521978292,0,0
3.521979375,0,1
3.521980417,1,1
3.521981417,0,1
3.521982458,0,0
3.521983500,1,0
3.521984500,0,0
3.521986583,1,0
3.521987625,0,0
3.521989708,1,0
3.521990708,0,0
3.521991750,0,1
3.521992833,1,1
3.521993833,0,1
3.521994917,0,0
3.521995917,1,0
3.521996917,0,0
3.521999000,1,0
3.522000000,0,0
3.522002125,1,0
3.522003125,0,0
3.522005208,1,0
3.522006208,0,0
3.522008333,1,0
3.522009333,0,0
3.522011417,1,0
3.522012417,0,0
3.522014542,1,0
3.522015542,0,0
3.522017625,1,0
3.522018625,0,0
3.522020750,1,0
3.522021750,0,0
3.522023833,1,0
3.522024833,0,0
3.522026917,1,0
3.522027917,0,0
3.522030042,1,0
3.522031042,0,0
3.522033125,1,0
3.522034125,0,0
3.522036250,1,0
3.522037250,0,0
3.522039333,1,0
3.522040333,0,0
3.522042458,1,0
3.522043458,0,0
3.522045542,1,0
3.522046542,0,0
3.522048667,1,0
3.522049667,0,0
3.522051750,1,0
3.522052750,0,0
3.522054875,1,0
3.522055875,0,0
3.522057958,1,0
3.522058958,0,0
3.522061083,1,0
3.522062083,0,0
3.522064167,1,0
3.522065167,0,0
3.522067250,1,0
3.522068250,0,0
3.522070375,1,0
3.522071375,0,0
3.522073458,1,0
3.522074458,0,0
3.522076583,1,0
3.522077583,0,0
3.522079667,1,0
3.522080667,0,0
3.522082792,1,0
3.522083792,0,0
3.522085875,1,0
3.522086875,0,0
3.522089000,1,0
3.522090000,0,0
3.522092083,1,0
3.522093083,0,0
3.522095208,1,0
3.522096208,0,0
3.522097208,0,1
3.522098333,1,1
3.522099333,0,1
3.522100542,1,1
3.522101542,0,1
3.522103708,1,1
3.522104750,0,1
3.522105792,1,1
3.522106875,0,1
3.522107917,1,1
3.522108958,0,1
3.522110000,1,1
3.522111083,0,1
3.522112125,1,1
3.522113208,0,0
3.522114250,1,0
3.522115333,0,0
3.522115708,0,1
3.522116375,1,1
3.522117417,0,1
3.522118583,1,1
3.522119667,0,1
3.522120708,1,1
3.522121750,0,1
3.522122792,1,1
3.522123750,0,1
3.522124792,1,1
3.522125875,0,1
3.522126875,1,1
3.522128000,0,1
3.522129000,1,1
3.522130083,0,1
3.522131125,1,1
3.522132208,0,1
3.522133208,1,1
3.522134292,0,1
3.522135333,1,1
3.522136417,0,1
3.522137417,1,1
3.522138542,0,1
3.522139542,1,1
3.522140625,0,1
3.522141667,1,1
3.522142750,0,1
3.522143750,1,1
3.522144875,0,1
3.522145875,1,1
3.522146958,0,1
3.522148000,1,1
3.522149083,0,1
3.522150083,1,1
3.522151208,0,1
3.522152208,1,1
3.522153292,0,1
3.522154333,1,1
3.522155417,0,1
3.522156417,1,1
3.522157500,0,1
3.522158542,1,1
3.522159625,0,1
3.522160625,1,1
3.522161750,0,1
3.522162750,1,1
3.522163833,0,1
3.522164875,1,1
3.522165958,0,1
3.522166958,1,1
3.522168083,0,1
3.522169083,1,1
3.522170167,0,1
3.522171208,1,1
3.522172292,0,1
3.522173292,1,1
3.522174375,0,1
3.522175417,1,1
3.522176500,0,1
3.522177500,1,1
3.522178625,0,1
3.522179625,1,1
3.522180708,0,1
3.522181750,1,1
3.522182833,0,1
3.522183833,1,1
3.522184958,0,1
3.522186167,1,1
3.522187167,0,1
3.522188250,1,1
3.522189292,0,1
3.522191375,1,1
3.522192417,1,0
3.522193375,0,0
3.522195375,1,0
3.522196333,1,1
3.522199458,1,0
3.522200458,0,0
3.522202542,1,0
3.522203542,0,0
3.522205625,1,0
3.522206667,0,0
3.522207708,0,1
3.522208750,1,1
3.522209750,0,1
3.522210833,0,0
3.522211875,1,0
3.522212833,0,0
3.522214958,1,0
3.522215958,0,0
3.522218042,1,0
3.522219083,0,0
3.522220125,0,1
3.522221167,1,1
3.522222167,0,1
3.522223250,0,0
3.522224250,1,0
3.522225250,0,0
3.522227375,1,0
3.522228375,0,0
3.522230458,1,0
3.522231458,0,0
3.522233583,1,0
3.522234583,0,0
3.522236667,1,0
3.522237667,0,0
3.522239792,1,0
3.522240792,0,0
3.522242875,1,0
3.522243875,0,0
3.522246000,1,0
3.522247000,0,0
3.522249083,1,0
3.522250083,0,0
3.522252208,1,0
3.522253208,0,0
3.522255292,1,0
3.522256292,0,0
3.522258417,1,0
3.522259417,0,0
3.522261500,1,0
3.522262500,0,0
3.522264583,1,0
3.522265583,0,0
3.522267708,1,0
3.522268708,0,0
3.522270792,1,0
3.522271833,0,0
3.522273917,1,0
3.522274917,0,0
3.522277000,1,0
3.522278042,0,0
3.522280125,1,0
3.522281125,0,0
3.522283208,1,0
3.522284208,0,0
3.522286333,1,0
3.522287333,0,0
3.522289417,1,0
3.522290417,0,0
3.522292542,1,0
3.522293542,0,0
3.522295625,1,0
3.522296625,0,0
3.522298750,1,0
3.522299750,0,0
3.522301833,1,0
3.522302833,0,0
3.522304958,1,0
3.522305958,0,0
3.522308042,1,0
3.522309042,0,0
3.522311167,1,0
3.522312167,0,0
3.522314250,1,0
3.522315250,0,0
3.522317375,1,0
3.522318375,0,0
3.522320458,1,0
3.522321458,0,0
3.522323583,1,0
3.522324583,0,0
3.522325583,0,1
3.522326708,1,1
3.522327708,0,1
3.522328917,1,1
3.522329917,0,1
3.522332083,1,1
3.522333125,0,1
3.522334167,1,1
3.522335250,0,1
3.522336292,1,1
3.522337333,0,1
3.522338375,1,1
3.522339500,0,1
3.522340542,1,1
3.522341583,0,0
3.522342625,1,0
3.522343708,0,0
3.522344083,0,1
3.522344750,1,1
3.522345792,0,1
3.522346958,1,1
3.522348042,0,1
3.522349083,1,1
3.522350125,0,1
3.522351167,1,1
3.522352125,0,1
3.522353167,1,1
3.522354250,0,1
3.522355292,1,1
3.522356375,0,1
3.522357375,1,1
3.522358500,0,1
3.522359500,1,1
3.522360583,0,1
3.522361625,1,1
3.522362708,0,1
3.522363708,1,1
3.522364792,0,1
3.522365833,1,1
3.522366917,0,1
3.522367958,1,1
3.522369042,0,1
3.522370042,1,1
3.522371125,0,1
3.522372167,1,1
3.522373250,0,1
3.522374250,1,1
3.522375375,0,1
3.522376375,1,1
3.522377458,0,1
3.522378500,1,1
3.522379583,0,1
3.522380583,1,1
3.522381708,0,1
3.522382708,1,1
3.522383792,0,1
3.522384833,1,1
3.522385917,0,1
3.522386917,1,1
3.522388000,0,1
3.522389042,1,1
3.522390125,0,1
3.522391167,1,1
3.522392250,0,1
3.522393250,1,1
3.522394333,0,1
3.522395375,1,1
3.522396458,0,1
3.522397500,1,1
3.522398583,0,1
3.522399583,1,1
3.522400667,0,1
3.522401708,1,1
3.522402792,0,1
3.522403792,1,1
3.522404917,0,1
3.522405917,1,1
3.522407000,0,1
3.522408042,1,1
3.522409125,0,1
3.522410125,1,1
3.522411208,0,1
3.522412250,1,1
3.522413333,0,1
3.522414542,1,1
3.522415542,0,1
3.522416667,1,1
3.522417667,0,1
3.522419792,1,1
3.522420792,1,0
3.522421792,0,0
3.522423750,1,0
3.522424750,1,1
3.522427875,1,0
3.522428833,0,0
3.522430917,1,0
3.522431958,0,0
3.522434042,1,0
3.522435042,0,0
3.522436125,0,1
3.522437167,1,1
3.522438167,0,1
3.522439208,0,0
3.522440250,1,0
3.522441250,0,0
3.522443333,1,0
3.522444375,0,0
3.522446458,1,0
3.522447458,0,0
3.522448500,0,1
3.522449583,1,1
3.522450583,0,1
3.522451667,0,0
3.522452667,1,0
3.522453667,0,0
3.522455750,1,0
3.522456750,0,0
3.522458875,1,0
3.522459875,0,0
3.522461958,1,0
3.522462958,0,0
3.522465083,1,0
3.522466083,0,0
3.522468167,1,0
3.522469167,0,0
3.522471292,1,0
3.522472292,0,0
3.522474375,1,0
3.522475375,0,0
3.522477458,1,0
3.522478500,0,0
3.522480583,1,0
3.522481583,0,0
3.522483667,1,0
3.522484708,0,0
3.522486792,1,0
3.522487792,0,0
3.522489875,1,0
3.522490875,0,0
3.522493000,1,0
3.522494000,0,0
3.522496083,1,0
3.522497083,0,0
3.522499208,1,0
3.522500208,0,0
3.522502292,1,0
3.522503292,0,0
3.522505417,1,0
3.522506417,0,0
3.522508500,1,0
3.522509500,0,0
3.522511625,1,0
3.522512625,0,0
3.522514708,1,0
3.522515708,0,0
3.522517833,1,0
3.522518833,0,0
3.522520917,1,0
3.522521917,0,0
3.522524042,1,0
3.522525042,0,0
3.522527125,1,0
3.522528125,0,0
3.522530250,1,0
3.522531250,0,0
3.522533333,1,0
3.522534333,0,0
3.522536417,1,0
3.522537417,0,0
3.522539542,1,0
3.522540542,0,0
3.522542625,1,0
3.522543625,0,0
3.522545750,1,0
3.522546750,0,0
3.522548833,1,0
3.522549833,0,0
3.522551958,1,0
3.522552958,0,0
3.522554000,0,1
3.522555083,1,1
3.522556083,0,1
3.522557292,1,1
3.522558333,0,1
3.522560458,1,1
3.522561542,0,1
3.522562583,1,1
3.522563625,0,1
3.522564667,1,1
3.522565750,0,1
3.522566792,1,1
3.522567875,0,1
3.522568917,1,1
3.522569958,0,1
3.522570000,0,0
3.522571042,1,0
3.522572083,0,0
3.522572375,0,1
3.522573125,1,1
3.522574208,0,1
3.522575375,1,1
3.522576417,0,1
3.522577458,1,1
3.522578542,0,1
3.522579542,1,1
3.522580542,0,1
3.522581542,1,1
3.522582625,0,1
3.522583667,1,1
3.522584750,0,1
3.522585750,1,1
3.522586875,0,1
3.522587875,1,1
3.522588958,0,1
3.522590000,1,1
3.522591083,0,1
3.522592083,1,1
3.522593208,0,1
3.522594208,1,1
3.522595292,0,1
3.522596333,1,1
3.522597417,0,1
3.522598417,1,1
3.522599500,0,1
3.522600542,1,1
3.522601625,0,1
3.522602667,1,1
3.522603750,0,1
3.522604750,1,1
3.522605833,0,1
3.522606875,1,1
3.522607958,0,1
3.522608958,1,1
3.522610083,0,1
3.522611083,1,1
3.522612167,0,1
3.522613208,1,1
3.522614292,0,1
3.522615292,1,1
3.522616417,0,1
3.522617417,1,1
3.522618500,0,1
3.522619542,1,1
3.522620625,0,1
3.522621625,1,1
3.522622708,0,1
3.522623750,1,1
3.522624833,0,1
3.522625833,1,1
3.522626958,0,1
3.522627958,1,1
3.522629042,0,1
3.522630083,1,1
3.522631167,0,1
3.522632167,1,1
3.522633292,0,1
3.522634292,1,1
3.522635375,0,1
3.522636417,1,1
3.522637500,0,1
3.522638500,1,1
3.522639583,0,1
3.522640625,1,1
3.522641708,0,1
3.522642917,1,1
3.522643917,0,1
3.522645042,1,1
3.522646042,0,1
3.522648167,1,1
3.522649167,1,0
3.522650167,0,0
3.522652125,1,0
3.522653125,1,1
3.522656208,1,0
3.522657208,0,0
3.522659292,1,0
3.522660333,0,0
3.522662417,1,0
3.522663417,0,0
3.522664458,0,1
3.522665542,1,1
3.522666542,0,1
3.522667583,0,0
3.522668625,1,0
3.522669625,0,0
3.522671708,1,0
3.522672708,0,0
3.522674833,1,0
3.522675833,0,0
3.522676875,0,1
3.522677917,1,1
3.522678958,0,1
3.522680042,0,0
3.522681042,1,0
3.522682042,0,0
3.522684125,1,0
3.522685125,0,0
3.522687250,1,0
3.522688250,0,0
3.522690333,1,0
3.522691333,0,0
3.522693417,1,0
3.522694458,0,0
3.522696542,1,0
3.522697542,0,0
3.522699625,1,0
3.522700667,0,0
3.522702750,1,0
3.522703750,0,0
3.522705833,1,0
3.522706833,0,0
3.522708958,1,0
3.522709958,0,0
3.522712042,1,0
3.522713042,0,0
3.522715167,1,0
3.522716167,0,0
3.522718250,1,0
3.522719250,0,0
3.522721375,1,0
3.522722375,0,0
3.522724458,1,0
3.522725458,0,0
3.522727583,1,0
3.522728583,0,0
3.522730667,1,0
3.522731667,0,0
3.522733750,1,0
3.522734750,0,0
3.522736875,1,0
3.522737875,0,0
3.522739958,1,0
3.522741000,0,0
3.522743083,1,0
3.522744083,0,0
3.522746167,1,0
3.522747167,0,0
3.522749292,1,0
3.522750292,0,0
3.522752375,1,0
3.522753375,0,0
3.522755500,1,0
3.522756500,0,0
3.522758583,1,0
3.522759583,0,0
3.522761708,1,0
3.522762708,0,0
3.522764792,1,0
3.522765792,0,0
3.522767917,1,0
3.522768917,0,0
3.522771000,1,0
3.522772000,0,0
3.522774125,1,0
3.522775125,0,0
3.522777208,1,0
3.522778208,0,0
3.522780333,1,0
3.522781333,0,0
3.522782333,0,1
3.522783458,1,1
3.522784458,0,1
3.522785667,1,1
3.522786667,0,1
3.522788833,1,1
3.522789917,0,1
3.522790917,1,1
3.522792000,0,1
3.522793042,1,1
3.522794083,0,1
3.522795125,1,1
3.522796250,0,1
3.522797250,1,1
3.522798333,0,0
3.522799375,1,0
3.522800458,0,0
3.522800833,0,1
3.522801500,1,1
3.522802542,0,1
3.522803708,1,1
3.522804792,0,1
3.522805833,1,1
3.522806875,0,1
3.522807917,1,1
3.522808875,0,1
3.522809917,1,1
3.522811000,0,1
3.522812042,1,1
3.522813125,0,1
3.522814125,1,1
3.522815208,0,1
3.522816250,1,1
3.522817333,0,1
3.522818333,1,1
3.522819458,0,1
3.522820458,1,1
3.522821542,0,1
3.522822583,1,1
3.522823667,0,1
3.522824667,1,1
3.522825792,0,1
3.522826792,1,1
3.522827875,0,1
3.522828917,1,1
3.522830000,0,1
3.522831000,1,1
3.522832125,0,1
3.522833125,1,1
3.522834208,0,1
3.522835250,1,1
3.522836333,0,1
3.522837333,1,1
3.522838417,0,1
3.522839458,1,1
3.522840542,0,1
3.522841583,1,1
3.522842667,0,1
3.522843667,1,1
3.522844750,0,1
3.522845792,1,1
3.522846875,0,1
3.522847917,1,1
3.522849000,0,1
3.522850000,1,1
3.522851083,0,1
3.522852125,1,1
3.522853208,0,1
3.522854250,1,1
3.522855333,0,1
3.522856333,1,1
3.522857417,0,1
3.522858458,1,1
3.522859542,0,1
3.522860583,1,1
3.522861667,0,1
3.522862667,1,1
3.522863750,0,1
3.522864792,1,1
3.522865875,0,1
3.522866875,1,1
3.522868000,0,1
3.522869000,1,1
3.522870083,0,1
3.522871292,1,1
3.522872333,0,1
3.522873417,1,1
3.522874417,0,1
3.522876542,1,1
3.522877542,1,0
3.522878542,0,0
3.522880500,1,0
3.522881500,1,1
3.522884625,1,0
3.522885583,0,0
3.522887708,1,0
3.522888708,0,0
3.522890792,1,0
3.522891792,0,0
3.522892875,0,1
3.522893917,1,1
3.522894917,0,1
3.522895958,0,0
3.522897042,1,0
3.522898000,0,0
3.522900083,1,0
3.522901125,0,0
3.522903208,1,0
3.522904208,0,0
3.522905250,0,1
3.522906333,1,1
3.522907333,0,1
3.522908417,0,0
3.522909417,1,0
3.522910417,0,0
3.522912500,1,0
3.522913500,0,0
3.522915625,1,0
3.522916625,0,0
3.522918708,1,0
3.522919708,0,0
3.522921833,1,0
3.522922833,0,0
3.522924917,1,0
3.522925917,0,0
3.522928000,1,0
3.522929000,0,0
3.522931125,1,0
3.522932125,0,0
3.522934208,1,0
3.522935208,0,0
3.522937333,1,0
3.522938333,0,0
3.522940417,1,0
3.522941417,0,0
3.522943500,1,0
3.522944500,0,0
3.522946625,1,0
3.522947625,0,0
3.522949708,1,0
3.522950708,0,0
3.522952833,1,0
3.522953833,0,0
3.522955917,1,0
3.522956917,0,0
3.522959042,1,0
3.522960042,0,0
3.522962125,1,0
3.522963125,0,0
3.522965250,1,0
3.522966250,0,0
3.522968333,1,0
3.522969333,0,0
3.522971458,1,0
3.522972458,0,0
3.522974542,1,0
3.522975542,0,0
3.522977667,1,0
3.522978667,0,0
3.522980750,1,0
3.522981750,0,0
3.522983833,1,0
3.522984833,0,0
3.522986958,1,0
3.522987958,0,0
3.522990042,1,0
3.522991042,0,0
3.522993167,1,0
3.522994167,0,0
3.522996250,1,0
3.522997250,0,0
3.522999375,1,0
3.523000375,0,0
3.523002458,1,0
3.523003458,0,0
3.523005583,1,0
3.523006583,0,0
3.523008708,1,0
3.523009667,0,0
3.523010708,0,1
3.523011792,1,1
3.523012792,0,1
3.523014042,1,1
3.523015042,0,1
3.523017208,1,1
3.523018250,0,1
3.523019292,1,1
3.523020375,0,1
3.523021417,1,1
3.523022458,0,1
3.523023500,1,1
3.523024583,0,1
3.523025625,1,1
3.523026708,0,0
3.523027750,1,0
3.523028792,0,0
3.523029250,0,1
3.523029833,1,1
3.523030917,0,1
3.523032083,1,1
3.523033167,0,1
3.523034208,1,1
3.523035250,0,1
3.523036292,1,1
3.523037250,0,1
3.523038292,1,1
3.523039375,0,1
3.523040375,1,1
3.523041458,0,1
3.523042500,1,1
3.523043583,0,1
3.523044583,1,1
3.523045708,0,1
3.523046708,1,1
3.523047792,0,1
3.523048833,1,1
3.523049917,0,1
3.523050917,1,1
3.523052042,0,1
3.523053042,1,1
3.523054125,0,1
3.523055167,1,1
3.523056250,0,1
3.523057250,1,1
3.523058333,0,1
3.523059375,1,1
3.523060458,0,1
3.523061500,1,1
3.523062583,0,1
3.523063583,1,1
3.523064667,0,1
3.523065708,1,1
3.523066792,0,1
3.523067833,1,1
3.523068917,0,1
3.523069917,1,1
3.523071000,0,1
3.523072042,1,1
3.523073125,0,1
3.523074125,1,1
3.523075250,0,1
3.523076250,1,1
3.523077333,0,1
3.523078375,1,1
3.523079458,0,1
3.523080458,1,1
3.523081542,0,1
3.523082583,1,1
3.523083667,0,1
3.523084708,1,1
3.523085792,0,1
3.523086792,1,1
3.523087875,0,1
3.523088917,1,1
3.523090000,0,1
3.523091000,1,1
3.523092125,0,1
3.523093125,1,1
3.523094208,0,1
3.523095250,1,1
3.523096333,0,1
3.523097333,1,1
3.523098458,0,1
3.523099667,1,1
3.523100667,0,1
3.523101750,1,1
3.523102792,0,1
3.523104875,1,1
3.523105917,1,0
3.523106875,0,0
3.523108875,1,0
3.523109833,1,1
3.523112958,1,0
3.523113958,0,0
3.523116042,1,0
3.523117042,0,0
3.523119125,1,0
3.523120167,0,0
3.523121208,0,1
3.523122250,1,1
3.523123250,0,1
3.523124292,0,0
3.523125375,1,0
3.523126333,0,0
3.523128458,1,0
3.523129458,0,0
3.523131542,1,0
3.523132583,0,0
3.523133625,0,1
3.523134667,1,1
3.523135667,0,1
3.523136750,0,0
3.523137750,1,0
3.523138750,0,0
3.523140833,1,0
3.523141875,0,0
3.523143958,1,0
3.523144958,0,0
3.523147042,1,0
3.523148042,0,0
3.523150167,1,0
3.523151167,0,0
3.523153250,1,0
3.523154250,0,0
3.523156375,1,0
3.523157375,0,0
3.523159458,1,0
3.523160458,0,0
3.523162583,1,0
3.523163583,0,0
3.523165667,1,0
3.523166667,0,0
3.523168792,1,0
3.523169792,0,0
3.523171875,1,0
3.523172875,0,0
3.523175000,1,0
3.523176000,0,0
3.523178083,1,0
3.523179083,0,0
3.523181167,1,0
3.523182167,0,0
3.523184292,1,0
3.523185292,0,0
3.523187375,1,0
3.523188375,0,0
3.523190500,1,0
3.523191500,0,0
3.523193583,1,0
3.523194583,0,0
3.523196708,1,0
3.523197708,0,0
3.523199792,1,0
3.523200792,0,0
3.523202917,1,0
3.523203917,0,0
3.523206000,1,0
3.523207000,0,0
3.523209125,1,0
3.523210125,0,0
3.523212208,1,0
3.523213208,0,0
3.523215292,1,0
3.523216292,0,0
3.523218417,1,0
3.523219417,0,0
3.523221500,1,0
3.523222500,0,0
3.523224625,1,0
3.523225625,0,0
3.523227708,1,0
3.523228708,0,0
3.523230833,1,0
3.523231833,0,0
3.523233917,1,0
3.523234917,0,0
3.523237042,1,0
3.523238042,0,0
3.523239042,0,1
3.523240167,1,1
3.523241125,0,1
3.523242375,1,1
3.523243375,0,1
3.523245542,1,1
3.523246583,0,1
3.523247625,1,1
3.523248708,0,1
3.523249750,1,1
3.523250792,0,1
3.523251833,1,1
3.523252917,0,1
3.523253958,1,1
3.523255042,0,0
3.523256083,1,0
3.523257167,0,0
3.523257458,0,1
3.523258167,1,1
3.523259250,0,1
3.523260417,1,1
3.523261500,0,1
3.523262500,1,1
3.523263583,0,1
3.523264583,1,1
3.523265583,0,1
3.523266583,1,1
3.523267708,0,1
3.523268708,1,1
3.523269792,0,1
3.523270833,1,1
3.523271917,0,1
3.523272917,1,1
3.523274042,0,1
3.523275042,1,1
3.523276125,0,1
3.523277167,1,1
3.523278250,0,1
3.523279250,1,1
3.523280333,0,1
3.523281375,1,1
3.523282458,0,1
3.523283458,1,1
3.523284583,0,1
3.523285583,1,1
3.523286667,0,1
3.523287708,1,1
3.523288792,0,1
3.523289792,1,1
3.523290875,0,1
3.523291917,1,1
3.523293000,0,1
3.523294000,1,1
3.523295125,0,1
3.523296125,1,1
3.523297208,0,1
3.523298250,1,1
3.523299333,0,1
3.523300333,1,1
3.523301458,0,1
3.523302458,1,1
3.523303542,0,1
3.523304583,1,1
3.523305667,0,1
3.523306667,1,1
3.523307750,0,1
3.523308792,1,1
3.523309875,0,1
3.523310875,1,1
3.523312000,0,1
3.523313000,1,1
3.523314083,0,1
3.523315125,1,1
3.523316208,0,1
3.523317208,1,1
3.523318292,0,1
3.523319333,1,1
3.523320417,0,1
3.523321458,1,1
3.523322542,0,1
3.523323542,1,1
3.523324625,0,1
3.523325667,1,1
3.523326750,0,1
3.523327958,1,1
3.523328958,0,1
3.523330042,1,1
3.523331083,0,1
3.523333208,1,1
3.523334208,1,0
3.523335208,0,0
3.523337167,1,0
3.523338167,1,1
3.523341250,1,0
3.523342250,0,0
3.523344333,1,0
3.523345333,0,0
3.523347458,1,0
3.523348458,0,0
3.523349500,0,1
3.523350542,1,1
3.523351583,0,1
3.523352625,0,0
3.523353667,1,0
3.523354667,0,0
3.523356750,1,0
3.523357750,0,0
3.523359875,1,0
3.523360875,0,0
3.523361917,0,1
3.523362958,1,1
3.523363958,0,1
3.523365042,0,0
3.523366042,1,0
3.523367042,0,0
3.523369167,1,0
3.523370167,0,0
3.523372250,1,0
3.523373250,0,0
3.523375375,1,0
3.523376375,0,0
3.523378458,1,0
3.523379458,0,0
3.523381583,1,0
3.523382583,0,0
3.523384667,1,0
3.523385667,0,0
3.523387792,1,0
3.523388792,0,0
3.523390875,1,0
3.523391875,0,0
3.523393958,1,0
3.523394958,0,0
3.523397083,1,0
3.523398083,0,0
3.523400167,1,0
3.523401167,0,0
3.523403292,1,0
3.523404292,0,0
3.523406375,1,0
3.523407375,0,0
3.523409500,1,0
3.523410500,0,0
3.523412583,1,0
3.523413583,0,0
3.523415708,1,0
3.523416708,0,0
3.523418792,1,0
3.523419792,0,0
3.523421875,1,0
3.523422875,0,0
3.523425000,1,0
3.523426000,0,0
3.523428083,1,0
3.523429083,0,0
3.523431208,1,0
3.523432208,0,0
3.523434292,1,0
3.523435292,0,0
3.523437417,1,0
3.523438417,0,0
3.523440500,1,0
3.523441500,0,0
3.523443625,1,0
3.523444625,0,0
3.523446708,1,0
3.523447708,0,0
3.523449792,1,0
3.523450833,0,0
3.523452917,1,0
3.523453917,0,0
3.523456000,1,0
3.523457000,0,0
3.523459125,1,0
3.523460125,0,0
3.523462208,1,0
3.523463208,0,0
3.523465333,1,0
3.523466333,0,0
3.523467375,0,1
3.523468458,1,1
3.523469458,0,1
3.523470667,1,1
3.523471667,0,1
3.523473833,1,1
3.523474917,0,1
3.523475917,1,1
3.523477000,0,1
3.523478042,1,1
3.523479083,0,1
3.523480125,1,1
3.523481250,0,1
3.523482292,1,1
3.523483333,0,0
3.523484375,1,0
3.523485458,0,0
3.523485792,0,1
3.523486500,1,1
3.523487542,0,1
3.523488708,1,1
3.523489792,0,1
3.523490833,1,1
3.523491875,0,1
3.523492917,1,1
3.523493875,0,1
3.523494917,1,1
3.523496000,0,1
3.523497000,1,1
3.523498125,0,1
3.523499125,1,1
3.523500208,0,1
3.523501250,1,1
3.523502333,0,1
3.523503333,1,1
3.523504458,0,1
3.523505458,1,1
3.523506542,0,1
3.523507583,1,1
3.523508667,0,1
3.523509667,1,1
3.523510750,0,1
3.523511792,1,1
3.523512875,0,1
3.523513917,1,1
3.523515000,0,1
3.523516000,1,1
3.523517083,0,1
3.523518125,1,1
3.523519208,0,1
3.523520208,1,1
3.523521333,0,1
3.523522333,1,1
3.523523417,0,1
3.523524458,1,1
3.523525542,0,1
3.523526542,1,1
3.523527625,0,1
3.523528667,1,1
3.523529750,0,1
3.523530750,1,1
3.523531875,0,1
3.523532875,1,1
3.523533958,0,1
3.523535000,1,1
3.523536083,0,1
3.523537083,1,1
3.523538208,0,1
3.523539208,1,1
3.523540292,0,1
3.523541333,1,1
3.523542417,0,1
3.523543417,1,1
3.523544500,0,1
3.523545542,1,1
3.523546625,0,1
3.523547625,1,1
3.523548750,0,1
3.523549750,1,1
3.523550833,0,1
3.523551875,1,1
3.523552958,0,1
3.523553958,1,1
3.523555083,0,1
3.523556250,1,1
3.523557292,0,1
3.523558375,1,1
3.523559375,0,1
3.523561500,1,1
3.523562500,1,0
3.523563500,0,0
3.523565458,1,0
3.523566458,1,1
3.523569583,1,0
3.523570542,0,0
3.523572667,1,0
3.523573667,0,0
3.523575750,1,0
3.523576792,0,0
3.523577833,0,1
3.523578875,1,1
3.523579875,0,1
3.523580917,0,0
3.523581958,1,0
3.523582958,0,0
3.523585042,1,0
3.523586042,0,0
3.523588167,1,0
3.523589167,0,0
3.523590208,0,1
3.523591292,1,1
3.523592292,0,1
3.523593375,0,0
3.523594375,1,0
3.523595375,0,0
3.523597458,1,0
3.523598458,0,0
3.523600583,1,0
3.523601583,0,0
3.523603667,1,0
3.523604667,0,0
3.523606750,1,0
3.523607750,0,0
3.523609875,1,0
3.523610875,0,0
3.523612958,1,0
3.523614000,0,0
3.523616083,1,0
3.523617083,0,0
3.523619167,1,0
3.523620167,0,0
3.523622292,1,0
3.523623292,0,0
3.523625375,1,0
3.523626375,0,0
3.523628500,1,0
3.523629500,0,0
3.523631583,1,0
3.523632583,0,0
3.523634667,1,0
3.523635708,0,0
3.523637792,1,0
3.523638792,0,0
3.523640875,1,0
3.523641875,0,0
3.523644000,1,0
3.523645000,0,0
3.523647083,1,0
3.523648083,0,0
3.523650208,1,0
3.523651208,0,0
3.523653292,1,0
3.523654292,0,0
3.523656417,1,0
3.523657417,0,0
3.523659500,1,0
3.523660500,0,0
3.523662625,1,0
3.523663625,0,0
3.523665708,1,0
3.523666708,0,0
3.523668792,1,0
3.523669792,0,0
3.523671917,1,0
3.523672917,0,0
3.523675000,1,0
3.523676000,0,0
3.523678125,1,0
3.523679125,0,0
3.523681208,1,0
3.523682208,0,0
3.523684333,1,0
3.523685333,0,0
3.523687417,1,0
3.523688417,0,0
3.523690500,1,0
3.523691500,0,0
3.523693667,1,0
3.523694625,0,0
3.523695667,0,1
3.523696750,1,1
3.523697750,0,1
3.523698958,1,1
3.523700000,0,1
3.523702125,1,1
3.523703208,0,1
3.523704250,1,1
3.523705292,0,1
3.523706333,1,1
3.523707417,0,1
3.523708458,1,1
3.523709542,0,1
3.523710583,1,1
3.523711625,0,0
3.523712667,1,0
3.523713750,0,0
3.523714125,0,1
3.523714792,1,1
3.523715833,0,1
3.523717042,1,1
3.523718083,0,1
3.523719125,1,1
3.523720208,0,1
3.523721208,1,1
3.523722208,0,1
3.523723208,1,1
3.523724292,0,1
3.523725333,1,1
3.523726417,0,1
3.523727417,1,1
3.523728542,0,1
3.523729542,1,1
3.523730625,0,1
3.523731667,1,1
3.523732750,0,1
3.523733750,1,1
3.523734833,0,1
3.523735875,1,1
3.523736958,0,1
3.523737958,1,1
3.523739083,0,1
3.523740083,1,1
3.523741167,0,1
3.523742208,1,1
3.523743292,0,1
3.523744292,1,1
3.523745417,0,1
3.523746417,1,1
3.523747500,0,1
3.523748542,1,1
3.523749625,0,1
3.523750625,1,1
3.523751708,0,1
3.523752750,1,1
3.523753833,0,1
3.523754833,1,1
3.523755958,0,1
3.523756958,1,1
3.523758042,0,1
3.523759083,1,1
3.523760167,0,1
3.523761167,1,1
3.523762292,0,1
3.523763292,1,1
3.523764375,0,1
3.523765417,1,1
3.523766500,0,1
3.523767500,1,1
3.523768625,0,1
3.523769625,1,1
3.523770708,0,1
3.523771750,1,1
3.523772833,0,1
3.523773833,1,1
3.523774917,0,1
3.523775958,1,1
3.523777042,0,1
3.523778083,1,1
3.523779167,0,1
3.523780167,1,1
3.523781250,0,1
3.523782292,1,1
3.523783375,0,1
3.523784583,1,1
3.523785583,0,1
3.523786708,1,1
3.523787708,0,1
3.523789833,1,1
3.523790833,1,0
3.523791833,0,0
3.523793792,1,0
3.523794792,1,1
3.523797875,1,0
3.523798875,0,0
3.523800958,1,0
3.523801958,0,0
3.523804083,1,0
3.523805083,0,0
3.523806125,0,1
3.523807208,1,1
3.523808208,0,1
3.523809250,0,0
3.523810292,1,0
3.523811292,0,0
3.523813375,1,0
3.523814417,0,0
3.523816500,1,0
3.523817500,0,0
3.523818542,0,1
3.523819583,1,1
3.523820625,0,1
3.523821708,0,0
3.523822708,1,0
3.523823708,0,0
3.523825792,1,0
3.523826792,0,0
3.523828917,1,0
3.523829917,0,0
3.523832000,1,0
3.523833000,0,0
3.523835083,1,0
3.523836125,0,0
3.523838208,1,0
3.523839208,0,0
3.523841292,1,0
3.523842292,0,0
3.523844417,1,0
3.523845417,0,0
3.523847500,1,0
3.523848500,0,0
3.523850625,1,0
3.523851625,0,0
3.523853708,1,0
3.523854708,0,0
3.523856833,1,0
3.523857833,0,0
3.523859917,1,0
3.523860917,0,0
3.523863042,1,0
3.523864042,0,0
3.523866125,1,0
3.523867125,0,0
3.523869250,1,0
3.523870250,0,0
3.523872333,1,0
3.523873333,0,0
3.523875458,1,0
3.523876458,0,0
3.523878542,1,0
3.523879542,0,0
3.523881667,1,0
3.523882667,0,0
3.523884750,1,0
3.523885750,0,0
3.523887833,1,0
3.523888833,0,0
3.523890958,1,0
3.523891958,0,0
3.523894042,1,0
3.523895083,0,0
3.523897167,1,0
3.523898167,0,0
3.523900250,1,0
3.523901250,0,0
3.523903375,1,0
3.523904375,0,0
3.523906458,1,0
3.523907458,0,0
3.523909583,1,0
3.523910583,0,0
3.523912667,1,0
3.523913667,0,0
3.523915792,1,0
3.523916792,0,0
3.523918875,1,0
3.523919875,0,0
3.523922000,1,0
3.523923000,0,0
3.523924000,0,1
3.523925125,1,1
3.523926125,0,1
3.523927333,1,1
3.523928333,0,1
3.523930500,1,1
3.523931542,0,1
3.523932583,1,1
3.523933667,0,1
3.523934708,1,1
3.523935750,0,1
3.523936792,1,1
3.523937917,0,1
3.523938958,1,1
3.523940000,0,0
3.523941042,1,0
3.523942125,0,0
3.523942458,0,1
3.523943167,1,1
3.523944208,0,1
3.523945375,1,1
3.523946458,0,1
3.523947500,1,1
3.523948542,0,1
3.523949583,1,1
3.523950542,0,1
3.523951583,1,1
3.523952667,0,1
3.523953667,1,1
3.523954792,0,1
3.523955792,1,1
3.523956875,0,1
3.523957917,1,1
3.523959000,0,1
3.523960000,1,1
3.523961125,0,1
3.523962125,1,1
3.523963208,0,1
3.523964250,1,1
3.523965333,0,1
3.523966333,1,1
3.523967417,0,1
3.523968458,1,1
3.523969542,0,1
3.523970583,1,1
3.523971667,0,1
3.523972667,1,1
3.523973750,0,1
3.523974792,1,1
3.523975875,0,1
3.523976917,1,1
3.523978000,0,1
3.523979000,1,1
3.523980083,0,1
3.523981125,1,1
3.523982208,0,1
3.523983208,1,1
3.523984333,0,1
3.523985333,1,1
3.523986417,0,1
3.523987458,1,1
3.523988542,0,1
3.523989542,1,1
3.523990667,0,1
3.523991667,1,1
3.523992750,0,1
3.523993792,1,1
3.523994875,0,1
3.523995875,1,1
3.523996958,0,1
3.523998000,1,1
3.523999083,0,1
3.524000125,1,1
3.524001208,0,1
3.524002208,1,1
3.524003292,0,1
3.524004333,1,1
3.524005417,0,1
3.524006417,1,1
3.524007542,0,1
3.524008542,1,1
3.524009625,0,1
3.524010667,1,1
3.524011750,0,1
3.524012958,1,1
3.524013958,0,1
3.524015042,1,1
3.524016083,0,1
3.524018208,1,1
3.524019208,1,0
3.524020208,0,0
3.524022167,1,0
3.524023167,1,1
3.524026250,1,0
3.524027250,0,0
3.524029333,1,0
3.524030333,0,0
3.524032458,1,0
3.524033458,0,0
3.524034500,0,1
3.524035542,1,1
3.524036583,0,1
3.524037625,0,0
3.524038667,1,0
3.524039667,0,0
3.524041750,1,0
3.524042750,0,0
3.524044875,1,0
3.524045875,0,0
3.524046917,0,1
3.524047958,1,1
3.524049000,0,1
3.524050083,0,0
3.524051083,1,0
3.524052083,0,0
3.524054167,1,0
3.524055167,0,0
3.524057250,1,0
3.524058250,0,0
3.524060375,1,0
3.524061375,0,0
3.524063458,1,0
3.524064458,0,0
3.524066583,1,0
3.524067583,0,0
3.524069667,1,0
3.524070667,0,0
3.524072792,1,0
3.524073792,0,0
3.524075875,1,0
3.524076875,0,0
3.524079000,1,0
3.524080000,0,0
3.524082083,1,0
3.524083083,0,0
3.524085208,1,0
3.524086208,0,0
3.524088292,1,0
3.524089292,0,0
3.524091417,1,0
3.524092417,0,0
3.524094500,1,0
3.524095500,0,0
3.524097625,1,0
3.524098625,0,0
3.524100708,1,0
3.524101708,0,0
3.524103833,1,0
3.524104833,0,0
3.524106917,1,0
3.524107917,0,0
3.524110042,1,0
3.524111042,0,0
3.524113125,1,0
3.524114125,0,0
3.524116208,1,0
3.524117208,0,0
3.524119333,1,0
3.524120333,0,0
3.524122417,1,0
3.524123417,0,0
3.524125542,1,0
3.524126542,0,0
3.524128625,1,0
3.524129625,0,0
3.524131750,1,0
3.524132750,0,0
3.524134833,1,0
3.524135833,0,0
3.524137958,1,0
3.524138958,0,0
3.524141042,1,0
3.524142042,0,0
3.524144167,1,0
3.524145167,0,0
3.524147250,1,0
3.524148250,0,0
3.524150375,1,0
3.524151375,0,0
3.524152375,0,1
3.524153500,1,1
3.524154500,0,1
3.524155708,1,1
3.524156708,0,1
3.524158875,1,1
3.524159917,0,1
3.524160958,1,1
3.524162042,0,1
3.524163083,1,1
3.524164125,0,1
3.524165167,1,1
3.524166292,0,1
3.524167333,1,1
3.524168375,0,0
3.524169417,1,0
3.524170500,0,0
3.524170792,0,1
3.524171542,1,1
3.524172583,0,1
3.524173750,1,1
3.524174833,0,1
3.524175875,1,1
3.524176917,0,1
3.524177958,1,1
3.524178917,0,1
3.524179958,1,1
3.524181042,0,1
3.524182042,1,1
3.524183167,0,1
3.524184167,1,1
3.524185250,0,1
3.524186292,1,1
3.524187375,0,1
3.524188375,1,1
3.524189500,0,1
3.524190500,1,1
3.524191583,0,1
3.524192625,1,1
3.524193708,0,1
3.524194708,1,1
3.524195833,0,1
3.524196833,1,1
3.524197917,0,1
3.524198958,1,1
3.524200042,0,1
3.524201042,1,1
3.524202125,0,1
3.524203167,1,1
3.524204250,0,1
3.524205250,1,1
3.524206375,0,1
3.524207375,1,1
3.524208458,0,1
3.524209500,1,1
3.524210583,0,1
3.524211583,1,1
3.524212708,0,1
3.524213708,1,1
3.524214792,0,1
3.524215833,1,1
3.524216917,0,1
3.524217917,1,1
3.524219042,0,1
3.524220042,1,1
3.524221125,0,1
3.524222167,1,1
3.524223250,0,1
3.524224250,1,1
3.524225333,0,1
3.524226375,1,1
3.524227458,0,1
3.524228458,1,1
3.524229583,0,1
3.524230583,1,1
3.524231667,0,1
3.524232708,1,1
3.524233792,0,1
3.524234792,1,1
3.524235917,0,1
3.524236917,1,1
3.524238000,0,1
3.524239042,1,1
3.524240125,0,1
3.524241333,1,1
3.524242333,0,1
3.524243417,1,1
3.524244458,0,1
3.524246583,1,1
3.524247583,1,0
3.524248583,0,0
3.524250542,1,0
3.524251542,1,1
3.524254625,1,0
3.524255625,0,0
3.524257708,1,0
3.524258708,0,0
3.524260833,1,0
3.524261833,0,0
3.524262875,0,1
3.524263917,1,1
3.524264958,0,1
3.524266000,0,0
3.524267042,1,0
3.524268042,0,0
3.524270125,1,0
3.524271125,0,0
3.524273250,1,0
3.524274250,0,0
3.524275292,0,1
3.524276333,1,1
3.524277375,0,1
3.524278458,0,0
3.524279417,1,0
3.524280458,0,0
3.524282542,1,0
3.524283542,0,0
3.524285625,1,0
3.524286625,0,0
3.524288750,1,0
3.524289750,0,0
3.524291833,1,0
3.524292833,0,0
3.524294958,1,0
3.524295958,0,0
3.524298042,1,0
3.524299042,0,0
3.524301167,1,0
3.524302167,0,0
3.524304250,1,0
3.524305250,0,0
3.524307375,1,0
3.524308375,0,0
3.524310458,1,0
3.524311458,0,0
3.524313583,1,0
3.524314583,0,0
3.524316667,1,0
3.524317667,0,0
3.524319792,1,0
3.524320792,0,0
3.524322875,1,0
3.524323875,0,0
3.524326000,1,0
3.524327000,0,0
3.524329083,1,0
3.524330083,0,0
3.524332208,1,0
3.524333208,0,0
3.524335292,1,0
3.524336292,0,0
3.524338375,1,0
3.524339417,0,0
3.524341500,1,0
3.524342500,0,0
3.524344583,1,0
3.524345625,0,0
3.524347708,1,0
3.524348708,0,0
3.524350792,1,0
3.524351792,0,0
3.524353917,1,0
3.524354917,0,0
3.524357000,1,0
3.524358000,0,0
3.524360125,1,0
3.524361125,0,0
3.524363208,1,0
3.524364208,0,0
3.524366333,1,0
3.524367333,0,0
3.524369417,1,0
3.524370417,0,0
3.524372542,1,0
3.524373542,0,0
3.524375625,1,0
3.524376625,0,0
3.524378750,1,0
3.524379750,0,0
3.524380750,0,1
3.524381875,1,1
3.524382875,0,1
3.524384083,1,1
3.524385083,0,1
3.524387250,1,1
3.524388333,0,1
3.524389333,1,1
3.524390417,0,1
3.524391458,1,1
3.524392542,0,1
3.524393542,1,1
3.524394667,0,1
3.524395708,1,1
3.524396750,0,0
3.524397792,1,0
3.524398875,0,0
3.524399250,0,1
3.524399917,1,1
3.524400958,0,1
3.524402167,1,1
3.524403208,0,1
3.524404250,1,1
3.524405333,0,1
3.524406333,1,1
3.524407333,0,1
3.524408333,1,1
3.524409417,0,1
3.524410458,1,1
3.524411542,0,1
3.524412542,1,1
3.524413625,0,1
3.524414667,1,1
3.524415750,0,1
3.524416750,1,1
3.524417875,0,1
3.524418875,1,1
3.524419958,0,1
3.524421000,1,1
3.524422083,0,1
3.524423083,1,1
3.524424208,0,1
3.524425208,1,1
3.524426292,0,1
3.524427333,1,1
3.524428417,0,1
3.524429417,1,1
3.524430500,0,1
3.524431542,1,1
3.524432625,0,1
3.524433667,1,1
3.524434750,0,1
3.524435750,1,1
3.524436833,0,1
3.524437875,1,1
3.524438958,0,1
3.524439958,1,1
3.524441083,0,1
3.524442083,1,1
3.524443167,0,1
3.524444208,1,1
3.524445292,0,1
3.524446292,1,1
3.524447417,0,1
3.524448417,1,1
3.524449500,0,1
3.524450542,1,1
3.524451625,0,1
3.524452625,1,1
3.524453750,0,1
3.524454750,1,1
3.524455833,0,1
3.524456875,1,1
3.524457958,0,1
3.524458958,1,1
3.524460042,0,1
3.524461083,1,1
3.524462167,0,1
3.524463167,1,1
3.524464292,0,1
3.524465292,1,1
3.524466375,0,1
3.524467417,1,1
3.524468500,0,1
3.524469708,1,1
3.524470708,0,1
3.524471833,1,1
3.524472833,0,1
3.524474958,1,1
3.524475958,1,0
3.524476958,0,0
3.524478917,1,0
3.524479917,1,1
3.524483000,1,0
3.524484000,0,0
3.524486083,1,0
3.524487083,0,0
3.524489208,1,0
3.524490208,0,0
3.524491250,0,1
3.524492333,1,1
3.524493333,0,1
3.524494375,0,0
3.524495417,1,0
3.524496417,0,0
3.524498500,1,0
3.524499500,0,0
3.524501625,1,0
3.524502625,0,0
3.524503667,0,1
3.524504708,1,1
3.524505750,0,1
3.524506833,0,0
3.524507833,1,0
3.524508833,0,0
3.524510917,1,0
3.524511917,0,0
3.524514042,1,0
3.524515042,0,0
3.524517125,1,0
3.524518125,0,0
3.524520250,1,0
3.524521250,0,0
3.524523333,1,0
3.524524333,0,0
3.524526417,1,0
3.524527417,0,0
3.524529542,1,0
3.524530542,0,0
3.524532625,1,0
3.524533625,0,0
3.524535750,1,0
3.524536750,0,0
3.524538833,1,0
3.524539833,0,0
3.524541958,1,0
3.524542958,0,0
3.524545042,1,0
3.524546042,0,0
3.524548167,1,0
3.524549167,0,0
3.524551250,1,0
3.524552250,0,0
3.524554375,1,0
3.524555375,0,0
3.524557458,1,0
3.524558458,0,0
3.524560583,1,0
3.524561583,0,0
3.524563667,1,0
3.524564667,0,0
3.524566750,1,0
3.524567792,0,0
3.524569875,1,0
3.524570875,0,0
3.524572958,1,0
3.524574000,0,0
3.524576083,1,0
3.524577083,0,0
3.524579167,1,0
3.524580167,0,0
3.524582292,1,0
3.524583292,0,0
3.524585375,1,0
3.524586375,0,0
3.524588500,1,0
3.524589500,0,0
3.524591583,1,0
3.524592583,0,0
3.524594708,1,0
3.524595708,0,0
3.524597792,1,0
3.524598792,0,0
3.524600917,1,0
3.524601917,0,0
3.524604000,1,0
3.524605000,0,0
3.524607125,1,0
3.524608125,0,0
3.524609125,0,1
3.524610250,1,1
3.524611250,0,1
3.524612458,1,1
3.524613458,0,1
3.524615625,1,1
3.524616667,0,1
3.524617708,1,1
3.524618792,0,1
3.524619833,1,1
3.524620875,0,1
3.524621917,1,1
3.524623000,0,1
3.524624042,1,1
3.524625125,0,0
3.524626167,1,0
3.524627250,0,0
3.524627667,0,1
3.524628292,1,1
3.524629333,0,1
3.524630500,1,1
3.524631583,0,1
3.524632625,1,1
3.524633667,0,1
3.524634708,1,1
3.524635667,0,1
3.524636708,1,1
3.524637792,0,1
3.524638792,1,1
3.524639917,0,1
3.524640917,1,1
3.524642000,0,1
3.524643042,1,1
3.524644125,0,1
3.524645125,1,1
3.524646208,0,1
3.524647250,1,1
3.524648333,0,1
3.524649333,1,1
3.524650458,0,1
3.524651458,1,1
3.524652542,0,1
3.524653583,1,1
3.524654667,0,1
3.524655667,1,1
3.524656750,0,1
3.524657792,1,1
3.524658875,0,1
3.524659917,1,1
3.524661000,0,1
3.524662000,1,1
3.524663083,0,1
3.524664125,1,1
3.524665208,0,1
3.524666250,1,1
3.524667333,0,1
3.524668333,1,1
3.524669417,0,1
3.524670458,1,1
3.524671542,0,1
3.524672542,1,1
3.524673667,0,1
3.524674667,1,1
3.524675750,0,1
3.524676792,1,1
3.524677875,0,1
3.524678875,1,1
3.524679958,0,1
3.524681000,1,1
3.524682083,0,1
3.524683083,1,1
3.524684208,0,1
3.524685208,1,1
3.524686292,0,1
3.524687333,1,1
3.524688417,0,1
3.524689417,1,1
3.524690542,0,1
3.524691542,1,1
3.524692625,0,1
3.524693667,1,1
3.524694750,0,1
3.524695750,1,1
3.524696833,0,1
3.524698042,1,1
3.524699083,0,1
3.524700167,1,1
3.524701167,0,1
3.524703292,1,1
3.524704292,1,0
3.524705292,0,0
3.524707250,1,0
3.524708250,1,1
3.524711375,1,0
3.524712333,0,0
3.524714458,1,0
3.524715458,0,0
3.524717542,1,0
3.524718542,0,0
3.524719625,0,1
3.524720667,1,1
3.524721667,0,1
3.524722708,0,0
3.524723792,1,0
3.524724750,0,0
3.524726833,1,0
3.524727875,0,0
3.524729958,1,0
3.524730958,0,0
3.524732042,0,1
3.524733083,1,1
3.524734083,0,1
3.524735167,0,0
3.524736167,1,0
3.524737167,0,0
3.524739250,1,0
3.524740250,0,0
3.524742375,1,0
3.524743375,0,0
3.524745458,1,0
3.524746458,0,0
3.524748583,1,0
3.524749583,0,0
3.524751667,1,0
3.524752667,0,0
3.524754792,1,0
3.524755792,0,0
3.524757875,1,0
3.524758875,0,0
3.524761000,1,0
3.524762000,0,0
3.524764083,1,0
3.524765083,0,0
3.524767208,1,0
3.524768208,0,0
3.524770292,1,0
3.524771292,0,0
3.524773375,1,0
3.524774417,0,0
3.524776500,1,0
3.524777500,0,0
3.524779583,1,0
3.524780583,0,0
3.524782708,1,0
3.524783708,0,0
3.524785792,1,0
3.524786792,0,0
3.524788917,1,0
3.524789917,0,0
3.524792000,1,0
3.524793000,0,0
3.524795125,1,0
3.524796125,0,0
3.524798208,1,0
3.524799208,0,0
3.524801333,1,0
3.524802333,0,0
3.524804417,1,0
3.524805417,0,0
3.524807542,1,0
3.524808542,0,0
3.524810625,1,0
3.524811625,0,0
3.524813708,1,0
3.524814750,0,0
3.524816833,1,0
3.524817833,0,0
3.524819917,1,0
3.524820917,0,0
3.524823042,1,0
3.524824042,0,0
3.524826125,1,0
3.524827125,0,0
3.524829250,1,0
3.524830250,0,0
3.524832333,1,0
3.524833333,0,0
3.524835458,1,0
3.524836458,0,0
3.524837500,0,1
3.524838583,1,1
3.524839583,0,1
3.524840792,1,1
3.524841792,0,1
3.524843958,1,1
3.524845042,0,1
3.524846083,1,1
3.524847125,0,1
3.524848167,1,1
3.524849250,0,1
3.524850250,1,1
3.524851375,0,1
3.524852417,1,1
3.524853458,0,0
3.524854500,1,0
3.524855583,0,0
3.524855875,0,1
3.524856625,1,1
3.524857667,0,1
3.524858875,1,1
3.524859917,0,1
3.524860958,1,1
3.524862042,0,1
3.524863042,1,1
3.524864042,0,1
3.524865042,1,1
3.524866125,0,1
3.524867167,1,1
3.524868250,0,1
3.524869250,1,1
3.524870333,0,1
3.524871375,1,1
3.524872458,0,1
3.524873500,1,1
3.524874583,0,1
3.524875583,1,1
3.524876667,0,1
3.524877708,1,1
3.524878792,0,1
3.524879833,1,1
3.524880917,0,1
3.524881917,1,1
3.524883000,0,1
3.524884042,1,1
3.524885125,0,1
3.524886125,1,1
3.524887250,0,1
3.524888250,1,1
3.524889333,0,1
3.524890375,1,1
3.524891458,0,1
3.524892458,1,1
3.524893583,0,1
3.524894583,1,1
3.524895667,0,1
3.524896708,1,1
3.524897792,0,1
3.524898792,1,1
3.524899917,0,1
3.524900917,1,1
3.524902000,0,1
3.524903042,1,1
3.524904125,0,1
3.524905125,1,1
3.524906208,0,1
3.524907250,1,1
3.524908333,0,1
3.524909375,1,1
3.524910458,0,1
3.524911458,1,1
3.524912542,0,1
3.524913583,1,1
3.524914667,0,1
3.524915708,1,1
3.524916792,0,1
3.524917792,1,1
3.524918875,0,1
3.524919917,1,1
3.524921000,0,1
3.524922042,1,1
3.524923125,0,1
3.524924125,1,1
3.524925208,0,1
3.524926417,1,1
3.524927458,0,1
3.524928542,1,1
3.524929542,0,1
3.524931667,1,1
3.524932667,1,0
3.524933667,0,0
3.524935625,1,0
3.524936625,1,1
3.524939750,1,0
3.524940708,0,0
3.524942833,1,0
3.524943833,0,0
3.524945917,1,0
3.524946917,0,0
3.524948000,0,1
3.524949042,1,1
3.524950042,0,1
3.524951083,0,0
3.524952125,1,0
3.524953125,0,0
3.524955208,1,0
3.524956250,0,0
3.524958333,1,0
3.524959333,0,0
3.524960417,0,1
3.524961458,1,1
3.524962458,0,1
3.524963542,0,0
3.524964542,1,0
3.524965542,0,0
3.524967625,1,0
3.524968625,0,0
3.524970750,1,0
3.524971750,0,0
3.524973833,1,0
3.524974833,0,0
3.524976958,1,0
3.524977958,0,0
3.524980042,1,0
3.524981042,0,0
3.524983167,1,0
3.524984167,0,0
3.524986250,1,0
3.524987250,0,0
3.524989375,1,0
3.524990375,0,0
3.524992458,1,0
3.524993458,0,0
3.524995583,1,0
3.524996583,0,0
3.524998667,1,0
3.524999667,0,0
3.525001792,1,0
3.525002792,0,0
3.525004875,1,0
3.525005875,0,0
3.525008000,1,0
3.525009000,0,0
3.525011083,1,0
3.525012083,0,0
3.525014167,1,0
3.525015167,0,0
3.525017292,1,0
3.525018292,0,0
3.525020375,1,0
3.525021375,0,0
3.525023500,1,0
3.525024500,0,0
3.525026583,1,0
3.525027583,0,0
3.525029708,1,0
3.525030708,0,0
3.525032792,1,0
3.525033792,0,0
3.525035917,1,0
3.525036917,0,0
3.525039000,1,0
3.525040000,0,0
3.525042125,1,0
3.525043125,0,0
3.525045208,1,0
3.525046208,0,0
3.525048333,1,0
3.525049333,0,0
3.525051417,1,0
3.525052417,0,0
3.525054500,1,0
3.525055500,0,0
3.525057625,1,0
3.525058625,0,0
3.525060708,1,0
3.525061708,0,0
3.525063833,1,0
3.525064833,0,0
3.525065875,0,1
3.525066958,1,1
3.525067958,0,1
3.525069167,1,1
3.525070208,0,1
3.525072333,1,1
3.525073417,0,1
3.525074458,1,1
3.525075500,0,1
3.525076542,1,1
3.525077625,0,1
3.525078667,1,1
3.525079750,0,1
3.525080792,1,1
3.525081833,0,0
3.525082875,1,0
3.525083958,0,0
3.525084292,0,1
3.525085000,1,1
3.525086042,0,1
3.525087208,1,1
3.525088292,0,1
3.525089333,1,1
3.525090375,0,1
3.525091417,1,1
3.525092417,0,1
3.525093417,1,1
3.525094500,0,1
3.525095542,1,1
3.525096625,0,1
3.525097625,1,1
3.525098708,0,1
3.525099750,1,1
3.525100833,0,1
3.525101833,1,1
3.525102958,0,1
3.525103958,1,1
3.525105042,0,1
3.525106083,1,1
3.525107167,0,1
3.525108167,1,1
3.525109292,0,1
3.525110292,1,1
3.525111375,0,1
3.525112417,1,1
3.525113500,0,1
3.525114500,1,1
3.525115625,0,1
3.525116625,1,1
3.525117708,0,1
3.525118750,1,1
3.525119833,0,1
3.525120833,1,1
3.525121917,0,1
3.525122958,1,1
3.525124042,0,1
3.525125042,1,1
3.525126167,0,1
3.525127167,1,1
3.525128250,0,1
3.525129292,1,1
3.525130375,0,1
3.525131375,1,1
3.525132500,0,1
3.525133500,1,1
3.525134583,0,1
3.525135625,1,1
3.525136708,0,1
3.525137708,1,1
3.525138792,0,1
3.525139833,1,1
3.525140917,0,1
3.525141958,1,1
3.525143042,0,1
3.525144042,1,1
3.525145125,0,1
3.525146167,1,1
3.525147250,0,1
3.525148292,1,1
3.525149375,0,1
3.525150375,1,1
3.525151458,0,1
3.525152500,1,1
3.525153583,0,1
3.525154792,1,1
3.525155792,0,1
3.525156917,1,1
3.525157917,0,1
3.525160042,1,1
3.525161042,1,0
3.525162042,0,0
3.525164000,1,0
3.525165000,1,1
3.525168083,1,0
3.525169083,0,0
3.525171167,1,0
3.525172167,0,0
3.525174292,1,0
3.525175292,0,0
3.525176333,0,1
3.525177375,1,1
3.525178417,0,1
3.525179458,0,0
3.525180500,1,0
3.525181500,0,0
3.525183583,1,0
3.525184583,0,0
3.525186708,1,0
3.525187708,0,0
3.525188750,0,1
3.525189792,1,1
3.525190792,0,1
3.525191875,0,0
3.525192875,1,0
3.525193875,0,0
3.525196000,1,0
3.525197000,0,0
3.525199083,1,0
3.525200083,0,0
3.525202208,1,0
3.525203208,0,0
3.525205292,1,0
3.525206292,0,0
3.525208417,1,0
3.525209417,0,0
3.525211500,1,0
3.525212500,0,0
3.525214583,1,0
3.525215625,0,0
3.525217708,1,0
3.525218708,0,0
3.525220792,1,0
3.525221833,0,0
3.525223917,1,0
3.525224917,0,0
3.525227000,1,0
3.525228000,0,0
3.525230125,1,0
3.525231125,0,0
3.525233208,1,0
3.525234208,0,0
3.525236333,1,0
3.525237333,0,0
3.525239417,1,0
3.525240417,0,0
3.525242542,1,0
3.525243542,0,0
3.525245625,1,0
3.525246625,0,0
3.525248750,1,0
3.525249750,0,0
3.525251833,1,0
3.525252833,0,0
3.525254917,1,0
3.525255958,0,0
3.525258042,1,0
3.525259042,0,0
3.525261125,1,0
3.525262125,0,0
3.525264250,1,0
3.525265250,0,0
3.525267333,1,0
3.525268333,0,0
3.525270458,1,0
3.525271458,0,0
3.525273542,1,0
3.525274542,0,0
3.525276667,1,0
3.525277667,0,0
3.525279750,1,0
3.525280750,0,0
3.525282875,1,0
3.525283875,0,0
3.525285958,1,0
3.525286958,0,0
3.525289042,1,0
3.525290042,0,0
3.525292208,1,0
3.525293167,0,0
3.525294208,0,1
3.525295292,1,1
3.525296292,0,1
3.525297500,1,1
3.525298542,0,1
3.525300667,1,1
3.525301750,0,1
3.525302792,1,1
3.525303833,0,1
3.525304875,1,1
3.525305958,0,1
3.525307000,1,1
3.525308083,0,1
3.525309125,1,1
3.525310167,0,1
3.525310208,0,0
3.525311250,1,0
3.525312292,0,0
3.525312708,0,1
3.525313333,1,1
3.525314417,0,1
3.525315583,1,1
3.525316625,0,1
3.525317667,1,1
3.525318750,0,1
3.525319750,1,1
3.525320750,0,1
3.525321750,1,1
3.525322833,0,1
3.525323875,1,1
3.525324958,0,1
3.525325958,1,1
3.525327083,0,1
3.525328083,1,1
3.525329167,0,1
3.525330208,1,1
3.525331292,0,1
3.525332292,1,1
3.525333417,0,1
3.525334417,1,1
3.525335500,0,1
3.525336542,1,1
3.525337625,0,1
3.525338625,1,1
3.525339708,0,1
3.525340750,1,1
3.525341833,0,1
3.525342875,1,1
3.525343958,0,1
3.525344958,1,1
3.525346083,0,1
3.525347083,1,1
3.525348167,0,1
3.525349208,1,1
3.525350292,0,1
3.525351292,1,1
3.525352375,0,1
3.525353417,1,1
3.525354500,0,1
3.525355500,1,1
3.525356625,0,1
3.525357625,1,1
3.525358708,0,1
3.525359750,1,1
3.525360833,0,1
3.525361833,1,1
3.525362958,0,1
3.525363958,1,1
3.525365042,0,1
3.525366083,1,1
3.525367167,0,1
3.525368167,1,1
3.525369292,0,1
3.525370292,1,1
3.525371375,0,1
3.525372417,1,1
3.525373500,0,1
3.525374500,1,1
3.525375583,0,1
3.525376625,1,1
3.525377708,0,1
3.525378708,1,1
3.525379833,0,1
3.525380833,1,1
3.525381917,0,1
3.525383125,1,1
3.525384167,0,1
3.525385250,1,1
3.525386250,0,1
3.525388375,1,1
3.525389375,1,0
3.525390375,0,0
3.525392333,1,0
3.525393333,1,1
3.525396458,1,0
3.525397417,0,0
3.525399542,1,0
3.525400542,0,0
3.525402625,1,0
3.525403625,0,0
3.525404708,0,1
3.525405750,1,1
3.525406750,0,1
3.525407792,0,0
3.525408875,1,0
3.525409833,0,0
3.525411958,1,0
3.525412958,0,0
3.525415042,1,0
3.525416042,0,0
3.525417125,0,1
3.525418167,1,1
3.525419167,0,1
3.525420250,0,0
3.525421250,1,0
3.525422250,0,0
3.525424333,1,0
3.525425333,0,0
3.525427458,1,0
3.525428458,0,0
3.525430542,1,0
3.525431542,0,0
3.525433667,1,0
3.525434667,0,0
3.525436750,1,0
3.525437750,0,0
3.525439875,1,0
3.525440875,0,0
3.525442958,1,0
3.525443958,0,0
3.525446042,1,0
3.525447083,0,0
3.525449167,1,0
3.525450167,0,0
3.525452250,1,0
3.525453250,0,0
3.525455375,1,0
3.525456375,0,0
3.525458458,1,0
3.525459458,0,0
3.525461583,1,0
3.525462583,0,0
3.525464667,1,0
3.525465667,0,0
3.525467792,1,0
3.525468792,0,0
3.525470875,1,0
3.525471875,0,0
3.525474000,1,0
3.525475000,0,0
3.525477083,1,0
3.525478083,0,0
3.525480208,1,0
3.525481208,0,0
3.525483292,1,0
3.525484292,0,0
3.525486417,1,0
3.525487417,0,0
3.525489500,1,0
3.525490500,0,0
3.525492583,1,0
3.525493625,0,0
3.525495708,1,0
3.525496708,0,0
3.525498792,1,0
3.525499792,0,0
3.525501917,1,0
3.525502917,0,0
3.525505000,1,0
3.525506000,0,0
3.525508125,1,0
3.525509125,0,0
3.525511208,1,0
3.525512208,0,0
3.525514333,1,0
3.525515333,0,0
3.525517417,1,0
3.525518417,0,0
3.525520542,1,0
3.525521542,0,0
3.525522583,0,1
3.525523667,1,1
3.525524667,0,1
3.525525875,1,1
3.525526875,0,1
3.525529042,1,1
3.525530083,0,1
3.525531125,1,1
3.525532208,0,1
3.525533250,1,1
3.525534292,0,1
3.525535333,1,1
3.525536458,0,1
3.525537500,1,1
3.525538542,0,0
3.525539583,1,0
3.525540667,0,0
3.525540958,0,1
3.525541708,1,1
3.525542750,0,1
3.525543958,1,1
3.525545000,0,1
3.525546042,1,1
3.525547125,0,1
3.525548125,1,1
3.525549125,0,1
3.525550125,1,1
3.525551208,0,1
3.525552250,1,1
3.525553333,0,1
3.525554333,1,1
3.525555417,0,1
3.525556458,1,1
3.525557542,0,1
3.525558542,1,1
3.525559667,0,1
3.525560667,1,1
3.525561750,0,1
3.525562792,1,1
3.525563875,0,1
3.525564875,1,1
3.525566000,0,1
3.525567000,1,1
3.525568083,0,1
3.525569125,1,1
3.525570208,0,1
3.525571208,1,1
3.525572292,0,1
3.525573333,1,1
3.525574417,0,1
3.525575458,1,1
3.525576542,0,1
3.525577542,1,1
3.525578625,0,1
3.525579667,1,1
3.525580750,0,1
3.525581792,1,1
3.525582875,0,1
3.525583875,1,1
3.525584958,0,1
3.525586000,1,1
3.525587083,0,1
3.525588083,1,1
3.525589208,0,1
3.525590208,1,1
3.525591292,0,1
3.525592333,1,1
3.525593417,0,1
3.525594417,1,1
3.525595500,0,1
3.525596542,1,1
3.525597625,0,1
3.525598667,1,1
3.525599750,0,1
3.525600750,1,1
3.525601875,0,1
3.525602875,1,1
3.525603958,0,1
3.525605000,1,1
3.525606083,0,1
3.525607083,1,1
3.525608167,0,1
3.525609208,1,1
3.525610292,0,1
3.525611500,1,1
3.525612500,0,1
3.525613625,1,1
3.525614625,0,1
3.525616750,1,1
3.525617750,1,0
3.525618750,0,0
3.525620708,1,0
3.525621708,1,1
3.525624792,1,0
3.525625792,0,0
3.525627875,1,0
3.525628875,0,0
3.525631000,1,0
3.525632000,0,0
3.525633042,0,1
3.525634083,1,1
3.525635125,0,1
3.525636167,0,0
3.525637208,1,0
3.525638208,0,0
3.525640292,1,0
3.525641292,0,0
3.525643417,1,0
3.525644417,0,0
3.525645458,0,1
3.525646500,1,1
3.525647542,0,1
3.525648625,0,0
3.525649583,1,0
3.525650583,0,0
3.525652708,1,0
3.525653708,0,0
3.525655792,1,0
3.525656792,0,0
3.525658917,1,0
3.525659917,0,0
3.525662000,1,0
3.525663000,0,0
3.525665125,1,0
3.525666125,0,0
3.525668208,1,0
3.525669208,0,0
3.525671333,1,0
3.525672333,0,0
3.525674417,1,0
3.525675417,0,0
3.525677542,1,0
3.525678542,0,0
3.525680625,1,0
3.525681625,0,0
3.525683708,1,0
3.525684750,0,0
3.525686833,1,0
3.525687833,0,0
3.525689917,1,0
3.525690958,0,0
3.525693042,1,0
3.525694042,0,0
3.525696125,1,0
3.525697125,0,0
3.525699250,1,0
3.525700250,0,0
3.525702333,1,0
3.525703333,0,0
3.525705458,1,0
3.525706458,0,0
3.525708542,1,0
3.525709542,0,0
3.525711625,1,0
3.525712667,0,0
3.525714750,1,0
3.525715750,0,0
3.525717833,1,0
3.525718833,0,0
3.525720958,1,0
3.525721958,0,0
3.525724042,1,0
3.525725042,0,0
3.525727167,1,0
3.525728167,0,0
3.525730250,1,0
3.525731250,0,0
3.525733375,1,0
3.525734375,0,0
3.525736458,1,0
3.525737458,0,0
3.525739583,1,0
3.525740583,0,0
3.525742667,1,0
3.525743667,0,0
3.525745792,1,0
3.525746792,0,0
3.525748917,1,0
3.525749875,0,0
3.525750917,0,1
3.525752000,1,1
3.525753000,0,1
3.525754208,1,1
3.525755250,0,1
3.525757375,1,1
3.525758458,0,1
3.525759500,1,1
3.525760542,0,1
3.525761583,1,1
3.525762667,0,1
3.525763708,1,1
3.525764792,0,1
3.525765833,1,1
3.525766875,0,1
3.525766917,0,0
3.525767958,1,0
3.525769000,0,0
3.525769292,0,1
3.525770042,1,1
3.525771125,0,1
3.525772292,1,1
3.525773333,0,1
3.525774375,1,1
3.525775458,0,1
3.525776458,1,1
3.525777458,0,1
3.525778458,1,1
3.525779542,0,1
3.525780583,1,1
3.525781667,0,1
3.525782667,1,1
3.525783750,0,1
3.525784792,1,1
3.525785875,0,1
3.525786875,1,1
3.525788000,0,1
3.525789000,1,1
3.525790083,0,1
3.525791125,1,1
3.525792208,0,1
3.525793208,1,1
3.525794333,0,1
3.525795333,1,1
3.525796417,0,1
3.525797458,1,1
3.525798542,0,1
3.525799542,1,1
3.525800625,0,1
3.525801667,1,1
3.525802750,0,1
3.525803750,1,1
3.525804875,0,1
3.525805875,1,1
3.525806958,0,1
3.525808000,1,1
3.525809083,0,1
3.525810083,1,1
3.525811208,0,1
3.525812208,1,1
3.525813292,0,1
3.525814333,1,1
3.525815417,0,1
3.525816417,1,1
3.525817500,0,1
3.525818542,1,1
3.525819625,0,1
3.525820625,1,1
3.525821750,0,1
3.525822750,1,1
3.525823833,0,1
3.525824875,1,1
3.525825958,0,1
3.525826958,1,1
3.525828042,0,1
3.525829083,1,1
3.525830167,0,1
3.525831208,1,1
3.525832292,0,1
3.525833292,1,1
3.525834375,0,1
3.525835417,1,1
3.525836500,0,1
3.525837500,1,1
3.525838625,0,1
3.525839792,1,1
3.525840833,0,1
3.525841917,1,1
3.525842917,0,1
3.525845042,1,1
3.525846042,1,0
3.525847042,0,0
3.525849000,1,0
3.525850000,1,1
3.525853125,1,0
3.525854083,0,0
3.525856208,1,0
3.525857208,0,0
3.525859292,1,0
3.525860292,0,0
3.525861375,0,1
3.525862417,1,1
3.525863417,0,1
3.525864458,0,0
3.525865500,1,0
3.525866500,0,0
3.525868583,1,0
3.525869583,0,0
3.525871708,1,0
3.525872708,0,0
3.525873750,0,1
3.525874792,1,1
3.525875833,0,1
3.525876917,0,0
3.525877917,1,0
3.525878917,0,0
3.525881000,1,0
3.525882000,0,0
3.525884083,1,0
3.525885083,0,0
3.525887208,1,0
3.525888208,0,0
3.525890292,1,0
3.525891292,0,0
3.525893417,1,0
3.525894417,0,0
3.525896500,1,0
3.525897500,0,0
3.525899625,1,0
3.525900625,0,0
3.525902708,1,0
3.525903708,0,0
3.525905833,1,0
3.525906833,0,0
3.525908917,1,0
3.525909917,0,0
3.525912042,1,0
3.525913042,0,0
3.525915125,1,0
3.525916125,0,0
3.525918208,1,0
3.525919250,0,0
3.525921333,1,0
3.525922333,0,0
3.525924417,1,0
3.525925417,0,0
3.525927542,1,0
3.525928542,0,0
3.525930625,1,0
3.525931625,0,0
3.525933750,1,0
3.525934750,0,0
3.525936833,1,0
3.525937833,0,0
3.525939958,1,0
3.525940958,0,0
3.525943042,1,0
3.525944042,0,0
3.525946125,1,0
3.525947167,0,0
3.525949250,1,0
3.525950250,0,0
3.525952333,1,0
3.525953333,0,0
3.525955458,1,0
3.525956458,0,0
3.525958542,1,0
3.525959542,0,0
3.525961667,1,0
3.525962667,0,0
3.525964750,1,0
3.525965750,0,0
3.525967875,1,0
3.525968875,0,0
3.525970958,1,0
3.525971958,0,0
3.525974083,1,0
3.525975083,0,0
3.525977208,1,0
3.525978167,0,0
3.525979208,0,1
3.525980292,1,1
3.525981292,0,1
3.525982500,1,1
3.525983542,0,1
3.525985667,1,1
3.525986750,0,1
3.525987792,1,1
3.525988833,0,1
3.525989875,1,1
3.525990958,0,1
3.525992000,1,1
3.525993083,0,1
3.525994125,1,1
3.525995167,0,1
3.525995208,0,0
3.525996250,1,0
3.525997292,0,0
3.525997667,0,1
3.525998333,1,1
3.525999417,0,1
3.526000583,1,1
3.526001625,0,1
3.526002667,1,1
3.526003750,0,1
3.526004750,1,1
3.526005750,0,1
3.526006750,1,1
3.526007833,0,1
3.526008875,1,1
3.526009958,0,1
3.526010958,1,1
3.526012083,0,1
3.526013083,1,1
3.526014167,0,1
3.526015208,1,1
3.526016292,0,1
3.526017292,1,1
3.526018375,0,1
3.526019417,1,1
3.526020500,0,1
3.526021542,1,1
3.526022625,0,1
3.526023625,1,1
3.526024708,0,1
3.526025750,1,1
3.526026833,0,1
3.526027875,1,1
3.526028958,0,1
3.526029958,1,1
3.526031042,0,1
3.526032083,1,1
3.526033167,0,1
3.526034167,1,1
3.526035292,0,1
3.526036292,1,1
3.526037375,0,1
3.526038417,1,1
3.526039500,0,1
3.526040500,1,1
3.526041583,0,1
3.526042625,1,1
3.526043708,0,1
3.526044750,1,1
3.526045833,0,1
3.526046833,1,1
3.526047917,0,1
3.526048958,1,1
3.526050042,0,1
3.526051083,1,1
3.526052167,0,1
3.526053167,1,1
3.526054250,0,1
3.526055292,1,1
3.526056375,0,1
3.526057375,1,1
3.526058500,0,1
3.526059500,1,1
3.526060583,0,1
3.526061625,1,1
3.526062708,0,1
3.526063708,1,1
3.526064833,0,1
3.526065833,1,1
3.526066917,0,1
3.526068125,1,1
3.526069167,0,1
3.526070250,1,1
3.526071250,0,1
3.526073375,1,1
3.526074375,1,0
3.526075375,0,0
3.526077333,1,0
3.526078333,1,1
3.526081458,1,0
3.526082417,0,0
3.526084542,1,0
3.526085542,0,0
3.526087625,1,0
3.526088625,0,0
3.526089708,0,1
3.526090750,1,1
3.526091750,0,1
3.526092792,0,0
3.526093833,1,0
3.526094833,0,0
3.526096917,1,0
3.526097958,0,0
3.526100042,1,0
3.526101042,0,0
3.526102125,0,1
3.526103167,1,1
3.526104167,0,1
3.526105250,0,0
3.526106250,1,0
3.526107250,0,0
3.526109333,1,0
3.526110333,0,0
3.526112458,1,0
3.526113458,0,0
3.526115542,1,0
3.526116542,0,0
3.526118667,1,0
3.526119667,0,0
3.526121750,1,0
3.526122750,0,0
3.526124875,1,0
3.526125875,0,0
3.526127958,1,0
3.526128958,0,0
3.526131083,1,0
3.526132083,0,0
3.526134167,1,0
3.526135167,0,0
3.526137292,1,0
3.526138292,0,0
3.526140375,1,0
3.526141375,0,0
3.526143458,1,0
3.526144500,0,0
3.526146583,1,0
3.526147583,0,0
3.526149667,1,0
3.526150667,0,0
3.526152792,1,0
3.526153792,0,0
3.526155875,1,0
3.526156875,0,0
3.526159000,1,0
3.526160000,0,0
3.526162083,1,0
3.526163083,0,0
3.526165208,1,0
3.526166208,0,0
3.526168292,1,0
3.526169292,0,0
3.526171417,1,0
3.526172417,0,0
3.526174500,1,0
3.526175500,0,0
3.526177583,1,0
3.526178625,0,0
3.526180708,1,0
3.526181708,0,0
3.526183792,1,0
3.526184792,0,0
3.526186917,1,0
3.526187917,0,0
3.526190000,1,0
3.526191000,0,0
3.526193125,1,0
3.526194125,0,0
3.526196208,1,0
3.526197208,0,0
3.526199333,1,0
3.526200333,0,0
3.526202417,1,0
3.526203417,0,0
3.526205542,1,0
3.526206542,0,0
3.526207542,0,1
3.526208667,1,1
3.526209667,0,1
3.526210875,1,1
3.526211875,0,1
3.526214042,1,1
3.526215083,0,1
3.526216125,1,1
3.526217208,0,1
3.526218250,1,1
3.526219292,0,1
3.526220333,1,1
3.526221417,0,1
3.526222458,1,1
3.526223542,0,0
3.526224583,1,0
3.526225667,0,0
3.526226000,0,1
3.526226708,1,1
3.526227750,0,1
3.526228917,1,1
3.526230000,0,1
3.526231042,1,1
3.526232083,0,1
3.526233125,1,1
3.526234083,0,1
3.526235125,1,1
3.526236208,0,1
3.526237208,1,1
3.526238333,0,1
3.526239333,1,1
3.526240417,0,1
3.526241458,1,1
3.526242542,0,1
3.526243542,1,1
3.526244625,0,1
3.526245667,1,1
3.526246750,0,1
3.526247792,1,1
3.526248875,0,1
3.526249875,1,1
3.526250958,0,1
3.526252000,1,1
3.526253083,0,1
3.526254083,1,1
3.526255208,0,1
3.526256208,1,1
3.526257292,0,1
3.526258333,1,1
3.526259417,0,1
3.526260417,1,1
3.526261542,0,1
3.526262542,1,1
3.526263625,0,1
3.526264667,1,1
3.526265750,0,1
3.526266750,1,1
3.526267875,0,1
3.526268875,1,1
3.526269958,0,1
3.526271000,1,1
3.526272083,0,1
3.526273083,1,1
3.526274167,0,1
3.526275208,1,1
3.526276292,0,1
3.526277292,1,1
3.526278417,0,1
3.526279417,1,1
3.526280500,0,1
3.526281542,1,1
3.526282625,0,1
3.526283625,1,1
3.526284750,0,1
3.526285750,1,1
3.526286833,0,1
3.526287875,1,1
3.526288958,0,1
3.526289958,1,1
3.526291042,0,1
3.526292083,1,1
3.526293167,0,1
3.526294208,1,1
3.526295292,0,1
3.526296500,1,1
3.526297500,0,1
3.526298583,1,1
3.526299625,0,1
3.526301708,1,1
3.526302750,1,0
3.526303750,0,0
3.526305708,1,0
3.526306667,1,1
3.526309792,1,0
3.526310792,0,0
3.526312875,1,0
3.526313875,0,0
3.526316000,1,0
3.526317000,0,0
3.526318042,0,1
3.526319083,1,1
3.526320083,0,1
3.526321167,0,0
3.526322208,1,0
3.526323167,0,0
3.526325292,1,0
3.526326292,0,0
3.526328417,1,0
3.526329417,0,0
3.526330458,0,1
3.526331500,1,1
3.526332500,0,1
3.526333583,0,0
3.526334583,1,0
3.526335583,0,0
3.526337708,1,0
3.526338708,0,0
3.526340792,1,0
3.526341792,0,0
3.526343917,1,0
3.526344917,0,0
3.526347000,1,0
3.526348000,0,0
3.526350083,1,0
3.526351125,0,0
3.526353208,1,0
3.526354208,0,0
3.526356292,1,0
3.526357292,0,0
3.526359417,1,0
3.526360417,0,0
3.526362500,1,0
3.526363500,0,0
3.526365625,1,0
3.526366625,0,0
3.526368708,1,0
3.526369708,0,0
3.526371833,1,0
3.526372833,0,0
3.526374917,1,0
3.526375917,0,0
3.526378042,1,0
3.526379042,0,0
3.526381125,1,0
3.526382125,0,0
3.526384250,1,0
3.526385250,0,0
3.526387333,1,0
3.526388333,0,0
3.526390458,1,0
3.526391458,0,0
3.526393542,1,0
3.526394542,0,0
3.526396667,1,0
3.526397667,0,0
3.526399750,1,0
3.526400750,0,0
3.526402833,1,0
3.526403833,0,0
3.526405958,1,0
3.526406958,0,0
3.526409042,1,0
3.526410042,0,0
3.526412167,1,0
3.526413167,0,0
3.526415250,1,0
3.526416250,0,0
3.526418375,1,0
3.526419375,0,0
3.526421458,1,0
3.526422458,0,0
3.526424583,1,0
3.526425583,0,0
3.526427667,1,0
3.526428667,0,0
3.526430792,1,0
3.526431792,0,0
3.526433917,1,0
3.526434917,0,0
3.526435917,0,1
3.526437000,1,1
3.526438000,0,1
3.526439250,1,1
3.526440250,0,1
3.526442417,1,1
3.526443458,0,1
3.526444500,1,1
3.526445583,0,1
3.526446625,1,1
3.526447667,0,1
3.526448708,1,1
3.526449792,0,1
3.526450833,1,1
3.526451917,0,0
3.526452958,1,0
3.526454042,0,0
3.526454333,0,1
3.526455042,1,1
3.526456125,0,1
3.526457292,1,1
3.526458375,0,1
3.526459417,1,1
3.526460458,0,1
3.526461500,1,1
3.526462458,0,1
3.526463500,1,1
3.526464583,0,1
3.526465583,1,1
3.526466667,0,1
3.526467708,1,1
3.526468792,0,1
3.526469833,1,1
3.526470917,0,1
3.526471917,1,1
3.526473000,0,1
3.526474042,1,1
3.526475125,0,1
3.526476125,1,1
3.526477250,0,1
3.526478250,1,1
3.526479333,0,1
3.526480375,1,1
3.526481458,0,1
3.526482458,1,1
3.526483542,0,1
3.526484583,1,1
3.526485667,0,1
3.526486708,1,1
3.526487792,0,1
3.526488792,1,1
3.526489875,0,1
3.526490917,1,1
3.526492000,0,1
3.526493042,1,1
3.526494125,0,1
3.526495125,1,1
3.526496208,0,1
3.526497250,1,1
3.526498333,0,1
3.526499375,1,1
3.526500458,0,1
3.526501458,1,1
3.526502542,0,1
3.526503583,1,1
3.526504667,0,1
3.526505667,1,1
3.526506792,0,1
3.526507792,1,1
3.526508875,0,1
3.526509917,1,1
3.526511000,0,1
3.526512000,1,1
3.526513125,0,1
3.526514125,1,1
3.526515208,0,1
3.526516250,1,1
3.526517333,0,1
3.526518333,1,1
3.526519458,0,1
3.526520458,1,1
3.526521542,0,1
3.526522583,1,1
3.526523667,0,1
3.526524875,1,1
3.526525875,0,1
3.526526958,1,1
3.526528000,0,1
3.526530083,1,1
3.526531125,1,0
3.526532083,0,0
3.526534083,1,0
3.526535042,1,1
3.526538167,1,0
3.526539167,0,0
3.526541250,1,0
3.526542250,0,0
3.526544375,1,0
3.526545375,0,0
3.526546417,0,1
3.526547458,1,1
3.526548500,0,1
3.526549542,0,0
3.526550583,1,0
3.526551542,0,0
3.526553667,1,0
3.526554667,0,0
3.526556750,1,0
3.526557792,0,0
3.526558833,0,1
3.526559875,1,1
3.526560875,0,1
3.526561958,0,0
3.526562958,1,0
3.526563958,0,0
3.526566083,1,0
3.526567083,0,0
3.526569167,1,0
3.526570167,0,0
3.526572292,1,0
3.526573292,0,0
3.526575375,1,0
3.526576375,0,0
3.526578500,1,0
3.526579500,0,0
3.526581583,1,0
3.526582583,0,0
3.526584708,1,0
3.526585708,0,0
3.526587792,1,0
3.526588792,0,0
3.526590917,1,0
3.526591917,0,0
3.526594000,1,0
3.526595000,0,0
3.526597125,1,0
3.526598125,0,0
3.526600208,1,0
3.526601208,0,0
3.526603333,1,0
3.526604333,0,0
3.526606417,1,0
3.526607417,0,0
3.526609542,1,0
3.526610542,0,0
3.526612625,1,0
3.526613625,0,0
3.526615708,1,0
3.526616750,0,0
3.526618833,1,0
3.526619833,0,0
3.526621917,1,0
3.526622958,0,0
3.526625042,1,0
3.526626042,0,0
3.526628167,1,0
3.526629167,0,0
3.526631250,1,0
3.526632250,0,0
3.526634333,1,0
3.526635333,0,0
3.526637458,1,0
3.526638458,0,0
3.526640542,1,0
3.526641542,0,0
3.526643667,1,0
3.526644667,0,0
3.526646750,1,0
3.526647792,0,0
3.526649875,1,0
3.526650875,0,0
3.526652958,1,0
3.526653958,0,0
3.526656083,1,0
3.526657083,0,0
3.526659167,1,0
3.526660167,0,0
3.526662292,1,0
3.526663292,0,0
3.526664333,0,1
3.526665417,1,1
3.526666417,0,1
3.526667625,1,1
3.526668667,0,1
3.526670792,1,1
3.526671875,0,1
3.526672917,1,1
3.526673958,0,1
3.526675000,1,1
3.526676083,0,1
3.526677125,1,1
3.526678208,0,1
3.526679250,1,1
3.526680292,0,1
3.526680333,0,0
3.526681375,1,0
3.526682417,0,0
3.526682792,0,1
3.526683458,1,1
3.526684542,0,1
3.526685708,1,1
3.526686750,0,1
3.526687792,1,1
3.526688875,0,1
3.526689875,1,1
3.526690875,0,1
3.526691875,1,1
3.526692958,0,1
3.526694000,1,1
3.526695083,0,1
3.526696125,1,1
3.526697208,0,1
3.526698208,1,1
3.526699292,0,1
3.526700333,1,1
3.526701417,0,1
3.526702417,1,1
3.526703542,0,1
3.526704542,1,1
3.526705625,0,1
3.526706667,1,1
3.526707750,0,1
3.526708750,1,1
3.526709875,0,1
3.526710875,1,1
3.526711958,0,1
3.526713000,1,1
3.526714083,0,1
3.526715083,1,1
3.526716167,0,1
3.526717208,1,1
3.526718292,0,1
3.526719333,1,1
3.526720417,0,1
3.526721417,1,1
3.526722500,0,1
3.526723542,1,1
3.526724625,0,1
3.526725667,1,1
3.526726750,0,1
3.526727750,1,1
3.526728833,0,1
3.526729875,1,1
3.526730958,0,1
3.526731958,1,1
3.526733083,0,1
3.526734083,1,1
3.526735167,0,1
3.526736208,1,1
3.526737292,0,1
3.526738292,1,1
3.526739417,0,1
3.526740417,1,1
3.526741500,0,1
3.526742542,1,1
3.526743625,0,1
3.526744625,1,1
3.526745708,0,1
3.526746750,1,1
3.526747833,0,1
3.526748875,1,1
3.526749958,0,1
3.526750958,1,1
3.526752042,0,1
3.526753250,1,1
3.526754292,0,1
3.526755375,1,1
3.526756375,0,1
3.526758500,1,1
3.526759500,1,0
3.526760500,0,0
3.526762458,1,0
3.526763458,1,1
3.526766583,1,0
3.526767542,0,0
3.526769667,1,0
3.526770667,0,0
3.526772750,1,0
3.526773792,0,0
3.526774833,0,1
3.526775875,1,1
3.526776875,0,1
3.526777917,0,0
3.526779000,1,0
3.526779958,0,0
3.526782083,1,0
3.526783083,0,0
3.526785167,1,0
3.526786167,0,0
3.526787250,0,1
3.526788292,1,1
3.526789292,0,1
3.526790375,0,0
3.526791375,1,0
3.526792375,0,0
3.526794500,1,0
3.526795500,0,0
3.526797583,1,0
3.526798583,0,0
3.526800667,1,0
3.526801708,0,0
3.526803792,1,0
3.526804792,0,0
3.526806875,1,0
3.526807875,0,0
3.526810000,1,0
3.526811000,0,0
3.526813083,1,0
3.526814083,0,0
3.526816208,1,0
3.526817208,0,0
3.526819292,1,0
3.526820292,0,0
3.526822417,1,0
3.526823417,0,0
3.526825500,1,0
3.526826500,0,0
3.526828625,1,0
3.526829625,0,0
3.526831708,1,0
3.526832708,0,0
3.526834833,1,0
3.526835833,0,0
3.526837917,1,0
3.526838917,0,0
3.526841042,1,0
3.526842042,0,0
3.526844125,1,0
3.526845125,0,0
3.526847250,1,0
3.526848250,0,0
3.526850333,1,0
3.526851333,0,0
3.526853458,1,0
3.526854458,0,0
3.526856542,1,0
3.526857542,0,0
3.526859667,1,0
3.526860667,0,0
3.526862750,1,0
3.526863750,0,0
3.526865833,1,0
3.526866833,0,0
3.526868958,1,0
3.526869958,0,0
3.526872042,1,0
3.526873042,0,0
3.526875167,1,0
3.526876167,0,0
3.526878250,1,0
3.526879250,0,0
3.526881375,1,0
3.526882375,0,0
3.526884458,1,0
3.526885458,0,0
3.526887583,1,0
3.526888583,0,0
3.526890708,1,0
3.526891708,0,0
3.526892708,0,1
3.526893792,1,1
3.526894792,0,1
3.526896042,1,1
3.526897042,0,1
3.526899208,1,1
3.526900250,0,1
3.526901292,1,1
3.526902375,0,1
3.526903417,1,1
3.526904458,0,1
3.526905500,1,1
3.526906583,0,1
3.526907625,1,1
3.526908708,0,0
3.526909750,1,0
3.526910833,0,0
3.526911250,0,1
3.526911875,1,1
3.526912917,0,1
3.526914083,1,1
3.526915167,0,1
3.526916208,1,1
3.526917250,0,1
3.526918292,1,1
3.526919250,0,1
3.526920292,1,1
3.526921375,0,1
3.526922375,1,1
3.526923500,0,1
3.526924500,1,1
3.526925583,0,1
3.526926625,1,1
3.526927708,0,1
3.526928708,1,1
3.526929833,0,1
3.526930833,1,1
3.526931917,0,1
3.526932958,1,1
3.526934042,0,1
3.526935042,1,1
3.526936125,0,1
3.526937167,1,1
3.526938250,0,1
3.526939250,1,1
3.526940375,0,1
3.526941375,1,1
3.526942458,0,1
3.526943500,1,1
3.526944583,0,1
3.526945583,1,1
3.526946708,0,1
3.526947708,1,1
3.526948792,0,1
3.526949833,1,1
3.526950917,0,1
3.526951917,1,1
3.526953042,0,1
3.526954042,1,1
3.526955125,0,1
3.526956167,1,1
3.526957250,0,1
3.526958250,1,1
3.526959333,0,1
3.526960375,1,1
3.526961458,0,1
3.526962500,1,1
3.526963583,0,1
3.526964583,1,1
3.526965667,0,1
3.526966708,1,1
3.526967792,0,1
3.526968792,1,1
3.526969917,0,1
3.526970917,1,1
3.526972000,0,1
3.526973042,1,1
3.526974125,0,1
3.526975125,1,1
3.526976250,0,1
3.526977250,1,1
3.526978333,0,1
3.526979375,1,1
3.526980458,0,1
3.526981667,1,1
3.526982667,0,1
3.526983750,1,1
3.526984792,0,1
3.526986917,1,1
3.526987917,1,0
3.526988917,0,0
3.526990875,1,0
3.526991875,1,1
3.526994958,1,0
3.526995958,0,0
3.526998042,1,0
3.526999042,0,0
3.527001167,1,0
3.527002167,0,0
3.527003208,0,1
3.527004250,1,1
3.527005292,0,1
3.527006333,0,0
3.527007375,1,0
3.527008375,0,0
3.527010458,1,0
3.527011458,0,0
3.527013583,1,0
3.527014583,0,0
3.527015625,0,1
3.527016667,1,1
3.527017708,0,1
3.527018792,0,0
3.527019792,1,0
3.527020792,0,0
3.527022875,1,0
3.527023875,0,0
3.527025958,1,0
3.527027000,0,0
3.527029083,1,0
3.527030083,0,0
3.527032208,1,0
3.527033208,0,0
3.527035292,1,0
3.527036292,0,0
3.527038375,1,0
3.527039375,0,0
3.527041500,1,0
3.527042500,0,0
3.527044583,1,0
3.527045583,0,0
3.527047708,1,0
3.527048708,0,0
3.527050792,1,0
3.527051792,0,0
3.527053917,1,0
3.527054917,0,0
3.527057000,1,0
3.527058000,0,0
3.527060125,1,0
3.527061125,0,0
3.527063208,1,0
3.527064208,0,0
3.527066333,1,0
3.527067333,0,0
3.527069417,1,0
3.527070417,0,0
3.527072542,1,0
3.527073542,0,0
3.527075625,1,0
3.527076625,0,0
3.527078750,1,0
3.527079750,0,0
3.527081833,1,0
3.527082833,0,0
3.527084958,1,0
3.527085958,0,0
3.527088042,1,0
3.527089042,0,0
3.527091167,1,0
3.527092167,0,0
3.527094250,1,0
3.527095250,0,0
3.527097375,1,0
3.527098375,0,0
3.527100458,1,0
3.527101458,0,0
3.527103583,1,0
3.527104583,0,0
3.527106667,1,0
3.527107667,0,0
3.527109750,1,0
3.527110792,0,0
3.527112875,1,0
3.527113875,0,0
3.527115958,1,0
3.527117000,0,0
3.527119125,1,0
3.527120083,0,0
3.527121125,0,1
3.527122208,1,1
3.527123208,0,1
3.527124417,1,1
3.527125458,0,1
3.527127583,1,1
3.527128667,0,1
3.527129708,1,1
3.527130750,0,1
3.527131792,1,1
3.527132875,0,1
3.527133917,1,1
3.527135000,0,1
3.527136042,1,1
3.527137083,0,1
3.527137125,0,0
3.527138167,1,0
3.527139208,0,0
3.527139500,0,1
3.527140250,1,1
3.527141333,0,1
3.527142500,1,1
3.527143542,0,1
3.527144583,1,1
3.527145667,0,1
3.527146667,1,1
3.527147667,0,1
3.527148667,1,1
3.527149750,0,1
3.527150792,1,1
3.527151875,0,1
3.527152875,1,1
3.527154000,0,1
3.527155000,1,1
3.527156083,0,1
3.527157125,1,1
3.527158208,0,1
3.527159208,1,1
3.527160333,0,1
3.527161333,1,1
3.527162417,0,1
3.527163458,1,1
3.527164542,0,1
3.527165542,1,1
3.527166667,0,1
3.527167667,1,1
3.527168750,0,1
3.527169792,1,1
3.527170875,0,1
3.527171875,1,1
3.527173000,0,1
3.527174000,1,1
3.527175083,0,1
3.527176125,1,1
3.527177208,0,1
3.527178208,1,1
3.527179333,0,1
3.527180333,1,1
3.527181417,0,1
3.527182458,1,1
3.527183542,0,1
3.527184542,1,1
3.527185667,0,1
3.527186667,1,1
3.527187750,0,1
3.527188792,1,1
3.527189875,0,1
3.527190875,1,1
3.527191958,0,1
3.527193000,1,1
3.527194083,0,1
3.527195083,1,1
3.527196208,0,1
3.527197208,1,1
3.527198292,0,1
3.527199333,1,1
3.527200417,0,1
3.527201417,1,1
3.527202542,0,1
3.527203542,1,1
3.527204625,0,1
3.527205667,1,1
3.527206750,0,1
3.527207750,1,1
3.527208875,0,1
3.527210083,1,1
3.527211083,0,1
3.527212167,1,1
3.527213167,0,1
3.527215292,1,1
3.527216292,1,0
3.527217292,0,0
3.527219292,1,0
3.527220250,1,1
3.527223375,1,0
3.527224375,0,0
3.527226458,1,0
3.527227458,0,0
3.527229583,1,0
3.527230583,0,0
3.527231625,0,1
3.527232667,1,1
3.527233667,0,1
3.527234750,0,0
3.527235792,1,0
3.527236750,0,0
3.527238875,1,0
3.527239875,0,0
3.527241958,1,0
3.527243000,0,0
3.527244042,0,1
3.527245083,1,1
3.527246083,0,1
3.527247167,0,0
3.527248167,1,0
3.527249167,0,0
3.527251292,1,0
3.527252292,0,0
3.527254375,1,0
3.527255375,0,0
3.527257500,1,0
3.527258500,0,0
3.527260583,1,0
3.527261583,0,0
3.527263708,1,0
3.527264708,0,0
3.527266792,1,0
3.527267792,0,0
3.527269917,1,0
3.527270917,0,0
3.527273000,1,0
3.527274000,0,0
3.527276125,1,0
3.527277125,0,0
3.527279208,1,0
3.527280208,0,0
3.527282333,1,0
3.527283333,0,0
3.527285417,1,0
3.527286417,0,0
3.527288542,1,0
3.527289542,0,0
3.527291625,1,0
3.527292625,0,0
3.527294750,1,0
3.527295750,0,0
3.527297833,1,0
3.527298833,0,0
3.527300917,1,0
3.527301958,0,0
3.527304042,1,0
3.527305042,0,0
3.527307167,1,0
3.527308167,0,0
3.527310250,1,0
3.527311250,0,0
3.527313375,1,0
3.527314375,0,0
3.527316458,1,0
3.527317458,0,0
3.527319542,1,0
3.527320583,0,0
3.527322667,1,0
3.527323667,0,0
3.527325750,1,0
3.527326792,0,0
3.527328875,1,0
3.527329875,0,0
3.527331958,1,0
3.527333000,0,0
3.527335083,1,0
3.527336083,0,0
3.527338167,1,0
3.527339167,0,0
3.527341292,1,0
3.527342292,0,0
3.527344375,1,0
3.527345375,0,0
3.527347542,1,0
3.527348500,0,0
3.527349542,0,1
3.527350625,1,1
3.527351625,0,1
3.527352833,1,1
3.527353875,0,1
3.527356000,1,1
3.527357083,0,1
3.527358125,1,1
3.527359167,0,1
3.527360208,1,1
3.527361292,0,1
3.527362333,1,1
3.527363417,0,1
3.527364458,1,1
3.527365500,0,1
3.527365542,0,0
3.527366583,1,0
3.527367625,0,0
3.527367958,0,1
3.527368667,1,1
3.527369750,0,1
3.527370917,1,1
3.527371958,0,1
3.527373000,1,1
3.527374083,0,1
3.527375083,1,1
3.527376083,0,1
3.527377083,1,1
3.527378167,0,1
3.527379208,1,1
3.527380292,0,1
3.527381292,1,1
3.527382417,0,1
3.527383417,1,1
3.527384500,0,1
3.527385542,1,1
3.527386625,0,1
3.527387625,1,1
3.527388750,0,1
3.527389750,1,1
3.527390833,0,1
3.527391875,1,1
3.527392958,0,1
3.527393958,1,1
3.527395083,0,1
3.527396083,1,1
3.527397167,0,1
3.527398208,1,1
3.527399292,0,1
3.527400292,1,1
3.527401375,0,1
3.527402417,1,1
3.527403500,0,1
3.527404542,1,1
3.527405625,0,1
3.527406625,1,1
3.527407708,0,1
3.527408750,1,1
3.527409833,0,1
3.527410875,1,1
3.527411958,0,1
3.527412958,1,1
3.527414042,0,1
3.527415083,1,1
3.527416167,0,1
3.527417208,1,1
3.527418292,0,1
3.527419292,1,1
3.527420375,0,1
3.527421417,1,1
3.527422500,0,1
3.527423542,1,1
3.527424625,0,1
3.527425625,1,1
3.527426708,0,1
3.527427750,1,1
3.527428833,0,1
3.527429833,1,1
3.527430958,0,1
3.527431958,1,1
3.527433042,0,1
3.527434083,1,1
3.527435167,0,1
3.527436167,1,1
3.527437292,0,1
3.527438500,1,1
3.527439500,0,1
3.527440583,1,1
3.527441625,0,1
3.527443708,1,1
3.527444750,1,0
3.527445708,0,0
3.527447708,1,0
3.527448667,1,1
3.527451792,1,0
3.527452792,0,0
3.527454875,1,0
3.527455875,0,0
3.527458000,1,0
3.527459000,0,0
3.527460042,0,1
3.527461083,1,1
3.527462083,0,1
3.527463167,0,0
3.527464208,1,0
3.527465167,0,0
3.527467292,1,0
3.527468292,0,0
3.527470375,1,0
3.527471417,0,0
3.527472458,0,1
3.527473500,1,1
3.527474500,0,1
3.527475583,0,0
3.527476583,1,0
3.527477583,0,0
3.527479708,1,0
3.527480708,0,0
3.527482792,1,0
3.527483792,0,0
3.527485917,1,0
3.527486917,0,0
3.527489000,1,0
3.527490000,0,0
3.527492125,1,0
3.527493125,0,0
3.527495208,1,0
3.527496208,0,0
3.527498333,1,0
3.527499333,0,0
3.527501417,1,0
3.527502417,0,0
3.527504542,1,0
3.527505542,0,0
3.527507625,1,0
3.527508625,0,0
3.527510750,1,0
3.527511750,0,0
3.527513833,1,0
3.527514833,0,0
3.527516958,1,0
3.527517958,0,0
3.527520042,1,0
3.527521042,0,0
3.527523167,1,0
3.527524167,0,0
3.527526250,1,0
3.527527250,0,0
3.527529333,1,0
3.527530333,0,0
3.527532458,1,0
3.527533458,0,0
3.527535542,1,0
3.527536542,0,0
3.527538667,1,0
3.527539667,0,0
3.527541750,1,0
3.527542750,0,0
3.527544875,1,0
3.527545875,0,0
3.527547958,1,0
3.527548958,0,0
3.527551083,1,0
3.527552083,0,0
3.527554167,1,0
3.527555167,0,0
3.527557292,1,0
3.527558292,0,0
3.527560375,1,0
3.527561375,0,0
3.527563500,1,0
3.527564500,0,0
3.527566583,1,0
3.527567583,0,0
3.527569708,1,0
3.527570708,0,0
3.527572792,1,0
3.527573792,0,0
3.527575917,1,0
3.527576917,0,0
3.527577917,0,1
3.527579042,1,1
3.527580042,0,1
3.527581250,1,1
3.527582250,0,1
3.527584417,1,1
3.527585500,0,1
3.527586500,1,1
3.527587583,0,1
3.527588625,1,1
3.527589667,0,1
3.527590708,1,1
3.527591833,0,1
3.527592875,1,1
3.527593917,0,0
3.527594958,1,0
3.527596042,0,0
3.527596458,0,1
3.527597083,1,1
3.527598125,0,1
3.527599292,1,1
3.527600375,0,1
3.527601417,1,1
3.527602458,0,1
3.527603500,1,1
3.527604500,0,1
3.527605500,1,1
3.527606583,0,1
3.527607625,1,1
3.527608708,0,1
3.527609708,1,1
3.527610833,0,1
3.527611833,1,1
3.527612917,0,1
3.527613958,1,1
3.527615042,0,1
3.527616042,1,1
3.527617125,0,1
3.527618167,1,1
3.527619250,0,1
3.527620292,1,1
3.527621375,0,1
3.527622375,1,1
3.527623458,0,1
3.527624500,1,1
3.527625583,0,1
3.527626625,1,1
3.527627708,0,1
3.527628708,1,1
3.527629792,0,1
3.527630833,1,1
3.527631917,0,1
3.527632917,1,1
3.527634042,0,1
3.527635042,1,1
3.527636125,0,1
3.527637167,1,1
3.527638250,0,1
3.527639250,1,1
3.527640375,0,1
3.527641375,1,1
3.527642458,0,1
3.527643500,1,1
3.527644583,0,1
3.527645583,1,1
3.527646708,0,1
3.527647708,1,1
3.527648792,0,1
3.527649833,1,1
3.527650917,0,1
3.527651917,1,1
3.527653042,0,1
3.527654042,1,1
3.527655125,0,1
3.527656167,1,1
3.527657250,0,1
3.527658250,1,1
3.527659333,0,1
3.527660375,1,1
3.527661458,0,1
3.527662500,1,1
3.527663583,0,1
3.527664583,1,1
3.527665667,0,1
3.527666875,1,1
3.527667917,0,1
3.527669000,1,1
3.527670000,0,1
3.527672125,1,1
3.527673125,1,0
3.527674125,0,0
3.527676083,1,0
3.527677083,1,1
3.527680208,1,0
3.527681167,0,0
3.527683292,1,0
3.527684292,0,0
3.527686375,1,0
3.527687417,0,0
3.527688458,0,1
3.527689500,1,1
3.527690500,0,1
3.527691542,0,0
3.527692625,1,0
3.527693583,0,0
3.527695708,1,0
3.527696708,0,0
3.527698792,1,0
3.527699792,0,0
3.527700875,0,1
3.527701917,1,1
3.527702917,0,1
3.527704000,0,0
3.527705000,1,0
3.527706000,0,0
3.527708125,1,0
3.527709125,0,0
3.527711208,1,0
3.527712208,0,0
3.527714333,1,0
3.527715333,0,0
3.527717417,1,0
3.527718417,0,0
3.527720500,1,0
3.527721500,0,0
3.527723625,1,0
3.527724625,0,0
3.527726708,1,0
3.527727708,0,0
3.527729833,1,0
3.527730833,0,0
3.527732917,1,0
3.527733958,0,0
3.527736042,1,0
3.527737042,0,0
3.527739125,1,0
3.527740125,0,0
3.527742250,1,0
3.527743250,0,0
3.527745333,1,0
3.527746333,0,0
3.527748458,1,0
3.527749458,0,0
3.527751542,1,0
3.527752542,0,0
3.527754667,1,0
3.527755667,0,0
3.527757750,1,0
3.527758750,0,0
3.527760875,1,0
3.527761875,0,0
3.527763958,1,0
3.527764958,0,0
3.527767083,1,0
3.527768083,0,0
3.527770167,1,0
3.527771167,0,0
3.527773292,1,0
3.527774292,0,0
3.527776375,1,0
3.527777375,0,0
3.527779500,1,0
3.527780500,0,0
3.527782583,1,0
3.527783583,0,0
3.527785708,1,0
3.527786708,0,0
3.527788792,1,0
3.527789792,0,0
3.527791875,1,0
3.527792875,0,0
3.527795000,1,0
3.527796000,0,0
3.527798083,1,0
3.527799125,0,0
3.527801208,1,0
3.527802208,0,0
3.527804333,1,0
3.527805333,0,0
3.527806333,0,1
3.527807458,1,1
3.527808458,0,1
3.527809667,1,1
3.527810667,0,1
3.527812833,1,1
3.527813875,0,1
3.527814917,1,1
3.527816000,0,1
3.527817042,1,1
3.527818083,0,1
3.527819125,1,1
3.527820208,0,1
3.527821250,1,1
3.527822333,0,0
3.527823375,1,0
3.527824458,0,0
3.527824750,0,1
3.527825500,1,1
3.527826542,0,1
3.527827708,1,1
3.527828792,0,1
3.527829833,1,1
3.527830875,0,1
3.527831917,1,1
3.527832875,0,1
3.527833917,1,1
3.527835000,0,1
3.527836000,1,1
3.527837125,0,1
3.527838125,1,1
3.527839208,0,1
3.527840250,1,1
3.527841333,0,1
3.527842333,1,1
3.527843458,0,1
3.527844458,1,1
3.527845542,0,1
3.527846583,1,1
3.527847667,0,1
3.527848667,1,1
3.527849750,0,1
3.527850792,1,1
3.527851875,0,1
3.527852917,1,1
3.527854000,0,1
3.527855000,1,1
3.527856083,0,1
3.527857125,1,1
3.527858208,0,1
3.527859250,1,1
3.527860333,0,1
3.527861333,1,1
3.527862417,0,1
3.527863458,1,1
3.527864542,0,1
3.527865583,1,1
3.527866667,0,1
3.527867667,1,1
3.527868750,0,1
3.527869792,1,1
3.527870875,0,1
3.527871875,1,1
3.527873000,0,1
3.527874000,1,1
3.527875083,0,1
3.527876125,1,1
3.527877208,0,1
3.527878208,1,1
3.527879333,0,1
3.527880333,1,1
3.527881417,0,1
3.527882458,1,1
3.527883542,0,1
3.527884542,1,1
3.527885667,0,1
3.527886667,1,1
3.527887750,0,1
3.527888792,1,1
3.527889875,0,1
3.527890875,1,1
3.527891958,0,1
3.527893000,1,1
3.527894083,0,1
3.527895292,1,1
3.527896292,0,1
3.527897417,1,1
3.527898417,0,1
3.527900542,1,1
3.527901542,1,0
3.527902542,0,0
3.527904500,1,0
3.527905500,1,1
3.527908625,1,0
3.527909583,0,0
3.527911708,1,0
3.527912708,0,0
3.527914792,1,0
3.527915792,0,0
3.527916875,0,1
3.527917917,1,1
3.527918917,0,1
3.527919958,0,0
3.527921000,1,0
3.527922000,0,0
3.527924125,1,0
3.527925125,0,0
3.527927208,1,0
3.527928208,0,0
3.527929292,0,1
3.527930333,1,1
3.527931333,0,1
3.527932417,0,0
3.527933417,1,0
3.527934417,0,0
3.527936500,1,0
3.527937500,0,0
3.527939625,1,0
3.527940625,0,0
3.527942708,1,0
3.527943708,0,0
3.527945833,1,0
3.527946833,0,0
3.527948917,1,0
3.527949917,0,0
3.527952042,1,0
3.527953042,0,0
3.527955125,1,0
3.527956125,0,0
3.527958250,1,0
3.527959250,0,0
3.527961333,1,0
3.527962333,0,0
3.527964458,1,0
3.527965458,0,0
3.527967542,1,0
3.527968542,0,0
3.527970667,1,0
3.527971667,0,0
3.527973750,1,0
3.527974750,0,0
3.527976875,1,0
3.527977875,0,0
3.527979958,1,0
3.527980958,0,0
3.527983083,1,0
3.527984083,0,0
3.527986167,1,0
3.527987167,0,0
3.527989250,1,0
3.527990292,0,0
3.527992375,1,0
3.527993375,0,0
3.527995458,1,0
3.527996458,0,0
3.527998583,1,0
3.527999583,0,0
3.528001667,1,0
3.528002667,0,0
3.528004792,1,0
3.528005792,0,0
3.528007875,1,0
3.528008875,0,0
3.528011000,1,0
3.528012000,0,0
3.528014083,1,0
3.528015083,0,0
3.528017208,1,0
3.528018208,0,0
3.528020292,1,0
3.528021292,0,0
3.528023375,1,0
3.528024417,0,0
3.528026500,1,0
3.528027500,0,0
3.528029583,1,0
3.528030625,0,0
3.528032750,1,0
3.528033708,0,0
3.528034750,0,1
3.528035833,1,1
3.528036833,0,1
3.528038042,1,1
3.528039083,0,1
3.528041208,1,1
3.528042292,0,1
3.528043333,1,1
3.528044375,0,1
3.528045417,1,1
3.528046500,0,1
3.528047542,1,1
3.528048625,0,1
3.528049667,1,1
3.528050708,0,1
3.528050750,0,0
3.528051792,1,0
3.528052833,0,0
3.528053125,0,1
3.528053875,1,1
3.528054958,0,1
3.528056125,1,1
3.528057167,0,1
3.528058208,1,1
3.528059292,0,1
3.528060292,1,1
3.528061292,0,1
3.528062292,1,1
3.528063375,0,1
3.528064417,1,1
3.528065500,0,1
3.528066500,1,1
3.528067625,0,1
3.528068625,1,1
3.528069708,0,1
3.528070750,1,1
3.528071833,0,1
3.528072833,1,1
3.528073958,0,1
3.528074958,1,1
3.528076042,0,1
3.528077083,1,1
3.528078167,0,1
3.528079167,1,1
3.528080292,0,1
3.528081292,1,1
3.528082375,0,1
3.528083417,1,1
3.528084500,0,1
3.528085500,1,1
3.528086583,0,1
3.528087625,1,1
3.528088708,0,1
3.528089750,1,1
3.528090833,0,1
3.528091833,1,1
3.528092917,0,1
3.528093958,1,1
3.528095042,0,1
3.528096042,1,1
3.528097167,0,1
3.528098167,1,1
3.528099250,0,1
3.528100292,1,1
3.528101375,0,1
3.528102375,1,1
3.528103500,0,1
3.528104500,1,1
3.528105583,0,1
3.528106625,1,1
3.528107708,0,1
3.528108708,1,1
3.528109833,0,1
3.528110833,1,1
3.528111917,0,1
3.528112958,1,1
3.528114042,0,1
3.528115042,1,1
3.528116125,0,1
3.528117167,1,1
3.528118250,0,1
3.528119292,1,1
3.528120375,0,1
3.528121375,1,1
3.528122458,0,1
3.528123667,1,1
3.528124708,0,1
3.528125792,1,1
3.528126792,0,1
3.528128917,1,1
3.528129917,1,0
3.528130917,0,0
3.528132875,1,0
3.528133875,1,1
3.528137000,1,0
3.528138000,0,0
3.528140083,1,0
3.528141083,0,0
3.528143167,1,0
3.528144208,0,0
3.528145250,0,1
3.528146292,1,1
3.528147292,0,1
3.528148333,0,0
3.528149417,1,0
3.528150375,0,0
3.528152500,1,0
3.528153500,0,0
3.528155583,1,0
3.528156625,0,0
3.528157667,0,1
3.528158708,1,1
3.528159708,0,1
3.528160792,0,0
3.528161792,1,0
3.528162792,0,0
3.528164917,1,0
3.528165917,0,0
3.528168000,1,0
3.528169000,0,0
3.528171125,1,0
3.528172125,0,0
3.528174208,1,0
3.528175208,0,0
3.528177333,1,0
3.528178333,0,0
3.528180417,1,0
3.528181417,0,0
3.528183542,1,0
3.528184542,0,0
3.528186625,1,0
3.528187625,0,0
3.528189708,1,0
3.528190750,0,0
3.528192833,1,0
3.528193833,0,0
3.528195917,1,0
3.528196917,0,0
3.528199042,1,0
3.528200042,0,0
3.528202125,1,0
3.528203167,0,0
3.528205250,1,0
3.528206250,0,0
3.528208333,1,0
3.528209333,0,0
3.528211458,1,0
3.528212458,0,0
3.528214542,1,0
3.528215542,0,0
3.528217667,1,0
3.528218667,0,0
3.528220750,1,0
3.528221750,0,0
3.528223875,1,0
3.528224875,0,0
3.528226958,1,0
3.528227958,0,0
3.528230083,1,0
3.528231083,0,0
3.528233167,1,0
3.528234167,0,0
3.528236292,1,0
3.528237292,0,0
3.528239375,1,0
3.528240375,0,0
3.528242500,1,0
3.528243500,0,0
3.528245583,1,0
3.528246583,0,0
3.528248708,1,0
3.528249708,0,0
3.528251792,1,0
3.528252792,0,0
3.528254917,1,0
3.528255917,0,0
3.528258000,1,0
3.528259000,0,0
3.528261125,1,0
3.528262125,0,0
3.528263125,0,1
3.528264250,1,1
3.528265250,0,1
3.528266458,1,1
3.528267458,0,1
3.528269625,1,1
3.528270667,0,1
3.528271708,1,1
3.528272792,0,1
3.528273833,1,1
3.528274875,0,1
3.528275917,1,1
3.528277000,0,1
3.528278042,1,1
3.528279125,0,0
3.528280167,1,0
3.528281250,0,0
3.528281625,0,1
3.528282292,1,1
3.528283333,0,1
3.528284500,1,1
3.528285583,0,1
3.528286625,1,1
3.528287667,0,1
3.528288708,1,1
3.528289667,0,1
3.528290708,1,1
3.528291792,0,1
3.528292792,1,1
3.528293917,0,1
3.528294917,1,1
3.528296000,0,1
3.528297042,1,1
3.528298125,0,1
3.528299125,1,1
3.528300208,0,1
3.528301250,1,1
3.528302333,0,1
3.528303333,1,1
3.528304458,0,1
3.528305458,1,1
3.528306542,0,1
3.528307583,1,1
3.528308667,0,1
3.528309667,1,1
3.528310792,0,1
3.528311792,1,1
3.528312875,0,1
3.528313917,1,1
3.528315000,0,1
3.528316000,1,1
3.528317125,0,1
3.528318125,1,1
3.528319208,0,1
3.528320250,1,1
3.528321333,0,1
3.528322333,1,1
3.528323417,0,1
3.528324458,1,1
3.528325542,0,1
3.528326583,1,1
3.528327667,0,1
3.528328667,1,1
3.528329750,0,1
3.528330792,1,1
3.528331875,0,1
3.528332917,1,1
3.528334000,0,1
3.528335000,1,1
3.528336083,0,1
3.528337125,1,1
3.528338208,0,1
3.528339208,1,1
3.528340333,0,1
3.528341333,1,1
3.528342417,0,1
3.528343458,1,1
3.528344542,0,1
3.528345542,1,1
3.528346625,0,1
3.528347667,1,1
3.528348750,0,1
3.528349792,1,1
3.528350875,0,1
3.528352083,1,1
3.528353083,0,1
3.528354167,1,1
3.528355208,0,1
3.528357333,1,1
3.528358333,1,0
3.528359333,0,0
3.528361292,1,0
3.528362292,1,1
3.528365375,1,0
3.528366375,0,0
3.528368458,1,0
3.528369458,0,0
3.528371583,1,0
3.528372583,0,0
3.528373625,0,1
3.528374667,1,1
3.528375708,0,1
3.528376750,0,0
3.528377792,1,0
3.528378792,0,0
3.528380875,1,0
3.528381875,0,0
3.528384000,1,0
3.528385000,0,0
3.528386042,0,1
3.528387083,1,1
3.528388083,0,1
3.528389208,0,0
3.528390167,1,0
3.528391208,0,0
3.528393292,1,0
3.528394292,0,0
3.528396375,1,0
3.528397417,0,0
3.528399500,1,0
3.528400500,0,0
3.528402583,1,0
3.528403583,0,0
3.528405708,1,0
3.528406708,0,0
3.528408792,1,0
3.528409792,0,0
3.528411917,1,0
3.528412917,0,0
3.528415000,1,0
3.528416000,0,0
3.528418125,1,0
3.528419125,0,0
3.528421208,1,0
3.528422208,0,0
3.528424333,1,0
3.528425333,0,0
3.528427417,1,0
3.528428417,0,0
3.528430542,1,0
3.528431542,0,0
3.528433625,1,0
3.528434625,0,0
3.528436750,1,0
3.528437750,0,0
3.528439833,1,0
3.528440833,0,0
3.528442958,1,0
3.528443958,0,0
3.528446042,1,0
3.528447042,0,0
3.528449125,1,0
3.528450125,0,0
3.528452250,1,0
3.528453250,0,0
3.528455333,1,0
3.528456333,0,0
3.528458458,1,0
3.528459458,0,0
3.528461542,1,0
3.528462542,0,0
3.528464667,1,0
3.528465667,0,0
3.528467750,1,0
3.528468750,0,0
3.528470875,1,0
3.528471875,0,0
3.528473958,1,0
3.528474958,0,0
3.528477083,1,0
3.528478083,0,0
3.528480167,1,0
3.528481167,0,0
3.528483292,1,0
3.528484292,0,0
3.528486375,1,0
3.528487375,0,0
3.528489500,1,0
3.528490500,0,0
3.528491500,0,1
3.528492625,1,1
3.528493625,0,1
3.528494833,1,1
3.528495833,0,1
3.528498000,1,1
3.528499083,0,1
3.528500083,1,1
3.528501167,0,1
3.528502208,1,1
3.528503292,0,1
3.528504292,1,1
3.528505417,0,1
3.528506458,1,1
3.528507500,0,0
3.528508542,1,0
3.528509625,0,0
3.528510042,0,1
3.528510667,1,1
3.528511708,0,1
3.528512875,1,1
3.528513958,0,1
3.528515000,1,1
3.528516042,0,1
3.528517083,1,1
3.528518042,0,1
3.528519083,1,1
3.528520167,0,1
3.528521167,1,1
3.528522292,0,1
3.528523292,1,1
3.528524375,0,1
3.528525417,1,1
3.528526500,0,1
3.528527500,1,1
3.528528625,0,1
3.528529625,1,1
3.528530708,0,1
3.528531750,1,1
3.528532833,0,1
3.528533833,1,1
3.528534917,0,1
3.528535958,1,1
3.528537042,0,1
3.528538042,1,1
3.528539167,0,1
3.528540167,1,1
3.528541250,0,1
3.528542292,1,1
3.528543375,0,1
3.528544375,1,1
3.528545500,0,1
3.528546500,1,1
3.528547583,0,1
3.528548625,1,1
3.528549708,0,1
3.528550708,1,1
3.528551833,0,1
3.528552833,1,1
3.528553917,0,1
3.528554958,1,1
3.528556042,0,1
3.528557042,1,1
3.528558125,0,1
3.528559167,1,1
3.528560250,0,1
3.528561250,1,1
3.528562375,0,1
3.528563375,1,1
3.528564458,0,1
3.528565500,1,1
3.528566583,0,1
3.528567583,1,1
3.528568708,0,1
3.528569708,1,1
3.528570792,0,1
3.528571833,1,1
3.528572917,0,1
3.528573917,1,1
3.528575042,0,1
3.528576042,1,1
3.528577125,0,1
3.528578167,1,1
3.528579250,0,1
3.528580458,1,1
3.528581458,0,1
3.528582542,1,1
3.528583583,0,1
3.528585708,1,1
3.528586708,1,0
3.528587708,0,0
3.528589667,1,0
3.528590667,1,1
3.528593750,1,0
3.528594750,0,0
3.528596833,1,0
3.528597833,0,0
3.528599958,1,0
3.528600958,0,0
3.528602000,0,1
3.528603042,1,1
3.528604083,0,1
3.528605125,0,0
3.528606167,1,0
3.528607167,0,0
3.528609250,1,0
3.528610250,0,0
3.528612375,1,0
3.528613375,0,0
3.528614417,0,1
3.528615458,1,1
3.528616458,0,1
3.528617542,0,0
3.528618542,1,0
3.528619542,0,0
3.528621667,1,0
3.528622667,0,0
3.528624750,1,0
3.528625750,0,0
3.528627875,1,0
3.528628875,0,0
3.528630958,1,0
3.528631958,0,0
3.528634083,1,0
3.528635083,0,0
3.528637167,1,0
3.528638167,0,0
3.528640292,1,0
3.528641292,0,0
3.528643375,1,0
3.528644375,0,0
3.528646500,1,0
3.528647500,0,0
3.528649583,1,0
3.528650583,0,0
3.528652708,1,0
3.528653708,0,0
3.528655792,1,0
3.528656792,0,0
3.528658875,1,0
3.528659875,0,0
3.528662000,1,0
3.528663000,0,0
3.528665083,1,0
3.528666083,0,0
3.528668208,1,0
3.528669208,0,0
3.528671292,1,0
3.528672292,0,0
3.528674417,1,0
3.528675417,0,0
3.528677500,1,0
3.528678500,0,0
3.528680625,1,0
3.528681625,0,0
3.528683708,1,0
3.528684708,0,0
3.528686833,1,0
3.528687833,0,0
3.528689917,1,0
3.528690917,0,0
3.528693042,1,0
3.528694042,0,0
3.528696125,1,0
3.528697125,0,0
3.528699250,1,0
3.528700250,0,0
3.528702333,1,0
3.528703333,0,0
3.528705458,1,0
3.528706458,0,0
3.528708542,1,0
3.528709542,0,0
3.528711667,1,0
3.528712667,0,0
3.528714750,1,0
3.528715750,0,0
3.528717875,1,0
3.528718875,0,0
3.528719875,0,1
3.528721000,1,1
3.528722000,0,1
3.528723208,1,1
3.528724208,0,1
3.528726375,1,1
3.528727417,0,1
3.528728458,1,1
3.528729542,0,1
3.528730583,1,1
3.528731625,0,1
3.528732667,1,1
3.528733792,0,1
3.528734833,1,1
3.528735875,0,0
3.528736917,1,0
3.528738000,0,0
3.528738292,0,1
3.528739042,1,1
3.528740083,0,1
3.528741250,1,1
3.528742333,0,1
3.528743375,1,1
3.528744417,0,1
3.528745458,1,1
3.528746417,0,1
3.528747458,1,1
3.528748542,0,1
3.528749583,1,1
3.528750667,0,1
3.528751667,1,1
3.528752750,0,1
3.528753792,1,1
3.528754875,0,1
3.528755917,1,1
3.528757000,0,1
3.528758000,1,1
3.528759083,0,1
3.528760125,1,1
3.528761208,0,1
3.528762208,1,1
3.528763333,0,1
3.528764333,1,1
3.528765417,0,1
3.528766458,1,1
3.528767542,0,1
3.528768542,1,1
3.528769625,0,1
3.528770667,1,1
3.528771750,0,1
3.528772792,1,1
3.528773875,0,1
3.528774875,1,1
3.528776000,0,1
3.528777000,1,1
3.528778083,0,1
3.528779125,1,1
3.528780208,0,1
3.528781208,1,1
3.528782333,0,1
3.528783333,1,1
3.528784417,0,1
3.528785458,1,1
3.528786542,0,1
3.528787542,1,1
3.528788625,0,1
3.528789667,1,1
3.528790750,0,1
3.528791792,1,1
3.528792875,0,1
3.528793875,1,1
3.528794958,0,1
3.528796000,1,1
3.528797083,0,1
3.528798125,1,1
3.528799208,0,1
3.528800208,1,1
3.528801292,0,1
3.528802333,1,1
3.528803417,0,1
3.528804417,1,1
3.528805542,0,1
3.528806542,1,1
3.528807625,0,1
3.528808833,1,1
3.528809875,0,1
3.528810958,1,1
3.528811958,0,1
3.528814083,1,1
3.528815083,1,0
3.528816083,0,0
3.528818042,1,0
3.528819042,1,1
3.528822167,1,0
3.528823125,0,0
3.528825250,1,0
3.528826250,0,0
3.528828333,1,0
3.528829375,0,0
3.528830417,0,1
3.528831458,1,1
3.528832458,0,1
3.528833500,0,0
3.528834583,1,0
3.528835542,0,0
3.528837667,1,0
3.528838667,0,0
3.528840750,1,0
3.528841750,0,0
3.528842833,0,1
3.528843875,1,1
3.528844875,0,1
3.528845958,0,0
3.528846958,1,0
3.528847958,0,0
3.528850083,1,0
3.528851083,0,0
3.528853167,1,0
3.528854167,0,0
3.528856250,1,0
3.528857292,0,0
3.528859375,1,0
3.528860375,0,0
3.528862458,1,0
3.528863500,0,0
3.528865583,1,0
3.528866583,0,0
3.528868667,1,0
3.528869667,0,0
3.528871792,1,0
3.528872792,0,0
3.528874875,1,0
3.528875875,0,0
3.528878000,1,0
3.528879000,0,0
3.528881083,1,0
3.528882083,0,0
3.528884208,1,0
3.528885208,0,0
3.528887292,1,0
3.528888292,0,0
3.528890417,1,0
3.528891417,0,0
3.528893500,1,0
3.528894500,0,0
3.528896625,1,0
3.528897625,0,0
3.528899708,1,0
3.528900708,0,0
3.528902833,1,0
3.528903833,0,0
3.528905917,1,0
3.528906917,0,0
3.528909042,1,0
3.528910042,0,0
3.528912125,1,0
3.528913125,0,0
3.528915250,1,0
3.528916250,0,0
3.528918333,1,0
3.528919333,0,0
3.528921458,1,0
3.528922458,0,0
3.528924542,1,0
3.528925542,0,0
3.528927667,1,0
3.528928667,0,0
3.528930750,1,0
3.528931750,0,0
3.528933875,1,0
3.528934875,0,0
3.528936958,1,0
3.528937958,0,0
3.528940042,1,0
3.528941042,0,0
3.528943167,1,0
3.528944167,0,0
3.528946292,1,0
3.528947292,0,0
3.528948292,0,1
3.528949417,1,1
3.528950417,0,1
3.528951625,1,1
3.528952625,0,1
3.528954792,1,1
3.528955833,0,1
3.528956875,1,1
3.528957958,0,1
3.528959000,1,1
3.528960042,0,1
3.528961083,1,1
3.528962167,0,1
3.528963208,1,1
3.528964292,0,0
3.528965333,1,0
3.528966417,0,0
3.528966750,0,1
3.528967458,1,1
3.528968500,0,1
3.528969667,1,1
3.528970750,0,1
3.528971792,1,1
3.528972833,0,1
3.528973875,1,1
3.528974833,0,1
3.528975875,1,1
3.528976958,0,1
3.528977958,1,1
3.528979083,0,1
3.528980083,1,1
3.528981167,0,1
3.528982208,1,1
3.528983292,0,1
3.528984292,1,1
3.528985417,0,1
3.528986417,1,1
3.528987500,0,1
3.528988542,1,1
3.528989625,0,1
3.528990625,1,1
3.528991750,0,1
3.528992750,1,1
3.528993833,0,1
3.528994875,1,1
3.528995958,0,1
3.528996958,1,1
3.528998083,0,1
3.528999083,1,1
3.529000167,0,1
3.529001208,1,1
3.529002292,0,1
3.529003292,1,1
3.529004375,0,1
3.529005417,1,1
3.529006500,0,1
3.529007500,1,1
3.529008625,0,1
3.529009625,1,1
3.529010708,0,1
3.529011750,1,1
3.529012833,0,1
3.529013833,1,1
3.529014958,0,1
3.529015958,1,1
3.529017042,0,1
3.529018083,1,1
3.529019167,0,1
3.529020167,1,1
3.529021292,0,1
3.529022292,1,1
3.529023375,0,1
3.529024417,1,1
3.529025500,0,1
3.529026500,1,1
3.529027583,0,1
3.529028625,1,1
3.529029708,0,1
3.529030750,1,1
3.529031833,0,1
3.529032833,1,1
3.529033917,0,1
3.529034958,1,1
3.529036042,0,1
3.529037250,1,1
3.529038250,0,1
3.529039375,1,1
3.529040375,0,1
3.529042500,1,1
3.529043500,1,0
3.529044500,0,0
3.529046458,1,0
3.529047458,1,1
3.529050542,1,0
3.529051542,0,0
3.529053625,1,0
3.529054667,0,0
3.529056750,1,0
3.529057750,0,0
3.529058833,0,1
3.529059875,1,1
3.529060875,0,1
3.529061917,0,0
3.529062958,1,0
3.529063958,0,0
3.529066042,1,0
3.529067083,0,0
3.529069167,1,0
3.529070167,0,0
3.529071250,0,1
3.529072292,1,1
3.529073292,0,1
3.529074375,0,0
3.529075375,1,0
3.529076375,0,0
3.529078458,1,0
3.529079500,0,0
3.529081583,1,0
3.529082583,0,0
3.529084667,1,0
3.529085667,0,0
3.529087792,1,0
3.529088792,0,0
3.529090875,1,0
3.529091875,0,0
3.529094000,1,0
3.529095000,0,0
3.529097083,1,0
3.529098083,0,0
3.529100208,1,0
3.529101208,0,0
3.529103292,1,0
3.529104292,0,0
3.529106417,1,0
3.529107417,0,0
3.529109500,1,0
3.529110500,0,0
3.529112625,1,0
3.529113625,0,0
3.529115708,1,0
3.529116708,0,0
3.529118833,1,0
3.529119833,0,0
3.529121917,1,0
3.529122917,0,0
3.529125042,1,0
3.529126042,0,0
3.529128125,1,0
3.529129125,0,0
3.529131250,1,0
3.529132250,0,0
3.529134333,1,0
3.529135333,0,0
3.529137458,1,0
3.529138458,0,0
3.529140542,1,0
3.529141542,0,0
3.529143667,1,0
3.529144667,0,0
3.529146750,1,0
3.529147750,0,0
3.529149875,1,0
3.529150875,0,0
3.529152958,1,0
3.529153958,0,0
3.529156083,1,0
3.529157083,0,0
3.529159167,1,0
3.529160167,0,0
3.529162250,1,0
3.529163292,0,0
3.529165375,1,0
3.529166375,0,0
3.529168458,1,0
3.529169500,0,0
3.529171583,1,0
3.529172583,0,0
3.529174708,1,0
3.529175708,0,0
3.529176708,0,1
3.529177792,1,1
3.529178792,0,1
3.529180042,1,1
3.529181042,0,1
3.529183208,1,1
3.529184250,0,1
3.529185292,1,1
3.529186375,0,1
3.529187417,1,1
3.529188458,0,1
3.529189500,1,1
3.529190583,0,1
3.529191625,1,1
3.529192708,0,0
3.529193750,1,0
3.529194833,0,0
3.529195250,0,1
3.529195875,1,1
3.529196917,0,1
3.529198083,1,1
3.529199167,0,1
3.529200208,1,1
3.529201250,0,1
3.529202292,1,1
3.529203250,0,1
3.529204292,1,1
3.529205375,0,1
3.529206375,1,1
3.529207500,0,1
3.529208500,1,1
3.529209583,0,1
3.529210625,1,1
3.529211708,0,1
3.529212708,1,1
3.529213792,0,1
3.529214833,1,1
3.529215917,0,1
3.529216958,1,1
3.529218042,0,1
3.529219042,1,1
3.529220125,0,1
3.529221167,1,1
3.529222250,0,1
3.529223250,1,1
3.529224375,0,1
3.529225375,1,1
3.529226458,0,1
3.529227500,1,1
3.529228583,0,1
3.529229583,1,1
3.529230708,0,1
3.529231708,1,1
3.529232792,0,1
3.529233833,1,1
3.529234917,0,1
3.529235917,1,1
3.529237000,0,1
3.529238042,1,1
3.529239125,0,1
3.529240167,1,1
3.529241250,0,1
3.529242250,1,1
3.529243333,0,1
3.529244375,1,1
3.529245458,0,1
3.529246458,1,1
3.529247583,0,1
3.529248583,1,1
3.529249667,0,1
3.529250708,1,1
3.529251792,0,1
3.529252792,1,1
3.529253917,0,1
3.529254917,1,1
3.529256000,0,1
3.529257042,1,1
3.529258125,0,1
3.529259125,1,1
3.529260208,0,1
3.529261250,1,1
3.529262333,0,1
3.529263375,1,1
3.529264458,0,1
3.529265667,1,1
3.529266667,0,1
3.529267750,1,1
3.529268792,0,1
3.529270875,1,1
3.529271917,1,0
3.529272875,0,0
3.529274875,1,0
3.529275833,1,1
3.529278958,1,0
3.529279958,0,0
3.529282042,1,0
3.529283042,0,0
3.529285167,1,0
3.529286167,0,0
3.529287208,0,1
3.529288250,1,1
3.529289292,0,1
3.529290333,0,0
3.529291375,1,0
3.529292375,0,0
3.529294458,1,0
3.529295458,0,0
3.529297583,1,0
3.529298583,0,0
3.529299625,0,1
3.529300667,1,1
3.529301667,0,1
3.529302750,0,0
3.529303750,1,0
3.529304750,0,0
3.529306875,1,0
3.529307875,0,0
3.529309958,1,0
3.529310958,0,0
3.529313083,1,0
3.529314083,0,0
3.529316167,1,0
3.529317167,0,0
3.529319292,1,0
3.529320292,0,0
3.529322375,1,0
3.529323375,0,0
3.529325500,1,0
3.529326500,0,0
3.529328583,1,0
3.529329583,0,0
3.529331708,1,0
3.529332708,0,0
3.529334792,1,0
3.529335792,0,0
3.529337917,1,0
3.529338917,0,0
3.529341000,1,0
3.529342000,0,0
3.529344083,1,0
3.529345125,0,0
3.529347208,1,0
3.529348208,0,0
3.529350292,1,0
3.529351333,0,0
3.529353417,1,0
3.529354417,0,0
3.529356500,1,0
3.529357500,0,0
3.529359625,1,0
3.529360625,0,0
3.529362708,1,0
3.529363708,0,0
3.529365833,1,0
3.529366833,0,0
3.529368917,1,0
3.529369917,0,0
3.529372042,1,0
3.529373042,0,0
3.529375125,1,0
3.529376125,0,0
3.529378250,1,0
3.529379250,0,0
3.529381333,1,0
3.529382333,0,0
3.529384458,1,0
3.529385458,0,0
3.529387542,1,0
3.529388542,0,0
3.529390667,1,0
3.529391667,0,0
3.529393750,1,0
3.529394750,0,0
3.529396833,1,0
3.529397875,0,0
3.529399958,1,0
3.529400958,0,0
3.529403083,1,0
3.529404083,0,0
3.529405083,0,1
3.529406208,1,1
3.529407208,0,1
3.529408417,1,1
3.529409417,0,1
3.529411583,1,1
3.529412625,0,1
3.529413667,1,1
3.529414750,0,1
3.529415792,1,1
3.529416833,0,1
3.529417875,1,1
3.529418958,0,1
3.529420000,1,1
3.529421083,0,0
3.529422125,1,0
3.529423208,0,0
3.529423500,0,1
3.529424208,1,1
3.529425292,0,1
3.529426458,1,1
3.529427542,0,1
3.529428542,1,1
3.529429625,0,1
3.529430625,1,1
3.529431625,0,1
3.529432625,1,1
3.529433750,0,1
3.529434750,1,1
3.529435833,0,1
3.529436875,1,1
3.529437958,0,1
3.529438958,1,1
3.529440083,0,1
3.529441083,1,1
3.529442167,0,1
3.529443208,1,1
3.529444292,0,1
3.529445292,1,1
3.529446375,0,1
3.529447417,1,1
3.529448500,0,1
3.529449500,1,1
3.529450625,0,1
3.529451625,1,1
3.529452708,0,1
3.529453750,1,1
3.529454833,0,1
3.529455833,1,1
3.529456958,0,1
3.529457958,1,1
3.529459042,0,1
3.529460083,1,1
3.529461167,0,1
3.529462167,1,1
3.529463292,0,1
3.529464292,1,1
3.529465375,0,1
3.529466417,1,1
3.529467500,0,1
3.529468500,1,1
3.529469583,0,1
3.529470625,1,1
3.529471708,0,1
3.529472750,1,1
3.529473833,0,1
3.529474833,1,1
3.529475917,0,1
3.529476958,1,1
3.529478042,0,1
3.529479042,1,1
3.529480167,0,1
3.529481167,1,1
3.529482250,0,1
3.529483292,1,1
3.529484375,0,1
3.529485375,1,1
3.529486500,0,1
3.529487500,1,1
3.529488583,0,1
3.529489625,1,1
3.529490708,0,1
3.529491708,1,1
3.529492833,0,1
3.529494042,1,1
3.529495042,0,1
3.529496125,1,1
3.529497167,0,1
3.529499250,1,1
3.529500292,1,0
3.529501250,0,0
3.529503250,1,0
3.529504208,1,1
3.529507333,1,0
3.529508333,0,0
3.529510417,1,0
3.529511417,0,0
3.529513542,1,0
3.529514542,0,0
3.529515583,0,1
3.529516625,1,1
3.529517625,0,1
3.529518708,0,0
3.529519750,1,0
3.529520708,0,0
3.529522833,1,0
3.529523833,0,0
3.529525958,1,0
3.529526958,0,0
3.529528000,0,1
3.529529042,1,1
3.529530042,0,1
3.529531125,0,0
3.529532125,1,0
3.529533125,0,0
3.529535250,1,0
3.529536250,0,0
3.529538333,1,0
3.529539333,0,0
3.529541458,1,0
3.529542458,0,0
3.529544542,1,0
3.529545542,0,0
3.529547667,1,0
3.529548667,0,0
3.529550750,1,0
3.529551750,0,0
3.529553875,1,0
3.529554875,0,0
3.529556958,1,0
3.529557958,0,0
3.529560083,1,0
3.529561083,0,0
3.529563167,1,0
3.529564167,0,0
3.529566292,1,0
3.529567292,0,0
3.529569375,1,0
3.529570375,0,0
3.529572500,1,0
3.529573500,0,0
3.529575583,1,0
3.529576583,0,0
3.529578667,1,0
3.529579667,0,0
3.529581792,1,0
3.529582792,0,0
3.529584875,1,0
3.529585875,0,0
3.529588000,1,0
3.529589000,0,0
3.529591083,1,0
3.529592083,0,0
3.529594208,1,0
3.529595208,0,0
3.529597292,1,0
3.529598292,0,0
3.529600417,1,0
3.529601417,0,0
3.529603500,1,0
3.529604500,0,0
3.529606625,1,0
3.529607625,0,0
3.529609708,1,0
3.529610708,0,0
3.529612833,1,0
3.529613833,0,0
3.529615917,1,0
3.529616917,0,0
3.529619042,1,0
3.529620042,0,0
3.529622125,1,0
3.529623125,0,0
3.529625208,1,0
3.529626208,0,0
3.529628333,1,0
3.529629333,0,0
3.529631458,1,0
3.529632458,0,0
3.529633458,0,1
3.529634583,1,1
3.529635583,0,1
3.529636792,1,1
3.529637792,0,1
3.529639958,1,1
3.529641000,0,1
3.529642042,1,1
3.529643125,0,1
3.529644167,1,1
3.529645208,0,1
3.529646250,1,1
3.529647333,0,1
3.529648375,1,1
3.529649458,0,0
3.529650500,1,0
3.529651583,0,0
3.529651875,0,1
3.529652625,1,1
3.529653667,0,1
3.529654833,1,1
3.529655917,0,1
3.529656958,1,1
3.529658000,0,1
3.529659042,1,1
3.529660000,0,1
3.529661042,1,1
3.529662125,0,1
3.529663125,1,1
3.529664250,0,1
3.529665250,1,1
3.529666333,0,1
3.529667375,1,1
3.529668458,0,1
3.529669458,1,1
3.529670583,0,1
3.529671583,1,1
3.529672667,0,1
3.529673708,1,1
3.529674792,0,1
3.529675792,1,1
3.529676917,0,1
3.529677917,1,1
3.529679000,0,1
3.529680042,1,1
3.529681125,0,1
3.529682125,1,1
3.529683250,0,1
3.529684250,1,1
3.529685333,0,1
3.529686375,1,1
3.529687458,0,1
3.529688458,1,1
3.529689542,0,1
3.529690583,1,1
3.529691667,0,1
3.529692708,1,1
3.529693792,0,1
3.529694792,1,1
3.529695917,0,1
3.529696917,1,1
3.529698000,0,1
3.529699042,1,1
3.529700125,0,1
3.529701125,1,1
3.529702250,0,1
3.529703250,1,1
3.529704333,0,1
3.529705375,1,1
3.529706458,0,1
3.529707458,1,1
3.529708542,0,1
3.529709583,1,1
3.529710667,0,1
3.529711667,1,1
3.529712792,0,1
3.529713792,1,1
3.529714875,0,1
3.529715917,1,1
3.529717000,0,1
3.529718000,1,1
3.529719125,0,1
3.529720125,1,1
3.529721208,0,1
3.529722417,1,1
3.529723458,0,1
3.529724542,1,1
3.529725542,0,1
3.529727667,1,1
3.529728667,1,0
3.529729667,0,0
3.529731625,1,0
3.529732625,1,1
3.529735750,1,0
3.529736708,0,0
3.529738792,1,0
3.529739833,0,0
3.529741917,1,0
3.529742917,0,0
3.529744000,0,1
3.529745042,1,1
3.529746042,0,1
3.529747083,0,0
3.529748125,1,0
3.529749125,0,0
3.529751208,1,0
3.529752250,0,0
3.529754333,1,0
3.529755333,0,0
3.529756375,0,1
3.529757458,1,1
3.529758458,0,1
3.529759542,0,0
3.529760542,1,0
3.529761542,0,0
3.529763625,1,0
3.529764625,0,0
3.529766750,1,0
3.529767750,0,0
3.529769833,1,0
3.529770833,0,0
3.529772958,1,0
3.529773958,0,0
3.529776042,1,0
3.529777042,0,0
3.529779125,1,0
3.529780167,0,0
3.529782250,1,0
3.529783250,0,0
3.529785333,1,0
3.529786375,0,0
3.529788458,1,0
3.529789458,0,0
3.529791542,1,0
3.529792542,0,0
3.529794667,1,0
3.529795667,0,0
3.529797750,1,0
3.529798750,0,0
3.529800875,1,0
3.529801875,0,0
3.529803958,1,0
3.529804958,0,0
3.529807083,1,0
3.529808083,0,0
3.529810167,1,0
3.529811167,0,0
3.529813292,1,0
3.529814292,0,0
3.529816375,1,0
3.529817375,0,0
3.529819500,1,0
3.529820500,0,0
3.529822583,1,0
3.529823583,0,0
3.529825667,1,0
3.529826708,0,0
3.529828792,1,0
3.529829792,0,0
3.529831875,1,0
3.529832875,0,0
3.529835000,1,0
3.529836000,0,0
3.529838083,1,0
3.529839083,0,0
3.529841208,1,0
3.529842208,0,0
3.529844292,1,0
3.529845333,0,0
3.529847417,1,0
3.529848417,0,0
3.529850500,1,0
3.529851500,0,0
3.529853625,1,0
3.529854625,0,0
3.529856708,1,0
3.529857708,0,0
3.529859833,1,0
3.529860833,0,0
3.529861875,0,1
3.529862958,1,1
3.529863958,0,1
3.529865167,1,1
3.529866208,0,1
3.529868333,1,1
3.529869417,0,1
3.529870458,1,1
3.529871500,0,1
3.529872542,1,1
3.529873625,0,1
3.529874625,1,1
3.529875750,0,1
3.529876792,1,1
3.529877833,0,0
3.529878875,1,0
3.529879958,0,0
3.529880333,0,1
3.529881000,1,1
3.529882042,0,1
3.529883208,1,1
3.529884292,0,1
3.529885333,1,1
3.529886417,0,1
3.529887417,1,1
3.529888417,0,1
3.529889417,1,1
3.529890500,0,1
3.529891542,1,1
3.529892625,0,1
3.529893625,1,1
3.529894750,0,1
3.529895750,1,1
3.529896833,0,1
3.529897875,1,1
3.529898958,0,1
3.529899958,1,1
3.529901042,0,1
3.529902083,1,1
3.529903167,0,1
3.529904167,1,1
3.529905292,0,1
3.529906292,1,1
3.529907375,0,1
3.529908417,1,1
3.529909500,0,1
3.529910500,1,1
3.529911625,0,1
3.529912625,1,1
3.529913708,0,1
3.529914750,1,1
3.529915833,0,1
3.529916833,1,1
3.529917958,0,1
3.529918958,1,1
3.529920042,0,1
3.529921083,1,1
3.529922167,0,1
3.529923167,1,1
3.529924250,0,1
3.529925292,1,1
3.529926375,0,1
3.529927417,1,1
3.529928500,0,1
3.529929500,1,1
3.529930583,0,1
3.529931625,1,1
3.529932708,0,1
3.529933708,1,1
3.529934833,0,1
3.529935833,1,1
3.529936917,0,1
3.529937958,1,1
3.529939042,0,1
3.529940042,1,1
3.529941167,0,1
3.529942167,1,1
3.529943250,0,1
3.529944292,1,1
3.529945375,0,1
3.529946375,1,1
3.529947500,0,1
3.529948500,1,1
3.529949583,0,1
3.529950792,1,1
3.529951833,0,1
3.529952917,1,1
3.529953917,0,1
3.529956042,1,1
3.529957042,1,0
3.529958042,0,0
3.529960000,1,0
3.529961000,1,1
3.529964125,1,0
3.529965083,0,0
3.529967208,1,0
3.529968208,0,0
3.529970292,1,0
3.529971292,0,0
3.529972375,0,1
3.529973417,1,1
3.529974417,0,1
3.529975458,0,0
3.529976542,1,0
3.529977500,0,0
3.529979625,1,0
3.529980625,0,0
3.529982708,1,0
3.529983708,0,0
3.529984792,0,1
3.529985833,1,1
3.529986833,0,1
3.529987917,0,0
3.529988917,1,0
3.529989917,0,0
3.529992000,1,0
3.529993042,0,0
3.529995125,1,0
3.529996125,0,0
3.529998208,1,0
3.529999250,0,0
3.530001333,1,0
3.530002333,0,0
3.530004417,1,0
3.530005417,0,0
3.530007542,1,0
3.530008542,0,0
3.530010625,1,0
3.530011625,0,0
3.530013750,1,0
3.530014750,0,0
3.530016833,1,0
3.530017833,0,0
3.530019958,1,0
3.530020958,0,0
3.530023042,1,0
3.530024042,0,0
3.530026167,1,0
3.530027167,0,0
3.530029250,1,0
3.530030250,0,0
3.530032375,1,0
3.530033375,0,0
3.530035458,1,0
3.530036458,0,0
3.530038583,1,0
3.530039583,0,0
3.530041667,1,0
3.530042667,0,0
3.530044750,1,0
3.530045792,0,0
3.530047875,1,0
3.530048875,0,0
3.530050958,1,0
3.530051958,0,0
3.530054083,1,0
3.530055083,0,0
3.530057167,1,0
3.530058167,0,0
3.530060292,1,0
3.530061292,0,0
3.530063375,1,0
3.530064375,0,0
3.530066500,1,0
3.530067500,0,0
3.530069583,1,0
3.530070583,0,0
3.530072708,1,0
3.530073708,0,0
3.530075792,1,0
3.530076792,0,0
3.530078917,1,0
3.530079917,0,0
3.530082000,1,0
3.530083000,0,0
3.530085125,1,0
3.530086125,0,0
3.530088250,1,0
3.530089208,0,0
3.530090250,0,1
3.530091333,1,1
3.530092333,0,1
3.530093583,1,1
3.530094583,0,1
3.530096750,1,1
3.530097792,0,1
3.530098833,1,1
3.530099917,0,1
3.530100958,1,1
3.530102000,0,1
3.530103042,1,1
3.530104125,0,1
3.530105167,1,1
3.530106250,0,0
3.530107292,1,0
3.530108375,0,0
3.530108708,0,1
3.530109375,1,1
3.530110458,0,1
3.530111625,1,1
3.530112708,0,1
3.530113750,1,1
3.530114792,0,1
3.530115833,1,1
3.530116792,0,1
3.530117833,1,1
3.530118917,0,1
3.530119917,1,1
3.530121000,0,1
3.530122042,1,1
3.530123125,0,1
3.530124167,1,1
3.530125250,0,1
3.530126250,1,1
3.530127333,0,1
3.530128375,1,1
3.530129458,0,1
3.530130458,1,1
3.530131583,0,1
3.530132583,1,1
3.530133667,0,1
3.530134708,1,1
3.530135792,0,1
3.530136792,1,1
3.530137917,0,1
3.530138917,1,1
3.530140000,0,1
3.530141042,1,1
3.530142125,0,1
3.530143125,1,1
3.530144250,0,1
3.530145250,1,1
3.530146333,0,1
3.530147375,1,1
3.530148458,0,1
3.530149458,1,1
3.530150583,0,1
3.530151583,1,1
3.530152667,0,1
3.530153708,1,1
3.530154792,0,1
3.530155792,1,1
3.530156875,0,1
3.530157917,1,1
3.530159000,0,1
3.530160042,1,1
3.530161125,0,1
3.530162125,1,1
3.530163208,0,1
3.530164250,1,1
3.530165333,0,1
3.530166375,1,1
3.530167458,0,1
3.530168458,1,1
3.530169542,0,1
3.530170583,1,1
3.530171667,0,1
3.530172708,1,1
3.530173792,0,1
3.530174792,1,1
3.530175875,0,1
3.530176917,1,1
3.530178000,0,1
3.530179208,1,1
3.530180208,0,1
3.530181333,1,1
3.530182333,0,1
3.530184458,1,1
3.530185458,1,0
3.530186458,0,0
3.530188417,1,0
3.530189417,1,1
3.530192500,1,0
3.530193500,0,0
3.530195583,1,0
3.530196583,0,0
3.530198708,1,0
3.530199708,0,0
3.530200750,0,1
3.530201833,1,1
3.530202833,0,1
3.530203875,0,0
3.530204917,1,0
3.530205917,0,0
3.530208000,1,0
3.530209042,0,0
3.530211125,1,0
3.530212125,0,0
3.530213167,0,1
3.530214250,1,1
3.530215250,0,1
3.530216333,0,0
3.530217333,1,0
3.530218333,0,0
3.530220417,1,0
3.530221417,0,0
3.530223542,1,0
3.530224542,0,0
3.530226625,1,0
3.530227625,0,0
3.530229750,1,0
3.530230750,0,0
3.530232833,1,0
3.530233833,0,0
3.530235958,1,0
3.530236958,0,0
3.530239042,1,0
3.530240042,0,0
3.530242167,1,0
3.530243167,0,0
3.530245250,1,0
3.530246250,0,0
3.530248375,1,0
3.530249375,0,0
3.530251458,1,0
3.530252458,0,0
3.530254583,1,0
3.530255583,0,0
3.530257667,1,0
3.530258667,0,0
3.530260750,1,0
3.530261750,0,0
3.530263875,1,0
3.530264875,0,0
3.530266958,1,0
3.530267958,0,0
3.530270083,1,0
3.530271083,0,0
3.530273167,1,0
3.530274208,0,0
3.530276292,1,0
3.530277292,0,0
3.530279375,1,0
3.530280375,0,0
3.530282500,1,0
3.530283500,0,0
3.530285583,1,0
3.530286583,0,0
3.530288708,1,0
3.530289708,0,0
3.530291792,1,0
3.530292792,0,0
3.530294917,1,0
3.530295917,0,0
3.530298000,1,0
3.530299042,0,0
3.530301125,1,0
3.530302125,0,0
3.530304208,1,0
3.530305208,0,0
3.530307333,1,0
3.530308333,0,0
3.530310417,1,0
3.530311417,0,0
3.530313542,1,0
3.530314542,0,0
3.530316667,1,0
3.530317667,0,0
3.530318667,0,1
3.530319750,1,1
3.530320792,0,1
3.530322000,1,1
3.530323000,0,1
3.530325167,1,1
3.530326208,0,1
3.530327250,1,1
3.530328333,0,1
3.530329375,1,1
3.530330417,0,1
3.530331458,1,1
3.530332542,0,1
3.530333583,1,1
3.530334667,0,0
3.530335708,1,0
3.530336792,0,0
3.530337083,0,1
3.530337833,1,1
3.530338875,0,1
3.530340042,1,1
3.530341125,0,1
3.530342167,1,1
3.530343208,0,1
3.530344250,1,1
3.530345208,0,1
3.530346250,1,1
3.530347333,0,1
3.530348333,1,1
3.530349417,0,1
3.530350458,1,1
3.530351542,0,1
3.530352542,1,1
3.530353667,0,1
3.530354667,1,1
3.530355750,0,1
3.530356792,1,1
3.530357875,0,1
3.530358875,1,1
3.530360000,0,1
3.530361000,1,1
3.530362083,0,1
3.530363125,1,1
3.530364208,0,1
3.530365208,1,1
3.530366333,0,1
3.530367333,1,1
3.530368417,0,1
3.530369458,1,1
3.530370542,0,1
3.530371542,1,1
3.530372667,0,1
3.530373667,1,1
3.530374750,0,1
3.530375792,1,1
3.530376875,0,1
3.530377875,1,1
3.530379000,0,1
3.530380000,1,1
3.530381083,0,1
3.530382125,1,1
3.530383208,0,1
3.530384208,1,1
3.530385292,0,1
3.530386333,1,1
3.530387417,0,1
3.530388417,1,1
3.530389542,0,1
3.530390542,1,1
3.530391625,0,1
3.530392667,1,1
3.530393750,0,1
3.530394750,1,1
3.530395875,0,1
3.530396875,1,1
3.530397958,0,1
3.530399000,1,1
3.530400083,0,1
3.530401083,1,1
3.530402208,0,1
3.530403208,1,1
3.530404292,0,1
3.530405333,1,1
3.530406417,0,1
3.530407625,1,1
3.530408625,0,1
3.530409708,1,1
3.530410750,0,1
3.530412833,1,1
3.530413875,1,0
3.530414875,0,0
3.530416833,1,0
3.530417833,1,1
3.530420917,1,0
3.530421917,0,0
3.530424000,1,0
3.530425000,0,0
3.530427125,1,0
3.530428125,0,0
3.530429167,0,1
3.530430250,1,1
3.530431250,0,1
3.530432292,0,0
3.530433333,1,0
3.530434333,0,0
3.530436417,1,0
3.530437417,0,0
3.530439542,1,0
3.530440542,0,0
3.530441583,0,1
3.530442625,1,1
3.530443667,0,1
3.530444750,0,0
3.530445750,1,0
3.530446750,0,0
3.530448833,1,0
3.530449833,0,0
3.530451958,1,0
3.530452958,0,0
3.530455042,1,0
3.530456042,0,0
3.530458125,1,0
3.530459167,0,0
3.530461250,1,0
3.530462250,0,0
3.530464375,1,0
3.530465375,0,0
3.530467458,1,0
3.530468458,0,0
3.530470542,1,0
3.530471583,0,0
3.530473667,1,0
3.530474667,0,0
3.530476750,1,0
3.530477750,0,0
3.530479875,1,0
3.530480875,0,0
3.530482958,1,0
3.530483958,0,0
3.530486083,1,0
3.530487083,0,0
3.530489167,1,0
3.530490167,0,0
3.530492292,1,0
3.530493292,0,0
3.530495375,1,0
3.530496375,0,0
3.530498500,1,0
3.530499500,0,0
3.530501583,1,0
3.530502583,0,0
3.530504708,1,0
3.530505708,0,0
3.530507792,1,0
3.530508792,0,0
3.530510917,1,0
3.530511917,0,0
3.530514000,1,0
3.530515000,0,0
3.530517125,1,0
3.530518125,0,0
3.530520208,1,0
3.530521208,0,0
3.530523333,1,0
3.530524333,0,0
3.530526417,1,0
3.530527417,0,0
3.530529542,1,0
3.530530542,0,0
3.530532625,1,0
3.530533625,0,0
3.530535708,1,0
3.530536750,0,0
3.530538833,1,0
3.530539833,0,0
3.530541917,1,0
3.530542917,0,0
3.530545042,1,0
3.530546042,0,0
3.530547083,0,1
3.530548167,1,1
3.530549167,0,1
3.530550375,1,1
3.530551417,0,1
3.530553542,1,1
3.530554625,0,1
3.530555667,1,1
3.530556708,0,1
3.530557750,1,1
3.530558833,0,1
3.530559875,1,1
3.530560958,0,1
3.530562000,1,1
3.530563042,0,0
3.530564083,1,0
3.530565167,0,0
3.530565542,0,1
3.530566208,1,1
3.530567250,0,1
3.530568458,1,1
3.530569500,0,1
3.530570542,1,1
3.530571625,0,1
3.530572625,1,1
3.530573625,0,1
3.530574625,1,1
3.530575708,0,1
3.530576750,1,1
3.530577833,0,1
3.530578833,1,1
3.530579917,0,1
3.530580958,1,1
3.530582042,0,1
3.530583083,1,1
3.530584167,0,1
3.530585167,1,1
3.530586250,0,1
3.530587292,1,1
3.530588375,0,1
3.530589375,1,1
3.530590500,0,1
3.530591500,1,1
3.530592583,0,1
3.530593625,1,1
3.530594708,0,1
3.530595708,1,1
3.530596833,0,1
3.530597833,1,1
3.530598917,0,1
3.530599958,1,1
3.530601042,0,1
3.530602042,1,1
3.530603167,0,1
3.530604167,1,1
3.530605250,0,1
3.530606292,1,1
3.530607375,0,1
3.530608375,1,1
3.530609458,0,1
3.530610500,1,1
3.530611583,0,1
3.530612625,1,1
3.530613708,0,1
3.530614708,1,1
3.530615792,0,1
3.530616833,1,1
3.530617917,0,1
3.530618917,1,1
3.530620042,0,1
3.530621042,1,1
3.530622125,0,1
3.530623167,1,1
3.530624250,0,1
3.530625250,1,1
3.530626333,0,1
3.530627375,1,1
3.530628458,0,1
3.530629500,1,1
3.530630583,0,1
3.530631583,1,1
3.530632708,0,1
3.530633708,1,1
3.530634792,0,1
3.530636000,1,1
3.530637000,0,1
3.530638125,1,1
3.530639125,0,1
3.530641250,1,1
3.530642250,1,0
3.530643250,0,0
3.530645208,1,0
3.530646208,1,1
3.530649292,1,0
3.530650292,0,0
3.530652375,1,0
3.530653417,0,0
3.530655500,1,0
3.530656500,0,0
3.530657583,0,1
3.530658625,1,1
3.530659625,0,1
3.530660667,0,0
3.530661708,1,0
3.530662708,0,0
3.530664792,1,0
3.530665792,0,0
3.530667917,1,0
3.530668917,0,0
3.530669958,0,1
3.530671000,1,1
3.530672042,0,1
3.530673125,0,0
3.530674125,1,0
3.530675125,0,0
3.530677208,1,0
3.530678208,0,0
3.530680292,1,0
3.530681333,0,0
3.530683417,1,0
3.530684417,0,0
3.530686500,1,0
3.530687500,0,0
3.530689625,1,0
3.530690625,0,0
3.530692708,1,0
3.530693708,0,0
3.530695833,1,0
3.530696833,0,0
3.530698917,1,0
3.530699917,0,0
3.530702042,1,0
3.530703042,0,0
3.530705125,1,0
3.530706125,0,0
3.530708250,1,0
3.530709250,0,0
3.530711333,1,0
3.530712333,0,0
3.530714458,1,0
3.530715458,0,0
3.530717542,1,0
3.530718542,0,0
3.530720667,1,0
3.530721667,0,0
3.530723750,1,0
3.530724750,0,0
3.530726875,1,0
3.530727875,0,0
3.530729958,1,0
3.530730958,0,0
3.530733042,1,0
3.530734042,0,0
3.530736167,1,0
3.530737167,0,0
3.530739250,1,0
3.530740292,0,0
3.530742375,1,0
3.530743375,0,0
3.530745458,1,0
3.530746458,0,0
3.530748583,1,0
3.530749583,0,0
3.530751667,1,0
3.530752667,0,0
3.530754792,1,0
3.530755792,0,0
3.530757875,1,0
3.530758875,0,0
3.530761000,1,0
3.530762000,0,0
3.530764083,1,0
3.530765083,0,0
3.530767208,1,0
3.530768208,0,0
3.530770292,1,0
3.530771292,0,0
3.530773417,1,0
3.530774417,0,0
3.530775417,0,1
3.530776542,1,1
3.530777542,0,1
3.530778750,1,1
3.530779750,0,1
3.530781917,1,1
3.530783000,0,1
3.530784042,1,1
3.530785083,0,1
3.530786125,1,1
3.530787208,0,1
3.530788208,1,1
3.530789333,0,1
3.530790375,1,1
3.530791417,0,0
3.530792458,1,0
3.530793542,0,0
3.530793958,0,1
3.530794583,1,1
3.530795625,0,1
3.530796792,1,1
3.530797875,0,1
3.530798917,1,1
3.530799958,0,1
3.530801000,1,1
3.530801958,0,1
3.530803000,1,1
3.530804083,0,1
3.530805125,1,1
3.530806208,0,1
3.530807208,1,1
3.530808292,0,1
3.530809333,1,1
3.530810417,0,1
3.530811458,1,1
3.530812542,0,1
3.530813542,1,1
3.530814625,0,1
3.530815667,1,1
3.530816750,0,1
3.530817750,1,1
3.530818875,0,1
3.530819875,1,1
3.530820958,0,1
3.530822000,1,1
3.530823083,0,1
3.530824083,1,1
3.530825208,0,1
3.530826208,1,1
3.530827292,0,1
3.530828333,1,1
3.530829417,0,1
3.530830417,1,1
3.530831500,0,1
3.530832542,1,1
3.530833625,0,1
3.530834667,1,1
3.530835750,0,1
3.530836750,1,1
3.530837833,0,1
3.530838875,1,1
3.530839958,0,1
3.530840958,1,1
3.530842083,0,1
3.530843083,1,1
3.530844167,0,1
3.530845208,1,1
3.530846292,0,1
3.530847292,1,1
3.530848417,0,1
3.530849417,1,1
3.530850500,0,1
3.530851542,1,1
3.530852625,0,1
3.530853625,1,1
3.530854750,0,1
3.530855750,1,1
3.530856833,0,1
3.530857875,1,1
3.530858958,0,1
3.530859958,1,1
3.530861042,0,1
3.530862083,1,1
3.530863167,0,1
3.530864375,1,1
3.530865375,0,1
3.530866500,1,1
3.530867500,0,1
3.530869625,1,1
3.530870625,1,0
3.530871625,0,0
3.530873583,1,0
3.530874583,1,1
3.530877667,1,0
3.530878667,0,0
3.530880750,1,0
3.530881792,0,0
3.530883875,1,0
3.530884875,0,0
3.530885917,0,1
3.530887000,1,1
3.530888000,0,1
3.530889042,0,0
3.530890083,1,0
3.530891083,0,0
3.530893167,1,0
3.530894208,0,0
3.530896292,1,0
3.530897292,0,0
3.530898333,0,1
3.530899417,1,1
3.530900417,0,1
3.530901500,0,0
3.530902500,1,0
3.530903500,0,0
3.530905583,1,0
3.530906583,0,0
3.530908708,1,0
3.530909708,0,0
3.530911792,1,0
3.530912792,0,0
3.530914917,1,0
3.530915917,0,0
3.530918000,1,0
3.530919000,0,0
3.530921083,1,0
3.530922125,0,0
3.530924208,1,0
3.530925208,0,0
3.530927292,1,0
3.530928292,0,0
3.530930417,1,0
3.530931417,0,0
3.530933500,1,0
3.530934500,0,0
3.530936625,1,0
3.530937625,0,0
3.530939708,1,0
3.530940708,0,0
3.530942833,1,0
3.530943833,0,0
3.530945917,1,0
3.530946917,0,0
3.530949042,1,0
3.530950042,0,0
3.530952125,1,0
3.530953125,0,0
3.530955250,1,0
3.530956250,0,0
3.530958333,1,0
3.530959333,0,0
3.530961458,1,0
3.530962458,0,0
3.530964542,1,0
3.530965542,0,0
3.530967667,1,0
3.530968667,0,0
3.530970750,1,0
3.530971750,0,0
3.530973833,1,0
3.530974875,0,0
3.530976958,1,0
3.530977958,0,0
3.530980042,1,0
3.530981083,0,0
3.530983167,1,0
3.530984167,0,0
3.530986250,1,0
3.530987250,0,0
3.530989375,1,0
3.530990375,0,0
3.530992458,1,0
3.530993458,0,0
3.530995583,1,0
3.530996583,0,0
3.530998667,1,0
3.530999667,0,0
3.531001792,1,0
3.531002792,0,0
3.531003792,0,1
3.531004917,1,1
3.531005917,0,1
3.531007125,1,1
3.531008125,0,1
3.531010292,1,1
3.531011333,0,1
3.531012375,1,1
3.531013458,0,1
3.531014500,1,1
3.531015542,0,1
3.531016583,1,1
3.531017708,0,1
3.531018750,1,1
3.531019792,0,0
3.531020833,1,0
3.531021917,0,0
3.531022208,0,1
3.531022958,1,1
3.531024000,0,1
3.531025167,1,1
3.531026250,0,1
3.531027292,1,1
3.531028333,0,1
3.531029375,1,1
3.531030333,0,1
3.531031375,1,1
3.531032458,0,1
3.531033458,1,1
3.531034583,0,1
3.531035583,1,1
3.531036667,0,1
3.531037708,1,1
3.531038792,0,1
3.531039792,1,1
3.531040917,0,1
3.531041917,1,1
3.531043000,0,1
3.531044042,1,1
3.531045125,0,1
3.531046125,1,1
3.531047250,0,1
3.531048250,1,1
3.531049333,0,1
3.531050375,1,1
3.531051458,0,1
3.531052458,1,1
3.531053542,0,1
3.531054583,1,1
3.531055667,0,1
3.531056708,1,1
3.531057792,0,1
3.531058792,1,1
3.531059875,0,1
3.531060917,1,1
3.531062000,0,1
3.531063000,1,1
3.531064125,0,1
3.531065125,1,1
3.531066208,0,1
3.531067250,1,1
3.531068333,0,1
3.531069333,1,1
3.531070458,0,1
3.531071458,1,1
3.531072542,0,1
3.531073583,1,1
3.531074667,0,1
3.531075667,1,1
3.531076750,0,1
3.531077792,1,1
3.531078875,0,1
3.531079917,1,1
3.531081000,0,1
3.531082000,1,1
3.531083125,0,1
3.531084125,1,1
3.531085208,0,1
3.531086250,1,1
3.531087333,0,1
3.531088333,1,1
3.531089417,0,1
3.531090458,1,1
3.531091542,0,1
3.531092750,1,1
3.531093750,0,1
3.531094875,1,1
3.531095875,0,1
3.531098000,1,1
3.531099000,1,0
3.531100000,0,0
3.531101958,1,0
3.531102958,1,1
3.531106083,1,0
3.531107042,0,0
3.531109125,1,0
3.531110167,0,0
3.531112250,1,0
3.531113250,0,0
3.531114292,0,1
3.531115375,1,1
3.531116375,0,1
3.531117417,0,0
3.531118458,1,0
3.531119458,0,0
3.531121542,1,0
3.531122583,0,0
3.531124667,1,0
3.531125667,0,0
3.531126708,0,1
3.531127792,1,1
3.531128792,0,1
3.531129875,0,0
3.531130875,1,0
3.531131875,0,0
3.531133958,1,0
3.531134958,0,0
3.531137083,1,0
3.531138083,0,0
3.531140167,1,0
3.531141167,0,0
3.531143292,1,0
3.531144292,0,0
3.531146375,1,0
3.531147375,0,0
3.531149500,1,0
3.531150500,0,0
3.531152583,1,0
3.531153583,0,0
3.531155667,1,0
3.531156667,0,0
3.531158792,1,0
3.531159792,0,0
3.531161875,1,0
3.531162875,0,0
3.531165000,1,0
3.531166000,0,0
3.531168083,1,0
3.531169083,0,0
3.531171208,1,0
3.531172208,0,0
3.531174292,1,0
3.531175292,0,0
3.531177417,1,0
3.531178417,0,0
3.531180500,1,0
3.531181500,0,0
3.531183625,1,0
3.531184625,0,0
3.531186708,1,0
3.531187708,0,0
3.531189833,1,0
3.531190833,0,0
3.531192917,1,0
3.531193917,0,0
3.531196042,1,0
3.531197042,0,0
3.531199125,1,0
3.531200125,0,0
3.531202208,1,0
3.531203208,0,0
3.531205333,1,0
3.531206333,0,0
3.531208417,1,0
3.531209458,0,0
3.531211542,1,0
3.531212542,0,0
3.531214625,1,0
3.531215625,0,0
3.531217750,1,0
3.531218750,0,0
3.531220833,1,0
3.531221833,0,0
3.531223958,1,0
3.531224958,0,0
3.531227042,1,0
3.531228042,0,0
3.531230167,1,0
3.531231167,0,0
3.531232167,0,1
3.531233292,1,1
3.531234292,0,1
3.531235500,1,1
3.531236542,0,1
3.531238667,1,1
3.531239750,0,1
3.531240792,1,1
3.531241833,0,1
3.531242875,1,1
3.531243917,0,1
3.531244958,1,1
3.531246083,0,1
3.531247125,1,1
3.531248167,0,0
3.531249208,1,0
3.531250292,0,0
3.531250625,0,1
3.531251333,1,1
3.531252375,0,1
3.531253583,1,1
3.531254625,0,1
3.531255667,1,1
3.531256750,0,1
3.531257750,1,1
3.531258750,0,1
3.531259750,1,1
3.531260833,0,1
3.531261875,1,1
3.531262958,0,1
3.531263958,1,1
3.531265083,0,1
3.531266083,1,1
3.531267167,0,1
3.531268208,1,1
3.531269292,0,1
3.531270292,1,1
3.531271417,0,1
3.531272417,1,1
3.531273500,0,1
3.531274542,1,1
3.531275625,0,1
3.531276625,1,1
3.531277750,0,1
3.531278750,1,1
3.531279833,0,1
3.531280875,1,1
3.531281958,0,1
3.531282958,1,1
3.531284083,0,1
3.531285083,1,1
3.531286167,0,1
3.531287208,1,1
3.531288292,0,1
3.531289292,1,1
3.531290375,0,1
3.531291417,1,1
3.531292500,0,1
3.531293542,1,1
3.531294625,0,1
3.531295625,1,1
3.531296750,0,1
3.531297750,1,1
3.531298833,0,1
3.531299875,1,1
3.531300958,0,1
3.531301958,1,1
3.531303083,0,1
3.531304083,1,1
3.531305167,0,1
3.531306208,1,1
3.531307292,0,1
3.531308292,1,1
3.531309375,0,1
3.531310417,1,1
3.531311500,0,1
3.531312542,1,1
3.531313625,0,1
3.531314625,1,1
3.531315708,0,1
3.531316750,1,1
3.531317833,0,1
3.531318875,1,1
3.531319958,0,1
3.531321167,1,1
3.531322167,0,1
3.531323250,1,1
3.531324292,0,1
3.531326417,1,1
3.531327417,1,0
3.531328417,0,0
3.531330375,1,0
3.531331333,1,1
3.531334458,1,0
3.531335458,0,0
3.531337542,1,0
3.531338542,0,0
3.531340667,1,0
3.531341667,0,0
3.531342708,0,1
3.531343792,1,1
3.531344792,0,1
3.531345833,0,0
3.531346875,1,0
3.531347875,0,0
3.531349958,1,0
3.531350958,0,0
3.531353083,1,0
3.531354083,0,0
3.531355125,0,1
3.531356208,1,1
3.531357208,0,1
3.531358292,0,0
3.531359292,1,0
3.531360292,0,0
3.531362375,1,0
3.531363375,0,0
3.531365500,1,0
3.531366500,0,0
3.531368583,1,0
3.531369583,0,0
3.531371708,1,0
3.531372708,0,0
3.531374792,1,0
3.531375792,0,0
3.531377917,1,0
3.531378917,0,0
3.531381000,1,0
3.531382000,0,0
3.531384125,1,0
3.531385125,0,0
3.531387208,1,0
3.531388208,0,0
3.531390333,1,0
3.531391333,0,0
3.531393417,1,0
3.531394417,0,0
3.531396542,1,0
3.531397542,0,0
3.531399625,1,0
3.531400625,0,0
3.531402750,1,0
3.531403750,0,0
3.531405833,1,0
3.531406833,0,0
3.531408958,1,0
3.531409958,0,0
3.531412042,1,0
3.531413042,0,0
3.531415167,1,0
3.531416167,0,0
3.531418250,1,0
3.531419250,0,0
3.531421375,1,0
3.531422375,0,0
3.531424458,1,0
3.531425458,0,0
3.531427542,1,0
3.531428583,0,0
3.531430667,1,0
3.531431667,0,0
3.531433750,1,0
3.531434750,0,0
3.531436875,1,0
3.531437875,0,0
3.531439958,1,0
3.531440958,0,0
3.531443083,1,0
3.531444083,0,0
3.531446167,1,0
3.531447167,0,0
3.531449292,1,0
3.531450292,0,0
3.531452375,1,0
3.531453375,0,0
3.531455500,1,0
3.531456500,0,0
3.531458625,1,0
3.531459625,0,0
3.531460625,0,1
3.531461708,1,1
3.531462708,0,1
3.531463958,1,1
3.531464958,0,1
3.531467125,1,1
3.531468167,0,1
3.531469208,1,1
3.531470292,0,1
3.531471333,1,1
3.531472375,0,1
3.531473417,1,1
3.531474500,0,1
3.531475542,1,1
3.531476625,0,0
3.531477667,1,0
3.531478750,0,0
3.531479167,0,1
3.531479792,1,1
3.531480833,0,1
3.531482000,1,1
3.531483083,0,1
3.531484125,1,1
3.531485167,0,1
3.531486208,1,1
3.531487167,0,1
3.531488208,1,1
3.531489292,0,1
3.531490292,1,1
3.531491417,0,1
3.531492417,1,1
3.531493500,0,1
3.531494542,1,1
3.531495625,0,1
3.531496625,1,1
3.531497750,0,1
3.531498750,1,1
3.531499833,0,1
3.531500875,1,1
3.531501958,0,1
3.531502958,1,1
3.531504042,0,1
3.531505083,1,1
3.531506167,0,1
3.531507208,1,1
3.531508292,0,1
3.531509292,1,1
3.531510375,0,1
3.531511417,1,1
3.531512500,0,1
3.531513542,1,1
3.531514625,0,1
3.531515625,1,1
3.531516708,0,1
3.531517750,1,1
3.531518833,0,1
3.531519833,1,1
3.531520958,0,1
3.531521958,1,1
3.531523042,0,1
3.531524083,1,1
3.531525167,0,1
3.531526167,1,1
3.531527292,0,1
3.531528292,1,1
3.531529375,0,1
3.531530417,1,1
3.531531500,0,1
3.531532500,1,1
3.531533625,0,1
3.531534625,1,1
3.531535708,0,1
3.531536750,1,1
3.531537833,0,1
3.531538833,1,1
3.531539958,0,1
3.531540958,1,1
3.531542042,0,1
3.531543083,1,1
3.531544167,0,1
3.531545167,1,1
3.531546292,0,1
3.531547292,1,1
3.531548375,0,1
3.531549583,1,1
3.531550625,0,1
3.531551708,1,1
3.531552708,0,1
3.531554833,1,1
3.531555833,1,0
3.531556833,0,0
3.531558792,1,0
3.531559792,1,1
3.531562917,1,0
3.531563875,0,0
3.531566000,1,0
3.531567000,0,0
3.531569083,1,0
3.531570125,0,0
3.531571167,0,1
3.531572208,1,1
3.531573208,0,1
3.531574292,0,0
3.531575333,1,0
3.531576292,0,0
3.531578417,1,0
3.531579417,0,0
3.531581500,1,0
3.531582500,0,0
3.531583583,0,1
3.531584625,1,1
3.531585625,0,1
3.531586708,0,0
3.531587708,1,0
3.531588708,0,0
3.531590833,1,0
3.531591833,0,0
3.531593917,1,0
3.531594917,0,0
3.531597042,1,0
3.531598042,0,0
3.531600125,1,0
3.531601125,0,0
3.531603250,1,0
3.531604250,0,0
3.531606333,1,0
3.531607333,0,0
3.531609458,1,0
3.531610458,0,0
3.531612542,1,0
3.531613542,0,0
3.531615667,1,0
3.531616667,0,0
3.531618750,1,0
3.531619750,0,0
3.531621875,1,0
3.531622875,0,0
3.531624958,1,0
3.531625958,0,0
3.531628042,1,0
3.531629042,0,0
3.531631167,1,0
3.531632167,0,0
3.531634250,1,0
3.531635250,0,0
3.531637375,1,0
3.531638375,0,0
3.531640458,1,0
3.531641500,0,0
3.531643583,1,0
3.531644583,0,0
3.531646667,1,0
3.531647667,0,0
3.531649792,1,0
3.531650792,0,0
3.531652875,1,0
3.531653875,0,0
3.531656000,1,0
3.531657000,0,0
3.531659083,1,0
3.531660083,0,0
3.531662208,1,0
3.531663208,0,0
3.531665292,1,0
3.531666292,0,0
3.531668417,1,0
3.531669417,0,0
3.531671500,1,0
3.531672500,0,0
3.531674625,1,0
3.531675625,0,0
3.531677708,1,0
3.531678708,0,0
3.531680833,1,0
3.531681833,0,0
3.531683917,1,0
3.531684917,0,0
3.531687042,1,0
3.531688042,0,0
3.531689083,0,1
3.531690167,1,1
3.531691167,0,1
3.531692375,1,1
3.531693375,0,1
3.531695542,1,1
3.531696625,0,1
3.531697667,1,1
3.531698708,0,1
3.531699750,1,1
3.531700833,0,1
3.531701875,1,1
3.531702958,0,1
3.531704000,1,1
3.531705042,0,1
3.531705083,0,0
3.531706125,1,0
3.531707167,0,0
3.531707500,0,1
3.531708208,1,1
3.531709292,0,1
3.531710458,1,1
3.531711500,0,1
3.531712542,1,1
3.531713625,0,1
3.531714625,1,1
3.531715625,0,1
3.531716625,1,1
3.531717708,0,1
3.531718750,1,1
3.531719833,0,1
3.531720833,1,1
3.531721958,0,1
3.531722958,1,1
3.531724042,0,1
3.531725083,1,1
3.531726167,0,1
3.531727167,1,1
3.531728292,0,1
3.531729292,1,1
3.531730375,0,1
3.531731417,1,1
3.531732500,0,1
3.531733500,1,1
3.531734583,0,1
3.531735625,1,1
3.531736708,0,1
3.531737708,1,1
3.531738833,0,1
3.531739833,1,1
3.531740917,0,1
3.531741958,1,1
3.531743042,0,1
3.531744042,1,1
3.531745167,0,1
3.531746167,1,1
3.531747250,0,1
3.531748292,1,1
3.531749375,0,1
3.531750375,1,1
3.531751458,0,1
3.531752500,1,1
3.531753583,0,1
3.531754625,1,1
3.531755708,0,1
3.531756708,1,1
3.531757792,0,1
3.531758833,1,1
3.531759917,0,1
3.531760917,1,1
3.531762042,0,1
3.531763042,1,1
3.531764125,0,1
3.531765167,1,1
3.531766250,0,1
3.531767250,1,1
3.531768375,0,1
3.531769375,1,1
3.531770458,0,1
3.531771500,1,1
3.531772583,0,1
3.531773583,1,1
3.531774708,0,1
3.531775708,1,1
3.531776792,0,1
3.531778000,1,1
3.531779042,0,1
3.531780125,1,1
3.531781125,0,1
3.531783250,1,1
3.531784250,1,0
3.531785250,0,0
3.531787208,1,0
3.531788208,1,1
3.531791333,1,0
3.531792292,0,0
3.531794417,1,0
3.531795417,0,0
3.531797500,1,0
3.531798542,0,0
3.531799583,0,1
3.531800625,1,1
3.531801625,0,1
3.531802667,0,0
3.531803750,1,0
3.531804708,0,0
3.531806833,1,0
3.531807833,0,0
3.531809917,1,0
3.531810958,0,0
3.531812000,0,1
3.531813042,1,1
3.531814042,0,1
3.531815125,0,0
3.531816125,1,0
3.531817125,0,0
3.531819250,1,0
3.531820250,0,0
3.531822333,1,0
3.531823333,0,0
3.531825458,1,0
3.531826458,0,0
3.531828542,1,0
3.531829542,0,0
3.531831667,1,0
3.531832667,0,0
3.531834750,1,0
3.531835750,0,0
3.531837833,1,0
3.531838833,0,0
3.531840958,1,0
3.531841958,0,0
3.531844042,1,0
3.531845042,0,0
3.531847167,1,0
3.531848167,0,0
3.531850250,1,0
3.531851250,0,0
3.531853375,1,0
3.531854375,0,0
3.531856458,1,0
3.531857458,0,0
3.531859583,1,0
3.531860583,0,0
3.531862667,1,0
3.531863667,0,0
3.531865792,1,0
3.531866792,0,0
3.531868875,1,0
3.531869875,0,0
3.531872000,1,0
3.531873000,0,0
3.531875083,1,0
3.531876083,0,0
3.531878208,1,0
3.531879208,0,0
3.531881292,1,0
3.531882292,0,0
3.531884417,1,0
3.531885417,0,0
3.531887500,1,0
3.531888500,0,0
3.531890625,1,0
3.531891625,0,0
3.531893708,1,0
3.531894708,0,0
3.531896833,1,0
3.531897833,0,0
3.531899917,1,0
3.531900917,0,0
3.531903042,1,0
3.531904042,0,0
3.531906125,1,0
3.531907125,0,0
3.531909250,1,0
3.531910250,0,0
3.531912333,1,0
3.531913333,0,0
3.531915458,1,0
3.531916458,0,0
3.531917458,0,1
3.531918583,1,1
3.531919583,0,1
3.531920792,1,1
3.531921792,0,1
3.531923958,1,1
3.531925042,0,1
3.531926083,1,1
3.531927125,0,1
3.531928167,1,1
3.531929208,0,1
3.531930250,1,1
3.531931375,0,1
3.531932417,1,1
3.531933458,0,0
3.531934500,1,0
3.531935583,0,0
3.531935917,0,1
3.531936625,1,1
3.531937667,0,1
3.531938875,1,1
3.531939917,0,1
3.531940958,1,1
3.531942042,0,1
3.531943042,1,1
3.531944042,0,1
3.531945042,1,1
3.531946125,0,1
3.531947167,1,1
3.531948250,0,1
3.531949250,1,1
3.531950333,0,1
3.531951375,1,1
3.531952458,0,1
3.531953458,1,1
3.531954583,0,1
3.531955583,1,1
3.531956667,0,1
3.531957708,1,1
3.531958792,0,1
3.531959792,1,1
3.531960917,0,1
3.531961917,1,1
3.531963000,0,1
3.531964042,1,1
3.531965125,0,1
3.531966125,1,1
3.531967250,0,1
3.531968250,1,1
3.531969333,0,1
3.531970375,1,1
3.531971458,0,1
3.531972458,1,1
3.531973542,0,1
3.531974583,1,1
3.531975667,0,1
3.531976708,1,1
3.531977792,0,1
3.531978792,1,1
3.531979917,0,1
3.531980917,1,1
3.531982000,0,1
3.531983042,1,1
3.531984125,0,1
3.531985125,1,1
3.531986208,0,1
3.531987250,1,1
3.531988333,0,1
3.531989333,1,1
3.531990458,0,1
3.531991458,1,1
3.531992542,0,1
3.531993583,1,1
3.531994667,0,1
3.531995667,1,1
3.531996792,0,1
3.531997792,1,1
3.531998875,0,1
3.531999917,1,1
3.532001000,0,1
3.532002000,1,1
3.532003125,0,1
3.532004125,1,1
3.532005208,0,1
3.532006417,1,1
3.532007417,0,1
3.532008542,1,1
3.532009542,0,1
3.532011667,1,1
3.532012667,1,0
3.532013667,0,0
3.532015625,1,0
3.532016625,1,1
3.532019750,1,0
3.532020708,0,0
3.532022833,1,0
3.532023833,0,0
3.532025917,1,0
3.532026917,0,0
3.532028000,0,1
3.532029042,1,1
3.532030042,0,1
3.532031083,0,0
3.532032125,1,0
3.532033125,0,0
3.532035208,1,0
3.532036250,0,0
3.532038333,1,0
3.532039333,0,0
3.532040417,0,1
3.532041458,1,1
3.532042458,0,1
3.532043542,0,0
3.532044542,1,0
3.532045542,0,0
3.532047625,1,0
3.532048667,0,0
3.532050750,1,0
3.532051750,0,0
3.532053833,1,0
3.532054833,0,0
3.532056958,1,0
3.532057958,0,0
3.532060042,1,0
3.532061042,0,0
3.532063167,1,0
3.532064167,0,0
3.532066250,1,0
3.532067250,0,0
3.532069375,1,0
3.532070375,0,0
3.532072458,1,0
3.532073458,0,0
3.532075583,1,0
3.532076583,0,0
3.532078667,1,0
3.532079667,0,0
3.532081792,1,0
3.532082792,0,0
3.532084875,1,0
3.532085875,0,0
3.532088000,1,0
3.532089000,0,0
3.532091083,1,0
3.532092083,0,0
3.532094208,1,0
3.532095208,0,0
3.532097292,1,0
3.532098292,0,0
3.532100417,1,0
3.532101417,0,0
3.532103500,1,0
3.532104500,0,0
3.532106625,1,0
3.532107625,0,0
3.532109708,1,0
3.532110708,0,0
3.532112833,1,0
3.532113833,0,0
3.532115917,1,0
3.532116917,0,0
3.532119042,1,0
3.532120042,0,0
3.532122125,1,0
3.532123125,0,0
3.532125250,1,0
3.532126250,0,0
3.532128333,1,0
3.532129333,0,0
3.532131458,1,0
3.532132458,0,0
3.532134542,1,0
3.532135542,0,0
3.532137667,1,0
3.532138667,0,0
3.532140750,1,0
3.532141750,0,0
3.532143875,1,0
3.532144875,0,0
3.532145875,0,1
3.532147000,1,1
3.532148000,0,1
3.532149208,1,1
3.532150208,0,1
3.532152375,1,1
3.532153458,0,1
3.532154458,1,1
3.532155542,0,1
3.532156583,1,1
3.532157625,0,1
3.532158667,1,1
3.532159750,0,1
3.532160792,1,1
3.532161875,0,0
3.532162917,1,0
3.532164000,0,0
3.532164375,0,1
3.532165042,1,1
3.532166083,0,1
3.532167250,1,1
3.532168333,0,1
3.532169375,1,1
3.532170417,0,1
3.532171458,1,1
3.532172417,0,1
3.532173458,1,1
3.532174542,0,1
3.532175583,1,1
3.532176667,0,1
3.532177667,1,1
3.532178750,0,1
3.532179792,1,1
3.532180875,0,1
3.532181875,1,1
3.532183000,0,1
3.532184000,1,1
3.532185083,0,1
3.532186125,1,1
3.532187208,0,1
3.532188208,1,1
3.532189333,0,1
3.532190333,1,1
3.532191417,0,1
3.532192458,1,1
3.532193542,0,1
3.532194542,1,1
3.532195667,0,1
3.532196667,1,1
3.532197750,0,1
3.532198792,1,1
3.532199875,0,1
3.532200875,1,1
3.532202000,0,1
3.532203000,1,1
3.532204083,0,1
3.532205125,1,1
3.532206208,0,1
3.532207208,1,1
3.532208292,0,1
3.532209333,1,1
3.532210417,0,1
3.532211417,1,1
3.532212542,0,1
3.532213542,1,1
3.532214625,0,1
3.532215667,1,1
3.532216750,0,1
3.532217750,1,1
3.532218875,0,1
3.532219875,1,1
3.532220958,0,1
3.532222000,1,1
3.532223083,0,1
3.532224083,1,1
3.532225208,0,1
3.532226208,1,1
3.532227292,0,1
3.532228333,1,1
3.532229417,0,1
3.532230417,1,1
3.532231500,0,1
3.532232542,1,1
3.532233625,0,1
3.532234833,1,1
3.532235833,0,1
3.532236958,1,1
3.532237958,0,1
3.532240083,1,1
3.532241083,1,0
3.532242083,0,0
3.532244042,1,0
3.532245042,1,1
3.532248125,1,0
3.532249125,0,0
3.532251208,1,0
3.532252250,0,0
3.532254333,1,0
3.532255333,0,0
3.532256417,0,1
3.532257458,1,1
3.532258458,0,1
3.532259500,0,0
3.532260542,1,0
3.532261542,0,0
3.532263625,1,0
3.532264625,0,0
3.532266750,1,0
3.532267750,0,0
3.532268792,0,1
3.532269875,1,1
3.532270875,0,1
3.532271958,0,0
3.532272958,1,0
3.532273958,0,0
3.532276042,1,0
3.532277042,0,0
3.532279167,1,0
3.532280167,0,0
3.532282250,1,0
3.532283250,0,0
3.532285375,1,0
3.532286375,0,0
3.532288458,1,0
3.532289458,0,0
3.532291583,1,0
3.532292583,0,0
3.532294667,1,0
3.532295667,0,0
3.532297792,1,0
3.532298792,0,0
3.532300875,1,0
3.532301875,0,0
3.532304000,1,0
3.532305000,0,0
3.532307083,1,0
3.532308083,0,0
3.532310167,1,0
3.532311208,0,0
3.532313292,1,0
3.532314292,0,0
3.532316417,1,0
3.532317417,0,0
3.532319500,1,0
3.532320500,0,0
3.532322583,1,0
3.532323625,0,0
3.532325708,1,0
3.532326708,0,0
3.532328792,1,0
3.532329792,0,0
3.532331917,1,0
3.532332917,0,0
3.532335000,1,0
3.532336000,0,0
3.532338125,1,0
3.532339125,0,0
3.532341208,1,0
3.532342208,0,0
3.532344333,1,0
3.532345333,0,0
3.532347417,1,0
3.532348417,0,0
3.532350542,1,0
3.532351542,0,0
3.532353625,1,0
3.532354625,0,0
3.532356750,1,0
3.532357750,0,0
3.532359833,1,0
3.532360833,0,0
3.532362958,1,0
3.532363958,0,0
3.532366042,1,0
3.532367042,0,0
3.532369167,1,0
3.532370167,0,0
3.532372292,1,0
3.532373250,0,0
3.532374292,0,1
3.532375375,1,1
3.532376375,0,1
3.532377625,1,1
3.532378625,0,1
3.532380792,1,1
3.532381833,0,1
3.532382875,1,1
3.532383958,0,1
3.532385000,1,1
3.532386042,0,1
3.532387083,1,1
3.532388167,0,1
3.532389208,1,1
3.532390292,0,0
3.532391333,1,0
3.532392417,0,0
3.532392792,0,1
3.532393458,1,1
3.532394500,0,1
3.532395667,1,1
3.532396750,0,1
3.532397792,1,1
3.532398833,0,1
3.532399875,1,1
3.532400833,0,1
3.532401875,1,1
3.532402958,0,1
3.532403958,1,1
3.532405042,0,1
3.532406083,1,1
3.532407167,0,1
3.532408208,1,1
3.532409292,0,1
3.532410292,1,1
3.532411375,0,1
3.532412417,1,1
3.532413500,0,1
3.532414500,1,1
3.532415625,0,1
3.532416625,1,1
3.532417708,0,1
3.532418750,1,1
3.532419833,0,1
3.532420833,1,1
3.532421958,0,1
3.532422958,1,1
3.532424042,0,1
3.532425083,1,1
3.532426167,0,1
3.532427167,1,1
3.532428292,0,1
3.532429292,1,1
3.532430375,0,1
3.532431417,1,1
3.532432500,0,1
3.532433500,1,1
3.532434625,0,1
3.532435625,1,1
3.532436708,0,1
3.532437750,1,1
3.532438833,0,1
3.532439833,1,1
3.532440958,0,1
3.532441958,1,1
3.532443042,0,1
3.532444083,1,1
3.532445167,0,1
3.532446167,1,1
3.532447292,0,1
3.532448292,1,1
3.532449375,0,1
3.532450417,1,1
3.532451500,0,1
3.532452500,1,1
3.532453583,0,1
3.532454625,1,1
3.532455708,0,1
3.532456750,1,1
3.532457833,0,1
3.532458833,1,1
3.532459917,0,1
3.532460958,1,1
3.532462042,0,1
3.532463250,1,1
3.532464250,0,1
3.532465375,1,1
3.532466375,0,1
3.532468500,1,1
3.532469500,1,0
3.532470500,0,0
3.532472458,1,0
3.532473458,1,1
3.532476542,1,0
3.532477542,0,0
3.532479625,1,0
3.532480625,0,0
3.532482750,1,0
3.532483750,0,0
3.532484792,0,1
3.532485875,1,1
3.532486875,0,1
3.532487917,0,0
3.532488958,1,0
3.532489958,0,0
3.532492042,1,0
3.532493083,0,0
3.532495167,1,0
3.532496167,0,0
3.532497208,0,1
3.532498292,1,1
3.532499292,0,1
3.532500375,0,0
3.532501375,1,0
3.532502375,0,0
3.532504458,1,0
3.532505458,0,0
3.532507583,1,0
3.532508583,0,0
3.532510667,1,0
3.532511667,0,0
3.532513792,1,0
3.532514792,0,0
3.532516875,1,0
3.532517875,0,0
3.532520000,1,0
3.532521000,0,0
3.532523083,1,0
3.532524083,0,0
3.532526208,1,0
3.532527208,0,0
3.532529292,1,0
3.532530292,0,0
3.532532417,1,0
3.532533417,0,0
3.532535500,1,0
3.532536500,0,0
3.532538625,1,0
3.532539625,0,0
3.532541708,1,0
3.532542708,0,0
3.532544792,1,0
3.532545833,0,0
3.532547917,1,0
3.532548917,0,0
3.532551000,1,0
3.532552000,0,0
3.532554125,1,0
3.532555125,0,0
3.532557208,1,0
3.532558208,0,0
3.532560333,1,0
3.532561333,0,0
3.532563417,1,0
3.532564417,0,0
3.532566542,1,0
3.532567542,0,0
3.532569625,1,0
3.532570625,0,0
3.532572750,1,0
3.532573750,0,0
3.532575833,1,0
3.532576833,0,0
3.532578958,1,0
3.532579958,0,0
3.532582042,1,0
3.532583042,0,0
3.532585167,1,0
3.532586167,0,0
3.532588250,1,0
3.532589250,0,0
3.532591375,1,0
3.532592375,0,0
3.532594458,1,0
3.532595458,0,0
3.532597583,1,0
3.532598583,0,0
3.532600708,1,0
3.532601667,0,0
3.532602708,0,1
3.532603792,1,1
3.532604792,0,1
3.532606000,1,1
3.532607042,0,1
3.532609167,1,1
3.532610250,0,1
3.532611292,1,1
3.532612333,0,1
3.532613375,1,1
3.532614458,0,1
3.532615500,1,1
3.532616583,0,1
3.532617625,1,1
3.532618708,0,0
3.532619750,1,0
3.532620792,0,0
3.532621083,0,1
3.532621833,1,1
3.532622917,0,1
3.532624083,1,1
3.532625125,0,1
3.532626167,1,1
3.532627250,0,1
3.532628250,1,1
3.532629250,0,1
3.532630250,1,1
3.532631333,0,1
3.532632375,1,1
3.532633458,0,1
3.532634500,1,1
3.532635583,0,1
3.532636583,1,1
3.532637708,0,1
3.532638708,1,1
3.532639792,0,1
3.532640833,1,1
3.532641917,0,1
3.532642917,1,1
3.532644000,0,1
3.532645042,1,1
3.532646125,0,1
3.532647167,1,1
3.532648250,0,1
3.532649250,1,1
3.532650333,0,1
3.532651375,1,1
3.532652458,0,1
3.532653458,1,1
3.532654583,0,1
3.532655583,1,1
3.532656667,0,1
3.532657708,1,1
3.532658792,0,1
3.532659792,1,1
3.532660917,0,1
3.532661917,1,1
3.532663000,0,1
3.532664042,1,1
3.532665125,0,1
3.532666125,1,1
3.532667250,0,1
3.532668250,1,1
3.532669333,0,1
3.532670375,1,1
3.532671458,0,1
3.532672458,1,1
3.532673542,0,1
3.532674583,1,1
3.532675667,0,1
3.532676708,1,1
3.532677792,0,1
3.532678792,1,1
3.532679875,0,1
3.532680917,1,1
3.532682000,0,1
3.532683000,1,1
3.532684125,0,1
3.532685125,1,1
3.532686208,0,1
3.532687250,1,1
3.532688333,0,1
3.532689333,1,1
3.532690458,0,1
3.532691667,1,1
3.532692667,0,1
3.532693750,1,1
3.532694792,0,1
3.532696875,1,1
3.532697917,1,0
3.532698875,0,0
3.532700875,1,0
3.532701833,1,1
3.532704958,1,0
3.532705958,0,0
3.532708042,1,0
3.532709042,0,0
3.532711167,1,0
3.532712167,0,0
3.532713208,0,1
3.532714250,1,1
3.532715250,0,1
3.532716333,0,0
3.532717375,1,0
3.532718333,0,0
3.532720458,1,0
3.532721458,0,0
3.532723583,1,0
3.532724583,0,0
3.532725625,0,1
3.532726667,1,1
3.532727667,0,1
3.532728750,0,0
3.532729750,1,0
3.532730750,0,0
3.532732875,1,0
3.532733875,0,0
3.532735958,1,0
3.532736958,0,0
3.532739083,1,0
3.532740083,0,0
3.532742167,1,0
3.532743167,0,0
3.532745292,1,0
3.532746292,0,0
3.532748375,1,0
3.532749375,0,0
3.532751500,1,0
3.532752500,0,0
3.532754583,1,0
3.532755583,0,0
3.532757708,1,0
3.532758708,0,0
3.532760792,1,0
3.532761792,0,0
3.532763917,1,0
3.532764917,0,0
3.532767000,1,0
3.532768000,0,0
3.532770125,1,0
3.532771125,0,0
3.532773208,1,0
3.532774208,0,0
3.532776333,1,0
3.532777333,0,0
3.532779417,1,0
3.532780417,0,0
3.532782542,1,0
3.532783542,0,0
3.532785625,1,0
3.532786625,0,0
3.532788750,1,0
3.532789750,0,0
3.532791833,1,0
3.532792833,0,0
3.532794958,1,0
3.532795958,0,0
3.532798042,1,0
3.532799042,0,0
3.532801167,1,0
3.532802167,0,0
3.532804250,1,0
3.532805250,0,0
3.532807333,1,0
3.532808375,0,0
3.532810458,1,0
3.532811458,0,0
3.532813583,1,0
3.532814583,0,0
3.532816667,1,0
3.532817667,0,0
3.532819750,1,0
3.532820792,0,0
3.532822875,1,0
3.532823875,0,0
3.532825958,1,0
3.532826958,0,0
3.532829125,1,0
3.532830083,0,0
3.532831125,0,1
3.532832208,1,1
3.532833208,0,1
3.532834417,1,1
3.532835458,0,1
3.532837583,1,1
3.532838667,0,1
3.532839708,1,1
3.532840750,0,1
3.532841792,1,1
3.532842875,0,1
3.532843917,1,1
3.532845000,0,1
3.532846042,1,1
3.532847125,0,0
3.532848167,1,0
3.532849208,0,0
3.532849583,0,1
3.532850250,1,1
3.532851333,0,1
3.532852500,1,1
3.532853542,0,1
3.532854583,1,1
3.532855667,0,1
3.532856667,1,1
3.532857667,0,1
3.532858667,1,1
3.532859792,0,1
3.532860792,1,1
3.532861875,0,1
3.532862917,1,1
3.532864000,0,1
3.532865000,1,1
3.532866125,0,1
3.532867125,1,1
3.532868208,0,1
3.532869250,1,1
3.532870333,0,1
3.532871333,1,1
3.532872458,0,1
3.532873458,1,1
3.532874542,0,1
3.532875583,1,1
3.532876667,0,1
3.532877667,1,1
3.532878750,0,1
3.532879792,1,1
3.532880875,0,1
3.532881875,1,1
3.532883000,0,1
3.532884000,1,1
3.532885083,0,1
3.532886125,1,1
3.532887208,0,1
3.532888208,1,1
3.532889333,0,1
3.532890333,1,1
3.532891417,0,1
3.532892458,1,1
3.532893542,0,1
3.532894542,1,1
3.532895667,0,1
3.532896667,1,1
3.532897750,0,1
3.532898792,1,1
3.532899875,0,1
3.532900875,1,1
3.532902000,0,1
3.532903000,1,1
3.532904083,0,1
3.532905125,1,1
3.532906208,0,1
3.532907208,1,1
3.532908292,0,1
3.532909333,1,1
3.532910417,0,1
3.532911458,1,1
3.532912542,0,1
3.532913542,1,1
3.532914625,0,1
3.532915667,1,1
3.532916750,0,1
3.532917792,1,1
3.532918875,0,1
3.532920083,1,1
3.532921083,0,1
3.532922167,1,1
3.532923208,0,1
3.532925292,1,1
3.532926333,1,0
3.532927333,0,0
3.532929292,1,0
3.532930250,1,1
3.532933375,1,0
3.532934375,0,0
3.532936458,1,0
3.532937458,0,0
3.532939583,1,0
3.532940583,0,0
3.532941625,0,1
3.532942667,1,1
3.532943708,0,1
3.532944750,0,0
3.532945792,1,0
3.532946792,0,0
3.532948875,1,0
3.532949875,0,0
3.532952000,1,0
3.532953000,0,0
3.532954042,0,1
3.532955083,1,1
3.532956125,0,1
3.532957208,0,0
3.532958167,1,0
3.532959208,0,0
3.532961292,1,0
3.532962292,0,0
3.532964417,1,0
3.532965417,0,0
3.532967500,1,0
3.532968500,0,0
3.532970583,1,0
3.532971583,0,0
3.532973708,1,0
3.532974708,0,0
3.532976792,1,0
3.532977792,0,0
3.532979917,1,0
3.532980917,0,0
3.532983000,1,0
3.532984000,0,0
3.532986125,1,0
3.532987125,0,0
3.532989208,1,0
3.532990208,0,0
3.532992333,1,0
3.532993333,0,0
3.532995417,1,0
3.532996417,0,0
3.532998542,1,0
3.532999542,0,0
3.533001625,1,0
3.533002625,0,0
3.533004750,1,0
3.533005750,0,0
3.533007833,1,0
3.533008833,0,0
3.533010958,1,0
3.533011958,0,0
3.533014042,1,0
3.533015042,0,0
3.533017167,1,0
3.533018167,0,0
3.533020250,1,0
3.533021250,0,0
3.533023333,1,0
3.533024375,0,0
3.533026458,1,0
3.533027458,0,0
3.533029542,1,0
3.533030542,0,0
3.533032667,1,0
3.533033667,0,0
3.533035750,1,0
3.533036750,0,0
3.533038875,1,0
3.533039875,0,0
3.533041958,1,0
3.533042958,0,0
3.533045083,1,0
3.533046083,0,0
3.533048167,1,0
3.533049167,0,0
3.533051292,1,0
3.533052292,0,0
3.533054375,1,0
3.533055375,0,0
3.533057500,1,0
3.533058500,0,0
3.533059542,0,1
3.533060625,1,1
3.533061625,0,1
3.533062833,1,1
3.533063833,0,1
3.533066000,1,1
3.533067083,0,1
3.533068125,1,1
3.533069167,0,1
3.533070208,1,1
3.533071292,0,1
3.533072333,1,1
3.533073417,0,1
3.533074458,1,1
3.533075500,0,1
3.533075542,0,0
3.533076583,1,0
3.533077625,0,0
3.533078042,0,1
3.533078667,1,1
3.533079750,0,1
3.533080917,1,1
3.533081958,0,1
3.533083000,1,1
3.533084083,0,1
3.533085083,1,1
3.533086083,0,1
3.533087083,1,1
3.533088167,0,1
3.533089208,1,1
3.533090292,0,1
3.533091292,1,1
3.533092417,0,1
3.533093417,1,1
3.533094500,0,1
3.533095542,1,1
3.533096625,0,1
3.533097625,1,1
3.533098750,0,1
3.533099750,1,1
3.533100833,0,1
3.533101875,1,1
3.533102958,0,1
3.533103958,1,1
3.533105042,0,1
3.533106083,1,1
3.533107167,0,1
3.533108208,1,1
3.533109292,0,1
3.533110292,1,1
3.533111375,0,1
3.533112417,1,1
3.533113500,0,1
3.533114542,1,1
3.533115625,0,1
3.533116625,1,1
3.533117708,0,1
3.533118750,1,1
3.533119833,0,1
3.533120833,1,1
3.533121958,0,1
3.533122958,1,1
3.533124042,0,1
3.533125083,1,1
3.533126167,0,1
3.533127167,1,1
3.533128292,0,1
3.533129292,1,1
3.533130375,0,1
3.533131417,1,1
3.533132500,0,1
3.533133500,1,1
3.533134625,0,1
3.533135625,1,1
3.533136708,0,1
3.533137750,1,1
3.533138833,0,1
3.533139833,1,1
3.533140958,0,1
3.533141958,1,1
3.533143042,0,1
3.533144083,1,1
3.533145167,0,1
3.533146167,1,1
3.533147250,0,1
3.533148458,1,1
3.533149500,0,1
3.533150583,1,1
3.533151583,0,1
3.533153708,1,1
3.533154708,1,0
3.533155708,0,0
3.533157667,1,0
3.533158667,1,1
3.533161792,1,0
3.533162750,0,0
3.533164875,1,0
3.533165875,0,0
3.533167958,1,0
3.533169000,0,0
3.533170042,0,1
3.533171083,1,1
3.533172083,0,1
3.533173125,0,0
3.533174208,1,0
3.533175167,0,0
3.533177292,1,0
3.533178292,0,0
3.533180375,1,0
3.533181417,0,0
3.533182458,0,1
3.533183500,1,1
3.533184500,0,1
3.533185583,0,0
3.533186583,1,0
3.533187583,0,0
3.533189708,1,0
3.533190708,0,0
3.533192792,1,0
3.533193792,0,0
3.533195875,1,0
3.533196917,0,0
3.533199000,1,0
3.533200000,0,0
3.533202083,1,0
3.533203125,0,0
3.533205208,1,0
3.533206208,0,0
3.533208292,1,0
3.533209292,0,0
3.533211417,1,0
3.533212417,0,0
3.533214500,1,0
3.533215500,0,0
3.533217625,1,0
3.533218625,0,0
3.533220708,1,0
3.533221708,0,0
3.533223833,1,0
3.533224833,0,0
3.533226917,1,0
3.533227917,0,0
3.533230042,1,0
3.533231042,0,0
3.533233125,1,0
3.533234125,0,0
3.533236250,1,0
3.533237250,0,0
3.533239333,1,0
3.533240333,0,0
3.533242458,1,0
3.533243458,0,0
3.533245542,1,0
3.533246542,0,0
3.533248625,1,0
3.533249625,0,0
3.533251750,1,0
3.533252750,0,0
3.533254833,1,0
3.533255833,0,0
3.533257958,1,0
3.533258958,0,0
3.533261042,1,0
3.533262042,0,0
3.533264167,1,0
3.533265167,0,0
3.533267250,1,0
3.533268250,0,0
3.533270375,1,0
3.533271375,0,0
3.533273458,1,0
3.533274458,0,0
3.533276583,1,0
3.533277583,0,0
3.533279667,1,0
3.533280667,0,0
3.533282792,1,0
3.533283792,0,0
3.533285917,1,0
3.533286917,0,0
3.533287917,0,1
3.533289042,1,1
3.533290000,0,1
3.533291250,1,1
3.533292250,0,1
3.533294417,1,1
3.533295458,0,1
3.533296500,1,1
3.533297583,0,1
3.533298625,1,1
3.533299667,0,1
3.533300708,1,1
3.533301792,0,1
3.533302833,1,1
3.533303917,0,0
3.533304958,1,0
3.533306042,0,0
3.533306333,0,1
3.533307083,1,1
3.533308125,0,1
3.533309292,1,1
3.533310375,0,1
3.533311417,1,1
3.533312458,0,1
3.533313500,1,1
3.533314458,0,1
3.533315500,1,1
3.533316583,0,1
3.533317583,1,1
3.533318667,0,1
3.533319708,1,1
3.533320792,0,1
3.533321833,1,1
3.533322917,0,1
3.533323917,1,1
3.533325000,0,1
3.533326042,1,1
3.533327125,0,1
3.533328125,1,1
3.533329250,0,1
3.533330250,1,1
3.533331333,0,1
3.533332375,1,1
3.533333458,0,1
3.533334458,1,1
3.533335542,0,1
3.533336583,1,1
3.533337667,0,1
3.533338708,1,1
3.533339792,0,1
3.533340792,1,1
3.533341875,0,1
3.533342917,1,1
3.533344000,0,1
3.533345042,1,1
3.533346125,0,1
3.533347125,1,1
3.533348208,0,1
3.533349250,1,1
3.533350333,0,1
3.533351333,1,1
3.533352458,0,1
3.533353458,1,1
3.533354542,0,1
3.533355583,1,1
3.533356667,0,1
3.533357667,1,1
3.533358792,0,1
3.533359792,1,1
3.533360875,0,1
3.533361917,1,1
3.533363000,0,1
3.533364000,1,1
3.533365125,0,1
3.533366125,1,1
3.533367208,0,1
3.533368250,1,1
3.533369333,0,1
3.533370333,1,1
3.533371458,0,1
3.533372458,1,1
3.533373542,0,1
3.533374583,1,1
3.533375667,0,1
3.533376875,1,1
3.533377875,0,1
3.533378958,1,1
3.533380000,0,1
3.533382083,1,1
3.533383125,1,0
3.533384083,0,0
3.533386083,1,0
3.533387042,1,1
3.533390167,1,0
3.533391167,0,0
3.533393250,1,0
3.533394250,0,0
3.533396375,1,0
3.533397375,0,0
3.533398417,0,1
3.533399458,1,1
3.533400458,0,1
3.533401542,0,0
3.533402583,1,0
3.533403542,0,0
3.533405667,1,0
3.533406667,0,0
3.533408750,1,0
3.533409792,0,0
3.533410833,0,1
3.533411875,1,1
3.533412875,0,1
3.533413958,0,0
3.533414958,1,0
3.533415958,0,0
3.533418083,1,0
3.533419083,0,0
3.533421167,1,0
3.533422167,0,0
3.533424292,1,0
3.533425292,0,0
3.533427375,1,0
3.533428375,0,0
3.533430500,1,0
3.533431500,0,0
3.533433583,1,0
3.533434583,0,0
3.533436708,1,0
3.533437708,0,0
3.533439792,1,0
3.533440792,0,0
3.533442917,1,0
3.533443917,0,0
3.533446000,1,0
3.533447000,0,0
3.533449125,1,0
3.533450125,0,0
3.533452208,1,0
3.533453208,0,0
3.533455333,1,0
3.533456333,0,0
3.533458417,1,0
3.533459417,0,0
3.533461500,1,0
3.533462500,0,0
3.533464625,1,0
3.533465625,0,0
3.533467708,1,0
3.533468708,0,0
3.533470833,1,0
3.533471833,0,0
3.533473917,1,0
3.533474917,0,0
3.533477042,1,0
3.533478042,0,0
3.533480125,1,0
3.533481125,0,0
3.533483250,1,0
3.533484250,0,0
3.533486333,1,0
3.533487333,0,0
3.533489458,1,0
3.533490458,0,0
3.533492542,1,0
3.533493542,0,0
3.533495667,1,0
3.533496667,0,0
3.533498750,1,0
3.533499750,0,0
3.533501875,1,0
3.533502875,0,0
3.533504958,1,0
3.533505958,0,0
3.533508083,1,0
3.533509083,0,0
3.533511167,1,0
3.533512167,0,0
3.533514292,1,0
3.533515292,0,0
3.533516292,0,1
3.533517417,1,1
3.533518417,0,1
3.533519625,1,1
3.533520625,0,1
3.533522792,1,1
3.533523833,0,1
3.533524875,1,1
3.533525958,0,1
3.533527000,1,1
3.533528042,0,1
3.533529083,1,1
3.533530208,0,1
3.533531208,1,1
3.533532292,0,0
3.533533333,1,0
3.533534417,0,0
3.533534750,0,1
3.533535458,1,1
3.533536500,0,1
3.533537667,1,1
3.533538750,0,1
3.533539792,1,1
3.533540833,0,1
3.533541875,1,1
3.533542833,0,1
3.533543875,1,1
3.533544958,0,1
3.533545958,1,1
3.533547083,0,1
3.533548083,1,1
3.533549167,0,1
3.533550208,1,1
3.533551292,0,1
3.533552292,1,1
3.533553417,0,1
3.533554417,1,1
3.533555500,0,1
3.533556542,1,1
3.533557625,0,1
3.533558625,1,1
3.533559750,0,1
3.533560750,1,1
3.533561833,0,1
3.533562875,1,1
3.533563958,0,1
3.533564958,1,1
3.533566042,0,1
3.533567083,1,1
3.533568167,0,1
3.533569167,1,1
3.533570292,0,1
3.533571292,1,1
3.533572375,0,1
3.533573417,1,1
3.533574500,0,1
3.533575500,1,1
3.533576625,0,1
3.533577625,1,1
3.533578708,0,1
3.533579750,1,1
3.533580833,0,1
3.533581833,1,1
3.533582958,0,1
3.533583958,1,1
3.533585042,0,1
3.533586083,1,1
3.533587167,0,1
3.533588167,1,1
3.533589250,0,1
3.533590292,1,1
3.533591375,0,1
3.533592417,1,1
3.533593500,0,1
3.533594500,1,1
3.533595583,0,1
3.533596625,1,1
3.533597708,0,1
3.533598750,1,1
3.533599833,0,1
3.533600833,1,1
3.533601917,0,1
3.533602958,1,1
3.533604042,0,1
3.533605250,1,1
3.533606250,0,1
3.533607375,1,1
3.533608375,0,1
3.533610500,1,1
3.533611500,1,0
3.533612500,0,0
3.533614458,1,0
3.533615458,1,1
3.533618542,1,0
3.533619542,0,0
3.533621625,1,0
3.533622667,0,0
3.533624750,1,0
3.533625750,0,0
3.533626833,0,1
3.533627875,1,1
3.533628875,0,1
3.533629917,0,0
3.533630958,1,0
3.533631958,0,0
3.533634042,1,0
3.533635083,0,0
3.533637167,1,0
3.533638167,0,0
3.533639208,0,1
3.533640292,1,1
3.533641292,0,1
3.533642375,0,0
3.533643375,1,0
3.533644375,0,0
3.533646458,1,0
3.533647458,0,0
3.533649583,1,0
3.533650583,0,0
3.533652667,1,0
3.533653667,0,0
3.533655792,1,0
3.533656792,0,0
3.533658875,1,0
3.533659875,0,0
3.533662000,1,0
3.533663000,0,0
3.533665083,1,0
3.533666083,0,0
3.533668208,1,0
3.533669208,0,0
3.533671292,1,0
3.533672292,0,0
3.533674417,1,0
3.533675417,0,0
3.533677500,1,0
3.533678500,0,0
3.533680583,1,0
3.533681583,0,0
3.533683708,1,0
3.533684708,0,0
3.533686792,1,0
3.533687792,0,0
3.533689917,1,0
3.533690917,0,0
3.533693000,1,0
3.533694000,0,0
3.533696125,1,0
3.533697125,0,0
3.533699208,1,0
3.533700208,0,0
3.533702333,1,0
3.533703333,0,0
3.533705417,1,0
3.533706417,0,0
3.533708542,1,0
3.533709542,0,0
3.533711625,1,0
3.533712625,0,0
3.533714750,1,0
3.533715750,0,0
3.533717833,1,0
3.533718833,0,0
3.533720958,1,0
3.533721958,0,0
3.533724042,1,0
3.533725042,0,0
3.533727167,1,0
3.533728167,0,0
3.533730250,1,0
3.533731250,0,0
3.533733375,1,0
3.533734375,0,0
3.533736458,1,0
3.533737458,0,0
3.533739542,1,0
3.533740583,0,0
3.533742708,1,0
3.533743667,0,0
3.533744708,0,1
3.533745792,1,1
3.533746792,0,1
3.533748000,1,1
3.533749042,0,1
3.533751167,1,1
3.533752250,0,1
3.533753292,1,1
3.533754333,0,1
3.533755375,1,1
3.533756458,0,1
3.533757500,1,1
3.533758583,0,1
3.533759625,1,1
3.533760667,0,1
3.533760708,0,0
3.533761750,1,0
3.533762792,0,0
3.533763167,0,1
3.533763833,1,1
3.533764917,0,1
3.533766083,1,1
3.533767125,0,1
3.533768167,1,1
3.533769250,0,1
3.533770250,1,1
3.533771250,0,1
3.533772250,1,1
3.533773333,0,1
3.533774375,1,1
3.533775458,0,1
3.533776500,1,1
3.533777583,0,1
3.533778583,1,1
3.533779667,0,1
3.533780708,1,1
3.533781792,0,1
3.533782792,1,1
3.533783917,0,1
3.533784917,1,1
3.533786000,0,1
3.533787042,1,1
3.533788125,0,1
3.533789125,1,1
3.533790250,0,1
3.533791250,1,1
3.533792333,0,1
3.533793375,1,1
3.533794458,0,1
3.533795458,1,1
3.533796583,0,1
3.533797583,1,1
3.533798667,0,1
3.533799708,1,1
3.533800792,0,1
3.533801792,1,1
3.533802875,0,1
3.533803917,1,1
3.533805000,0,1
3.533806042,1,1
3.533807125,0,1
3.533808125,1,1
3.533809208,0,1
3.533810250,1,1
3.533811333,0,1
3.533812375,1,1
3.533813458,0,1
3.533814458,1,1
3.533815542,0,1
3.533816583,1,1
3.533817667,0,1
3.533818708,1,1
3.533819792,0,1
3.533820792,1,1
3.533821875,0,1
3.533822917,1,1
3.533824000,0,1
3.533825000,1,1
3.533826125,0,1
3.533827125,1,1
3.533828208,0,1
3.533829250,1,1
3.533830333,0,1
3.533831333,1,1
3.533832458,0,1
3.533833625,1,1
3.533834667,0,1
3.533835750,1,1
3.533836792,0,1
3.533838875,1,1
3.533839917,1,0
3.533840875,0,0
3.533842875,1,0
3.533843833,1,1
3.533846958,1,0
3.533847958,0,0
3.533850042,1,0
3.533851042,0,0
3.533853167,1,0
3.533854167,0,0
3.533855208,0,1
3.533856250,1,1
3.533857250,0,1
3.533858333,0,0
3.533859375,1,0
3.533860333,0,0
3.533862458,1,0
3.533863458,0,0
3.533865583,1,0
3.533866583,0,0
3.533867625,0,1
3.533868667,1,1
3.533869667,0,1
3.533870750,0,0
3.533871750,1,0
3.533872750,0,0
3.533874875,1,0
3.533875875,0,0
3.533877958,1,0
3.533878958,0,0
3.533881083,1,0
3.533882083,0,0
3.533884167,1,0
3.533885167,0,0
3.533887292,1,0
3.533888292,0,0
3.533890375,1,0
3.533891375,0,0
3.533893500,1,0
3.533894500,0,0
3.533896583,1,0
3.533897583,0,0
3.533899708,1,0
3.533900708,0,0
3.533902792,1,0
3.533903792,0,0
3.533905917,1,0
3.533906917,0,0
3.533909000,1,0
3.533910000,0,0
3.533912125,1,0
3.533913125,0,0
3.533915208,1,0
3.533916208,0,0
3.533918292,1,0
3.533919333,0,0
3.533921417,1,0
3.533922417,0,0
3.533924500,1,0
3.533925500,0,0
3.533927625,1,0
3.533928625,0,0
3.533930708,1,0
3.533931708,0,0
3.533933833,1,0
3.533934833,0,0
3.533936917,1,0
3.533937917,0,0
3.533940042,1,0
3.533941042,0,0
3.533943125,1,0
3.533944125,0,0
3.533946250,1,0
3.533947250,0,0
3.533949333,1,0
3.533950333,0,0
3.533952417,1,0
3.533953417,0,0
3.533955542,1,0
3.533956542,0,0
3.533958625,1,0
3.533959625,0,0
3.533961750,1,0
3.533962750,0,0
3.533964833,1,0
3.533965833,0,0
3.533967958,1,0
3.533968958,0,0
3.533971083,1,0
3.533972083,0,0
3.533973083,0,1
3.533974167,1,1
3.533975167,0,1
3.533976417,1,1
3.533977417,0,1
3.533979583,1,1
3.533980625,0,1
3.533981667,1,1
3.533982750,0,1
3.533983792,1,1
3.533984833,0,1
3.533985875,1,1
3.533986958,0,1
3.533988000,1,1
3.533989083,0,0
3.533990125,1,0
3.533991208,0,0
3.533991583,0,1
3.533992208,1,1
3.533993292,0,1
3.533994458,1,1
3.533995542,0,1
3.533996583,1,1
3.533997625,0,1
3.533998625,1,1
3.533999625,0,1
3.534000625,1,1
3.534001750,0,1
3.534002750,1,1
3.534003833,0,1
3.534004875,1,1
3.534005958,0,1
3.534006958,1,1
3.534008083,0,1
3.534009083,1,1
3.534010167,0,1
3.534011208,1,1
3.534012292,0,1
3.534013292,1,1
3.534014375,0,1
3.534015417,1,1
3.534016500,0,1
3.534017500,1,1
3.534018625,0,1
3.534019625,1,1
3.534020708,0,1
3.534021750,1,1
3.534022833,0,1
3.534023833,1,1
3.534024958,0,1
3.534025958,1,1
3.534027042,0,1
3.534028083,1,1
3.534029167,0,1
3.534030167,1,1
3.534031292,0,1
3.534032292,1,1
3.534033375,0,1
3.534034417,1,1
3.534035500,0,1
3.534036500,1,1
3.534037583,0,1
3.534038625,1,1
3.534039708,0,1
3.534040708,1,1
3.534041833,0,1
3.534042833,1,1
3.534043917,0,1
3.534044958,1,1
3.534046042,0,1
3.534047042,1,1
3.534048167,0,1
3.534049167,1,1
3.534050250,0,1
3.534051292,1,1
3.534052375,0,1
3.534053375,1,1
3.534054500,0,1
3.534055500,1,1
3.534056583,0,1
3.534057625,1,1
3.534058708,0,1
3.534059708,1,1
3.534060792,0,1
3.534062000,1,1
3.534063042,0,1
3.534064125,1,1
3.534065125,0,1
3.534067250,1,1
3.534068250,1,0
3.534069250,0,0
3.534071208,1,0
3.534072208,1,1
3.534075333,1,0
3.534076292,0,0
3.534078417,1,0
3.534079417,0,0
3.534081500,1,0
3.534082500,0,0
3.534083583,0,1
3.534084625,1,1
3.534085625,0,1
3.534086667,0,0
3.534087708,1,0
3.534088708,0,0
3.534090792,1,0
3.534091833,0,0
3.534093917,1,0
3.534094917,0,0
3.534096000,0,1
3.534097042,1,1
3.534098042,0,1
3.534099125,0,0
3.534100125,1,0
3.534101125,0,0
3.534103208,1,0
3.534104208,0,0
3.534106333,1,0
3.534107333,0,0
3.534109417,1,0
3.534110417,0,0
3.534112542,1,0
3.534113542,0,0
3.534115625,1,0
3.534116625,0,0
3.534118708,1,0
3.534119708,0,0
3.534121833,1,0
3.534122833,0,0
3.534124917,1,0
3.534125917,0,0
3.534128042,1,0
3.534129042,0,0
3.534131125,1,0
3.534132125,0,0
3.534134250,1,0
3.534135250,0,0
3.534137333,1,0
3.534138333,0,0
3.534140458,1,0
3.534141458,0,0
3.534143542,1,0
3.534144542,0,0
3.534146667,1,0
3.534147667,0,0
3.534149750,1,0
3.534150750,0,0
3.534152875,1,0
3.534153875,0,0
3.534155958,1,0
3.534156958,0,0
3.534159042,1,0
3.534160042,0,0
3.534162167,1,0
3.534163167,0,0
3.534165250,1,0
3.534166250,0,0
3.534168375,1,0
3.534169375,0,0
3.534171458,1,0
3.534172458,0,0
3.534174583,1,0
3.534175583,0,0
3.534177667,1,0
3.534178667,0,0
3.534180792,1,0
3.534181792,0,0
3.534183875,1,0
3.534184875,0,0
3.534186958,1,0
3.534187958,0,0
3.534190083,1,0
3.534191083,0,0
3.534193167,1,0
3.534194167,0,0
3.534196292,1,0
3.534197292,0,0
3.534199417,1,0
3.534200417,0,0
3.534201417,0,1
3.534202500,1,1
3.534203542,0,1
3.534204750,1,1
3.534205750,0,1
3.534207917,1,1
3.534208958,0,1
3.534210000,1,1
3.534211083,0,1
3.534212125,1,1
3.534213167,0,1
3.534214208,1,1
3.534215292,0,1
3.534216333,1,1
3.534217417,0,0
3.534218458,1,0
3.534219542,0,0
3.534219833,0,1
3.534220542,1,1
3.534221625,0,1
3.534222792,1,1
3.534223875,0,1
3.534224917,1,1
3.534225958,0,1
3.534226958,1,1
3.534227958,0,1
3.534228958,1,1
3.534230083,0,1
3.534231083,1,1
3.534232167,0,1
3.534233208,1,1
3.534234292,0,1
3.534235292,1,1
3.534236417,0,1
3.534237417,1,1
3.534238500,0,1
3.534239542,1,1
3.534240625,0,1
3.534241625,1,1
3.534242750,0,1
3.534243750,1,1
3.534244833,0,1
3.534245875,1,1
3.534246958,0,1
3.534247958,1,1
3.534249042,0,1
3.534250083,1,1
3.534251167,0,1
3.534252167,1,1
3.534253292,0,1
3.534254292,1,1
3.534255375,0,1
3.534256417,1,1
3.534257500,0,1
3.534258500,1,1
3.534259625,0,1
3.534260625,1,1
3.534261708,0,1
3.534262750,1,1
3.534263833,0,1
3.534264833,1,1
3.534265917,0,1
3.534266958,1,1
3.534268042,0,1
3.534269083,1,1
3.534270167,0,1
3.534271167,1,1
3.534272250,0,1
3.534273292,1,1
3.534274375,0,1
3.534275375,1,1
3.534276500,0,1
3.534277500,1,1
3.534278583,0,1
3.534279625,1,1
3.534280708,0,1
3.534281708,1,1
3.534282833,0,1
3.534283833,1,1
3.534284917,0,1
3.534285958,1,1
3.534287042,0,1
3.534288042,1,1
3.534289125,0,1
3.534290333,1,1
3.534291375,0,1
3.534292458,1,1
3.534293458,0,1
3.534295583,1,1
3.534296583,1,0
3.534297583,0,0
3.534299542,1,0
3.534300542,1,1
3.534303667,1,0
3.534304625,0,0
3.534306750,1,0
3.534307750,0,0
3.534309833,1,0
3.534310833,0,0
3.534311917,0,1
3.534312958,1,1
3.534313958,0,1
3.534315000,0,0
3.534316042,1,0
3.534317042,0,0
3.534319125,1,0
3.534320167,0,0
3.534322250,1,0
3.534323250,0,0
3.534324333,0,1
3.534325375,1,1
3.534326375,0,1
3.534327458,0,0
3.534328458,1,0
3.534329458,0,0
3.534331542,1,0
3.534332542,0,0
3.534334667,1,0
3.534335667,0,0
3.534337750,1,0
3.534338750,0,0
3.534340875,1,0
3.534341875,0,0
3.534343958,1,0
3.534344958,0,0
3.534347083,1,0
3.534348083,0,0
3.534350167,1,0
3.534351167,0,0
3.534353292,1,0
3.534354292,0,0
3.534356375,1,0
3.534357375,0,0
3.534359458,1,0
3.534360458,0,0
3.534362583,1,0
3.534363583,0,0
3.534365667,1,0
3.534366667,0,0
3.534368792,1,0
3.534369792,0,0
3.534371875,1,0
3.534372875,0,0
3.534375000,1,0
3.534376000,0,0
3.534378083,1,0
3.534379083,0,0
3.534381208,1,0
3.534382208,0,0
3.534384292,1,0
3.534385292,0,0
3.534387417,1,0
3.534388417,0,0
3.534390500,1,0
3.534391500,0,0
3.534393625,1,0
3.534394625,0,0
3.534396708,1,0
3.534397708,0,0
3.534399833,1,0
3.534400833,0,0
3.534402917,1,0
3.534403917,0,0
3.534406000,1,0
3.534407000,0,0
3.534409125,1,0
3.534410125,0,0
3.534412208,1,0
3.534413208,0,0
3.534415333,1,0
3.534416333,0,0
3.534418417,1,0
3.534419417,0,0
3.534421542,1,0
3.534422542,0,0
3.534424625,1,0
3.534425625,0,0
3.534427750,1,0
3.534428750,0,0
3.534429750,0,1
3.534430875,1,1
3.534431875,0,1
3.534433083,1,1
3.534434083,0,1
3.534436250,1,1
3.534437333,0,1
3.534438333,1,1
3.534439417,0,1
3.534440458,1,1
3.534441500,0,1
3.534442542,1,1
3.534443667,0,1
3.534444667,1,1
3.534445750,0,0
3.534446792,1,0
3.534447875,0,0
3.534448250,0,1
3.534448917,1,1
3.534449958,0,1
3.534451125,1,1
3.534452208,0,1
3.534453250,1,1
3.534454292,0,1
3.534455333,1,1
3.534456292,0,1
3.534457333,1,1
3.534458417,0,1
3.534459417,1,1
3.534460542,0,1
3.534461542,1,1
3.534462625,0,1
3.534463667,1,1
3.534464750,0,1
3.534465750,1,1
3.534466833,0,1
3.534467875,1,1
3.534468958,0,1
3.534469958,1,1
3.534471083,0,1
3.534472083,1,1
3.534473167,0,1
3.534474208,1,1
3.534475292,0,1
3.534476292,1,1
3.534477417,0,1
3.534478417,1,1
3.534479500,0,1
3.534480542,1,1
3.534481625,0,1
3.534482625,1,1
3.534483708,0,1
3.534484750,1,1
3.534485833,0,1
3.534486875,1,1
3.534487958,0,1
3.534488958,1,1
3.534490042,0,1
3.534491083,1,1
3.534492167,0,1
3.534493167,1,1
3.534494292,0,1
3.534495292,1,1
3.534496375,0,1
3.534497417,1,1
3.534498500,0,1
3.534499500,1,1
3.534500625,0,1
3.534501625,1,1
3.534502708,0,1
3.534503750,1,1
3.534504833,0,1
3.534505833,1,1
3.534506917,0,1
3.534507958,1,1
3.534509042,0,1
3.534510083,1,1
3.534511167,0,1
3.534512167,1,1
3.534513250,0,1
3.534514292,1,1
3.534515375,0,1
3.534516417,1,1
3.534517500,0,1
3.534518708,1,1
3.534519708,0,1
3.534520792,1,1
3.534521833,0,1
3.534523917,1,1
3.534524958,1,0
3.534525958,0,0
3.534527917,1,0
3.534528875,1,1
3.534532000,1,0
3.534533000,0,0
3.534535083,1,0
3.534536083,0,0
3.534538208,1,0
3.534539208,0,0
3.534540250,0,1
3.534541292,1,1
3.534542292,0,1
3.534543375,0,0
3.534544417,1,0
3.534545375,0,0
3.534547500,1,0
3.534548500,0,0
3.534550583,1,0
3.534551625,0,0
3.534552667,0,1
3.534553708,1,1
3.534554708,0,1
3.534555792,0,0
3.534556792,1,0
3.534557792,0,0
3.534559917,1,0
3.534560917,0,0
3.534563000,1,0
3.534564000,0,0
3.534566125,1,0
3.534567125,0,0
3.534569208,1,0
3.534570208,0,0
3.534572333,1,0
3.534573333,0,0
3.534575417,1,0
3.534576417,0,0
3.534578500,1,0
3.534579542,0,0
3.534581625,1,0
3.534582625,0,0
3.534584708,1,0
3.534585750,0,0
3.534587833,1,0
3.534588833,0,0
3.534590917,1,0
3.534591917,0,0
3.534594042,1,0
3.534595042,0,0
3.534597125,1,0
3.534598125,0,0
3.534600250,1,0
3.534601250,0,0
3.534603333,1,0
3.534604333,0,0
3.534606458,1,0
3.534607458,0,0
3.534609542,1,0
3.534610542,0,0
3.534612667,1,0
3.534613667,0,0
3.534615750,1,0
3.534616750,0,0
3.534618875,1,0
3.534619875,0,0
3.534621958,1,0
3.534622958,0,0
3.534625083,1,0
3.534626083,0,0
3.534628167,1,0
3.534629167,0,0
3.534631292,1,0
3.534632292,0,0
3.534634375,1,0
3.534635375,0,0
3.534637500,1,0
3.534638500,0,0
3.534640583,1,0
3.534641583,0,0
3.534643667,1,0
3.534644708,0,0
3.534646792,1,0
3.534647792,0,0
3.534649875,1,0
3.534650875,0,0
3.534653000,1,0
3.534654000,0,0
3.534656125,1,0
3.534657125,0,0
3.534658125,0,1
3.534659250,1,1
3.534660250,0,1
3.534661458,1,1
3.534662458,0,1
3.534664625,1,1
3.534665667,0,1
3.534666708,1,1
3.534667792,0,1
3.534668833,1,1
3.534669875,0,1
3.534670917,1,1
3.534672000,0,1
3.534673042,1,1
3.534674125,0,0
3.534675167,1,0
3.534676250,0,0
3.534676583,0,1
3.534677292,1,1
3.534678333,0,1
3.534679500,1,1
3.534680583,0,1
3.534681625,1,1
3.534682667,0,1
3.534683708,1,1
3.534684667,0,1
3.534685708,1,1
3.534686792,0,1
3.534687792,1,1
3.534688917,0,1
3.534689917,1,1
3.534691000,0,1
3.534692042,1,1
3.534693125,0,1
3.534694125,1,1
3.534695208,0,1
3.534696250,1,1
3.534697333,0,1
3.534698375,1,1
3.534699458,0,1
3.534700458,1,1
3.534701542,0,1
3.534702583,1,1
3.534703667,0,1
3.534704667,1,1
3.534705792,0,1
3.534706792,1,1
3.534707875,0,1
3.534708917,1,1
3.534710000,0,1
3.534711000,1,1
3.534712125,0,1
3.534713125,1,1
3.534714208,0,1
3.534715250,1,1
3.534716333,0,1
3.534717333,1,1
3.534718458,0,1
3.534719458,1,1
3.534720542,0,1
3.534721583,1,1
3.534722667,0,1
3.534723667,1,1
3.534724750,0,1
3.534725792,1,1
3.534726875,0,1
3.534727917,1,1
3.534729000,0,1
3.534730000,1,1
3.534731125,0,1
3.534732125,1,1
3.534733208,0,1
3.534734250,1,1
3.534735333,0,1
3.534736333,1,1
3.534737417,0,1
3.534738458,1,1
3.534739542,0,1
3.534740542,1,1
3.534741667,0,1
3.534742667,1,1
3.534743750,0,1
3.534744792,1,1
3.534745875,0,1
3.534747083,1,1
3.534748083,0,1
3.534749167,1,1
3.534750208,0,1
3.534752333,1,1
3.534753333,1,0
3.534754333,0,0
3.534756292,1,0
3.534757292,1,1
3.534760375,1,0
3.534761375,0,0
3.534763458,1,0
3.534764458,0,0
3.534766583,1,0
3.534767583,0,0
3.534768625,0,1
3.534769667,1,1
3.534770708,0,1
3.534771750,0,0
3.534772792,1,0
3.534773792,0,0
3.534775875,1,0
3.534776875,0,0
3.534779000,1,0
3.534780000,0,0
3.534781042,0,1
3.534782083,1,1
3.534783125,0,1
3.534784208,0,0
3.534785208,1,0
3.534786208,0,0
3.534788292,1,0
3.534789292,0,0
3.534791417,1,0
3.534792417,0,0
3.534794500,1,0
3.534795500,0,0
3.534797625,1,0
3.534798625,0,0
3.534800708,1,0
3.534801708,0,0
3.534803792,1,0
3.534804792,0,0
3.534806917,1,0
3.534807917,0,0
3.534810000,1,0
3.534811000,0,0
3.534813125,1,0
3.534814125,0,0
3.534816208,1,0
3.534817208,0,0
3.534819333,1,0
3.534820333,0,0
3.534822417,1,0
3.534823417,0,0
3.534825542,1,0
3.534826542,0,0
3.534828625,1,0
3.534829625,0,0
3.534831750,1,0
3.534832750,0,0
3.534834833,1,0
3.534835833,0,0
3.534837958,1,0
3.534838958,0,0
3.534841042,1,0
3.534842042,0,0
3.534844167,1,0
3.534845167,0,0
3.534847250,1,0
3.534848250,0,0
3.534850333,1,0
3.534851375,0,0
3.534853458,1,0
3.534854458,0,0
3.534856583,1,0
3.534857583,0,0
3.534859667,1,0
3.534860667,0,0
3.534862750,1,0
3.534863792,0,0
3.534865875,1,0
3.534866875,0,0
3.534868958,1,0
3.534869958,0,0
3.534872083,1,0
3.534873083,0,0
3.534875167,1,0
3.534876167,0,0
3.534878292,1,0
3.534879292,0,0
3.534881375,1,0
3.534882375,0,0
3.534884542,1,0
3.534885500,0,0
3.534886542,0,1
3.534887625,1,1
3.534888625,0,1
3.534889833,1,1
3.534890875,0,1
3.534893000,1,1
3.534894083,0,1
3.534895125,1,1
3.534896167,0,1
3.534897208,1,1
3.534898292,0,1
3.534899333,1,1
3.534900417,0,1
3.534901458,1,1
3.534902500,0,1
3.534902542,0,0
3.534903583,1,0
3.534904625,0,0
3.534904917,0,1
3.534905667,1,1
3.534906750,0,1
3.534907917,1,1
3.534908958,0,1
3.534910000,1,1
3.534911083,0,1
3.534912083,1,1
3.534913083,0,1
3.534914083,1,1
3.534915167,0,1
3.534916208,1,1
3.534917292,0,1
3.534918292,1,1
3.534919417,0,1
3.534920417,1,1
3.534921500,0,1
3.534922542,1,1
3.534923625,0,1
3.534924625,1,1
3.534925750,0,1
3.534926750,1,1
3.534927833,0,1
3.534928875,1,1
3.534929958,0,1
3.534930958,1,1
3.534932042,0,1
3.534933083,1,1
3.534934167,0,1
3.534935167,1,1
3.534936292,0,1
3.534937292,1,1
3.534938375,0,1
3.534939417,1,1
3.534940500,0,1
3.534941500,1,1
3.534942625,0,1
3.534943625,1,1
3.534944708,0,1
3.534945750,1,1
3.534946833,0,1
3.534947833,1,1
3.534948958,0,1
3.534949958,1,1
3.534951042,0,1
3.534952083,1,1
3.534953167,0,1
3.534954167,1,1
3.534955250,0,1
3.534956292,1,1
3.534957375,0,1
3.534958375,1,1
3.534959500,0,1
3.534960500,1,1
3.534961583,0,1
3.534962625,1,1
3.534963708,0,1
3.534964708,1,1
3.534965833,0,1
3.534966833,1,1
3.534967917,0,1
3.534968958,1,1
3.534970042,0,1
3.534971042,1,1
3.534972125,0,1
3.534973167,1,1
3.534974250,0,1
3.534975458,1,1
3.534976458,0,1
3.534977583,1,1
3.534978583,0,1
3.534980708,1,1
3.534981708,1,0
3.534982708,0,0
3.534984667,1,0
3.534985667,1,1
3.534988792,1,0
3.534989750,0,0
3.534991833,1,0
3.534992875,0,0
3.534994958,1,0
3.534995958,0,0
3.534997000,0,1
3.534998083,1,1
3.534999083,0,1
3.535000125,0,0
3.535001167,1,0
3.535002167,0,0
3.535004250,1,0
3.535005250,0,0
3.535007375,1,0
3.535008375,0,0
3.535009417,0,1
3.535010458,1,1
3.535011500,0,1
3.535012583,0,0
3.535013583,1,0
3.535014583,0,0
3.535016667,1,0
3.535017667,0,0
3.535019792,1,0
3.535020792,0,0
3.535022875,1,0
3.535023875,0,0
3.535025958,1,0
3.535027000,0,0
3.535029083,1,0
3.535030083,0,0
3.535032167,1,0
3.535033208,0,0
3.535035292,1,0
3.535036292,0,0
3.535038375,1,0
3.535039375,0,0
3.535041500,1,0
3.535042500,0,0
3.535044583,1,0
3.535045583,0,0
3.535047708,1,0
3.535048708,0,0
3.535050792,1,0
3.535051792,0,0
3.535053917,1,0
3.535054917,0,0
3.535057000,1,0
3.535058000,0,0
3.535060125,1,0
3.535061125,0,0
3.535063208,1,0
3.535064208,0,0
3.535066292,1,0
3.535067292,0,0
3.535069417,1,0
3.535070417,0,0
3.535072500,1,0
3.535073542,0,0
3.535075625,1,0
3.535076625,0,0
3.535078708,1,0
3.535079708,0,0
3.535081833,1,0
3.535082833,0,0
3.535084917,1,0
3.535085917,0,0
3.535088042,1,0
3.535089042,0,0
3.535091125,1,0
3.535092125,0,0
3.535094250,1,0
3.535095250,0,0
3.535097333,1,0
3.535098333,0,0
3.535100458,1,0
3.535101458,0,0
3.535103542,1,0
3.535104542,0,0
3.535106667,1,0
3.535107667,0,0
3.535109750,1,0
3.535110750,0,0
3.535112875,1,0
3.535113875,0,0
3.535114875,0,1
3.535116000,1,1
3.535117000,0,1
3.535118208,1,1
3.535119208,0,1
3.535121375,1,1
3.535122417,0,1
3.535123458,1,1
3.535124542,0,1
3.535125583,1,1
3.535126625,0,1
3.535127667,1,1
3.535128750,0,1
3.535129792,1,1
3.535130875,0,0
3.535131917,1,0
3.535133000,0,0
3.535133333,0,1
3.535134042,1,1
3.535135083,0,1
3.535136250,1,1
3.535137333,0,1
3.535138375,1,1
3.535139417,0,1
3.535140458,1,1
3.535141417,0,1
3.535142458,1,1
3.535143542,0,1
3.535144542,1,1
3.535145667,0,1
3.535146667,1,1
3.535147750,0,1
3.535148792,1,1
3.535149875,0,1
3.535150875,1,1
3.535152000,0,1
3.535153000,1,1
3.535154083,0,1
3.535155125,1,1
3.535156208,0,1
3.535157208,1,1
3.535158292,0,1
3.535159333,1,1
3.535160417,0,1
3.535161458,1,1
3.535162542,0,1
3.535163542,1,1
3.535164625,0,1
3.535165667,1,1
3.535166750,0,1
3.535167750,1,1
3.535168875,0,1
3.535169875,1,1
3.535170958,0,1
3.535172000,1,1
3.535173083,0,1
3.535174083,1,1
3.535175208,0,1
3.535176208,1,1
3.535177292,0,1
3.535178333,1,1
3.535179417,0,1
3.535180417,1,1
3.535181542,0,1
3.535182542,1,1
3.535183625,0,1
3.535184667,1,1
3.535185750,0,1
3.535186750,1,1
3.535187833,0,1
3.535188875,1,1
3.535189958,0,1
3.535191000,1,1
3.535192083,0,1
3.535193083,1,1
3.535194167,0,1
3.535195208,1,1
3.535196292,0,1
3.535197292,1,1
3.535198417,0,1
3.535199417,1,1
3.535200500,0,1
3.535201542,1,1
3.535202625,0,1
3.535203833,1,1
3.535204833,0,1
3.535205958,1,1
3.535206958,0,1
3.535209083,1,1
3.535210083,1,0
3.535211083,0,0
3.535213042,1,0
3.535214042,1,1
3.535217125,1,0
3.535218125,0,0
3.535220208,1,0
3.535221250,0,0
3.535223333,1,0
3.535224333,0,0
3.535225375,0,1
3.535226458,1,1
3.535227458,0,1
3.535228500,0,0
3.535229542,1,0
3.535230542,0,0
3.535232625,1,0
3.535233625,0,0
3.535235750,1,0
3.535236750,0,0
3.535237792,0,1
3.535238833,1,1
3.535239875,0,1
3.535240958,0,0
3.535241958,1,0
3.535242958,0,0
3.535245042,1,0
3.535246042,0,0
3.535248125,1,0
3.535249167,0,0
3.535251250,1,0
3.535252250,0,0
3.535254333,1,0
3.535255333,0,0
3.535257458,1,0
3.535258458,0,0
3.535260542,1,0
3.535261583,0,0
3.535263667,1,0
3.535264667,0,0
3.535266750,1,0
3.535267792,0,0
3.535269875,1,0
3.535270875,0,0
3.535272958,1,0
3.535273958,0,0
3.535276083,1,0
3.535277083,0,0
3.535279167,1,0
3.535280167,0,0
3.535282292,1,0
3.535283292,0,0
3.535285375,1,0
3.535286375,0,0
3.535288500,1,0
3.535289500,0,0
3.535291583,1,0
3.535292583,0,0
3.535294708,1,0
3.535295708,0,0
3.535297792,1,0
3.535298792,0,0
3.535300917,1,0
3.535301917,0,0
3.535304000,1,0
3.535305000,0,0
3.535307125,1,0
3.535308125,0,0
3.535310208,1,0
3.535311208,0,0
3.535313292,1,0
3.535314292,0,0
3.535316417,1,0
3.535317417,0,0
3.535319500,1,0
3.535320500,0,0
3.535322625,1,0
3.535323625,0,0
3.535325708,1,0
3.535326708,0,0
3.535328833,1,0
3.535329833,0,0
3.535331917,1,0
3.535332917,0,0
3.535335042,1,0
3.535336042,0,0
3.535338125,1,0
3.535339125,0,0
3.535341250,1,0
3.535342250,0,0
3.535343250,0,1
3.535344375,1,1
3.535345375,0,1
3.535346583,1,1
3.535347583,0,1
3.535349750,1,1
3.535350833,0,1
3.535351833,1,1
3.535352917,0,1
3.535353958,1,1
3.535355000,0,1
3.535356042,1,1
3.535357125,0,1
3.535358167,1,1
3.535359250,0,0
3.535360292,1,0
3.535361375,0,0
3.535361750,0,1
3.535362417,1,1
3.535363458,0,1
3.535364625,1,1
3.535365708,0,1
3.535366750,1,1
3.535367792,0,1
3.535368833,1,1
3.535369792,0,1
3.535370833,1,1
3.535371917,0,1
3.535372917,1,1
3.535374042,0,1
3.535375042,1,1
3.535376125,0,1
3.535377167,1,1
3.535378250,0,1
3.535379250,1,1
3.535380333,0,1
3.535381375,1,1
3.535382458,0,1
3.535383458,1,1
3.535384583,0,1
3.535385583,1,1
3.535386667,0,1
3.535387708,1,1
3.535388792,0,1
3.535389792,1,1
3.535390917,0,1
3.535391917,1,1
3.535393000,0,1
3.535394042,1,1
3.535395125,0,1
3.535396125,1,1
3.535397208,0,1
3.535398250,1,1
3.535399333,0,1
3.535400333,1,1
3.535401458,0,1
3.535402458,1,1
3.535403542,0,1
3.535404583,1,1
3.535405667,0,1
3.535406667,1,1
3.535407792,0,1
3.535408792,1,1
3.535409875,0,1
3.535410917,1,1
3.535412000,0,1
3.535413000,1,1
3.535414125,0,1
3.535415125,1,1
3.535416208,0,1
3.535417250,1,1
3.535418333,0,1
3.535419333,1,1
3.535420417,0,1
3.535421458,1,1
3.535422542,0,1
3.535423583,1,1
3.535424667,0,1
3.535425667,1,1
3.535426750,0,1
3.535427792,1,1
3.535428875,0,1
3.535429875,1,1
3.535431000,0,1
3.535432208,1,1
3.535433208,0,1
3.535434292,1,1
3.535435333,0,1
3.535437417,1,1
3.535438458,1,0
3.535439417,0,0
3.535441417,1,0
3.535442375,1,1
3.535445500,1,0
3.535446500,0,0
3.535448583,1,0
3.535449583,0,0
3.535451667,1,0
3.535452708,0,0
3.535453750,0,1
3.535454792,1,1
3.535455792,0,1
3.535456875,0,0
3.535457917,1,0
3.535458875,0,0
3.535461000,1,0
3.535462000,0,0
3.535464083,1,0
3.535465125,0,0
3.535466167,0,1
3.535467208,1,1
3.535468208,0,1
3.535469292,0,0
3.535470292,1,0
3.535471292,0,0
3.535473417,1,0
3.535474417,0,0
3.535476500,1,0
3.535477500,0,0
3.535479625,1,0
3.535480625,0,0
3.535482708,1,0
3.535483708,0,0
3.535485833,1,0
3.535486833,0,0
3.535488917,1,0
3.535489917,0,0
3.535492042,1,0
3.535493042,0,0
3.535495125,1,0
3.535496125,0,0
3.535498250,1,0
3.535499250,0,0
3.535501333,1,0
3.535502333,0,0
3.535504458,1,0
3.535505458,0,0
3.535507542,1,0
3.535508542,0,0
3.535510625,1,0
3.535511625,0,0
3.535513750,1,0
3.535514750,0,0
3.535516833,1,0
3.535517875,0,0
3.535519958,1,0
3.535520958,0,0
3.535523042,1,0
3.535524042,0,0
3.535526167,1,0
3.535527167,0,0
3.535529250,1,0
3.535530250,0,0
3.535532375,1,0
3.535533375,0,0
3.535535458,1,0
3.535536458,0,0
3.535538583,1,0
3.535539583,0,0
3.535541667,1,0
3.535542667,0,0
3.535544792,1,0
3.535545792,0,0
3.535547875,1,0
3.535548875,0,0
3.535551000,1,0
3.535552000,0,0
3.535554083,1,0
3.535555083,0,0
3.535557208,1,0
3.535558208,0,0
3.535560292,1,0
3.535561292,0,0
3.535563417,1,0
3.535564417,0,0
3.535566500,1,0
3.535567500,0,0
3.535569625,1,0
3.535570625,0,0
3.535571625,0,1
3.535572708,1,1
3.535573750,0,1
3.535574958,1,1
3.535575958,0,1
3.535578125,1,1
3.535579167,0,1
3.535580208,1,1
3.535581292,0,1
3.535582333,1,1
3.535583375,0,1
3.535584417,1,1
3.535585500,0,1
3.535586542,1,1
3.535587625,0,0
3.535588667,1,0
3.535589750,0,0
3.535590083,0,1
3.535590792,1,1
3.535591833,0,1
3.535593000,1,1
3.535594083,0,1
3.535595125,1,1
3.535596167,0,1
3.535597208,1,1
3.535598167,0,1
3.535599208,1,1
3.535600292,0,1
3.535601292,1,1
3.535602417,0,1
3.535603417,1,1
3.535604500,0,1
3.535605542,1,1
3.535606625,0,1
3.535607625,1,1
3.535608750,0,1
3.535609750,1,1
3.535610833,0,1
3.535611875,1,1
3.535612958,0,1
3.535613958,1,1
3.535615042,0,1
3.535616083,1,1
3.535617167,0,1
3.535618208,1,1
3.535619292,0,1
3.535620292,1,1
3.535621375,0,1
3.535622417,1,1
3.535623500,0,1
3.535624500,1,1
3.535625625,0,1
3.535626625,1,1
3.535627708,0,1
3.535628750,1,1
3.535629833,0,1
3.535630833,1,1
3.535631958,0,1
3.535632958,1,1
3.535634042,0,1
3.535635083,1,1
3.535636167,0,1
3.535637167,1,1
3.535638292,0,1
3.535639292,1,1
3.535640375,0,1
3.535641417,1,1
3.535642500,0,1
3.535643500,1,1
3.535644583,0,1
3.535645625,1,1
3.535646708,0,1
3.535647750,1,1
3.535648833,0,1
3.535649833,1,1
3.535650958,0,1
3.535651958,1,1
3.535653042,0,1
3.535654083,1,1
3.535655167,0,1
3.535656167,1,1
3.535657250,0,1
3.535658292,1,1
3.535659375,0,1
3.535660583,1,1
3.535661583,0,1
3.535662708,1,1
3.535663708,0,1
3.535665833,1,1
3.535666833,1,0
3.535667833,0,0
3.535669792,1,0
3.535670792,1,1
3.535673917,1,0
3.535674875,0,0
3.535676958,1,0
3.535678000,0,0
3.535680083,1,0
3.535681083,0,0
3.535682167,0,1
3.535683208,1,1
3.535684208,0,1
3.535685250,0,0
3.535686292,1,0
3.535687292,0,0
3.535689375,1,0
3.535690417,0,0
3.535692500,1,0
3.535693500,0,0
3.535694583,0,1
3.535695625,1,1
3.535696625,0,1
3.535697708,0,0
3.535698708,1,0
3.535699708,0,0
3.535701792,1,0
3.535702792,0,0
3.535704917,1,0
3.535705917,0,0
3.535708000,1,0
3.535709000,0,0
3.535711125,1,0
3.535712125,0,0
3.535714208,1,0
3.535715208,0,0
3.535717333,1,0
3.535718333,0,0
3.535720417,1,0
3.535721417,0,0
3.535723542,1,0
3.535724542,0,0
3.535726625,1,0
3.535727625,0,0
3.535729750,1,0
3.535730750,0,0
3.535732833,1,0
3.535733833,0,0
3.535735958,1,0
3.535736958,0,0
3.535739042,1,0
3.535740042,0,0
3.535742167,1,0
3.535743167,0,0
3.535745250,1,0
3.535746250,0,0
3.535748375,1,0
3.535749375,0,0
3.535751458,1,0
3.535752458,0,0
3.535754583,1,0
3.535755583,0,0
3.535757667,1,0
3.535758667,0,0
3.535760750,1,0
3.535761750,0,0
3.535763875,1,0
3.535764875,0,0
3.535766958,1,0
3.535767958,0,0
3.535770083,1,0
3.535771083,0,0
3.535773167,1,0
3.535774167,0,0
3.535776292,1,0
3.535777292,0,0
3.535779375,1,0
3.535780375,0,0
3.535782500,1,0
3.535783500,0,0
3.535785583,1,0
3.535786583,0,0
3.535788708,1,0
3.535789708,0,0
3.535791792,1,0
3.535792792,0,0
3.535794917,1,0
3.535795917,0,0
3.535798042,1,0
3.535799042,0,0
3.535800042,0,1
3.535801125,1,1
3.535802125,0,1
3.535803375,1,1
3.535804375,0,1
3.535806542,1,1
3.535807583,0,1
3.535808625,1,1
3.535809708,0,1
3.535810708,1,1
3.535811792,0,1
3.535812833,1,1
3.535813917,0,1
3.535814958,1,1
3.535816042,0,0
3.535817083,1,0
3.535818125,0,0
3.535818458,0,1
3.535819167,1,1
3.535820250,0,1
3.535821417,1,1
3.535822500,0,1
3.535823500,1,1
3.535824583,0,1
3.535825583,1,1
3.535826583,0,1
3.535827583,1,1
3.535828708,0,1
3.535829708,1,1
3.535830792,0,1
3.535831833,1,1
3.535832917,0,1
3.535833917,1,1
3.535835000,0,1
3.535836042,1,1
3.535837125,0,1
3.535838167,1,1
3.535839250,0,1
3.535840250,1,1
3.535841333,0,1
3.535842375,1,1
3.535843458,0,1
3.535844458,1,1
3.535845583,0,1
3.535846583,1,1
3.535847667,0,1
3.535848708,1,1
3.535849792,0,1
3.535850792,1,1
3.535851875,0,1
3.535852917,1,1
3.535854000,0,1
3.535855042,1,1
3.535856125,0,1
3.535857125,1,1
3.535858208,0,1
3.535859250,1,1
3.535860333,0,1
3.535861333,1,1
3.535862458,0,1
3.535863458,1,1
3.535864542,0,1
3.535865583,1,1
3.535866667,0,1
3.535867667,1,1
3.535868792,0,1
3.535869792,1,1
3.535870875,0,1
3.535871917,1,1
3.535873000,0,1
3.535874000,1,1
3.535875083,0,1
3.535876125,1,1
3.535877208,0,1
3.535878250,1,1
3.535879333,0,1
3.535880333,1,1
3.535881417,0,1
3.535882458,1,1
3.535883542,0,1
3.535884542,1,1
3.535885667,0,1
3.535886667,1,1
3.535887750,0,1
3.535888958,1,1
3.535890000,0,1
3.535891083,1,1
3.535892083,0,1
3.535894208,1,1
3.535895208,1,0
3.535896208,0,0
3.535898167,1,0
3.535899167,1,1
3.535902292,1,0
3.535903250,0,0
3.535905375,1,0
3.535906375,0,0
3.535908458,1,0
3.535909458,0,0
3.535910542,0,1
3.535911583,1,1
3.535912583,0,1
3.535913625,0,0
3.535914667,1,0
3.535915667,0,0
3.535917750,1,0
3.535918792,0,0
3.535920875,1,0
3.535921875,0,0
3.535922958,0,1
3.535924000,1,1
3.535925000,0,1
3.535926083,0,0
3.535927083,1,0
3.535928083,0,0
3.535930167,1,0
3.535931208,0,0
3.535933292,1,0
3.535934292,0,0
3.535936375,1,0
3.535937375,0,0
3.535939500,1,0
3.535940500,0,0
3.535942583,1,0
3.535943583,0,0
3.535945708,1,0
3.535946708,0,0
3.535948792,1,0
3.535949792,0,0
3.535951917,1,0
3.535952917,0,0
3.535955000,1,0
3.535956000,0,0
3.535958125,1,0
3.535959125,0,0
3.535961208,1,0
3.535962208,0,0
3.535964333,1,0
3.535965333,0,0
3.535967417,1,0
3.535968417,0,0
3.535970542,1,0
3.535971542,0,0
3.535973625,1,0
3.535974625,0,0
3.535976750,1,0
3.535977750,0,0
3.535979833,1,0
3.535980833,0,0
3.535982958,1,0
3.535983958,0,0
3.535986042,1,0
3.535987042,0,0
3.535989167,1,0
3.535990167,0,0
3.535992250,1,0
3.535993250,0,0
3.535995375,1,0
3.535996375,0,0
3.535998458,1,0
3.535999458,0,0
3.536001542,1,0
3.536002542,0,0
3.536004667,1,0
3.536005667,0,0
3.536007750,1,0
3.536008750,0,0
3.536010875,1,0
3.536011875,0,0
3.536013958,1,0
3.536014958,0,0
3.536017083,1,0
3.536018083,0,0
3.536020167,1,0
3.536021167,0,0
3.536023292,1,0
3.536024292,0,0
3.536026417,1,0
3.536027417,0,0
3.536028417,0,1
3.536029500,1,1
3.536030500,0,1
3.536031750,1,1
3.536032750,0,1
3.536034917,1,1
3.536035958,0,1
3.536037000,1,1
3.536038083,0,1
3.536039125,1,1
3.536040167,0,1
3.536041208,1,1
3.536042292,0,1
3.536043333,1,1
3.536044417,0,0
3.536045458,1,0
3.536046542,0,0
3.536046875,0,1
3.536047583,1,1
3.536048625,0,1
3.536049792,1,1
3.536050875,0,1
3.536051917,1,1
3.536052958,0,1
3.536054000,1,1
3.536054958,0,1
3.536056000,1,1
3.536057083,0,1
3.536058083,1,1
3.536059208,0,1
3.536060208,1,1
3.536061292,0,1
3.536062333,1,1
3.536063417,0,1
3.536064417,1,1
3.536065500,0,1
3.536066542,1,1
3.536067625,0,1
3.536068667,1,1
3.536069750,0,1
3.536070750,1,1
3.536071833,0,1
3.536072875,1,1
3.536073958,0,1
3.536075000,1,1
3.536076083,0,1
3.536077083,1,1
3.536078167,0,1
3.536079208,1,1
3.536080292,0,1
3.536081333,1,1
3.536082417,0,1
3.536083417,1,1
3.536084500,0,1
3.536085542,1,1
3.536086625,0,1
3.536087625,1,1
3.536088750,0,1
3.536089750,1,1
3.536090833,0,1
3.536091875,1,1
3.536092958,0,1
3.536093958,1,1
3.536095083,0,1
3.536096083,1,1
3.536097167,0,1
3.536098208,1,1
3.536099292,0,1
3.536100292,1,1
3.536101417,0,1
3.536102417,1,1
3.536103500,0,1
3.536104542,1,1
3.536105625,0,1
3.536106625,1,1
3.536107708,0,1
3.536108750,1,1
3.536109833,0,1
3.536110833,1,1
3.536111958,0,1
3.536112958,1,1
3.536114042,0,1
3.536115083,1,1
3.536116167,0,1
3.536117375,1,1
3.536118375,0,1
3.536119500,1,1
3.536120500,0,1
3.536122625,1,1
3.536123625,1,0
3.536124625,0,0
3.536126583,1,0
3.536127583,1,1
3.536130667,1,0
3.536131667,0,0
3.536133750,1,0
3.536134750,0,0
3.536136875,1,0
3.536137875,0,0
3.536138917,0,1
3.536139958,1,1
3.536141000,0,1
3.536142042,0,0
3.536143083,1,0
3.536144083,0,0
3.536146167,1,0
3.536147167,0,0
3.536149292,1,0
3.536150292,0,0
3.536151333,0,1
3.536152375,1,1
3.536153417,0,1
3.536154500,0,0
3.536155500,1,0
3.536156500,0,0
3.536158583,1,0
3.536159583,0,0
3.536161708,1,0
3.536162708,0,0
3.536164792,1,0
3.536165792,0,0
3.536167917,1,0
3.536168917,0,0
3.536171000,1,0
3.536172000,0,0
3.536174083,1,0
3.536175125,0,0
3.536177208,1,0
3.536178208,0,0
3.536180292,1,0
3.536181333,0,0
3.536183417,1,0
3.536184417,0,0
3.536186500,1,0
3.536187500,0,0
3.536189625,1,0
3.536190625,0,0
3.536192708,1,0
3.536193708,0,0
3.536195833,1,0
3.536196833,0,0
3.536198917,1,0
3.536199917,0,0
3.536202042,1,0
3.536203042,0,0
3.536205125,1,0
3.536206125,0,0
3.536208250,1,0
3.536209250,0,0
3.536211333,1,0
3.536212333,0,0
3.536214458,1,0
3.536215458,0,0
3.536217542,1,0
3.536218542,0,0
3.536220667,1,0
3.536221667,0,0
3.536223750,1,0
3.536224750,0,0
3.536226875,1,0
3.536227875,0,0
3.536229958,1,0
3.536230958,0,0
3.536233083,1,0
3.536234083,0,0
3.536236167,1,0
3.536237167,0,0
3.536239250,1,0
3.536240292,0,0
3.536242375,1,0
3.536243375,0,0
3.536245500,1,0
3.536246500,0,0
3.536248583,1,0
3.536249583,0,0
3.536251708,1,0
3.536252708,0,0
3.536254833,1,0
3.536255792,0,0
3.536256833,0,1
3.536257917,1,1
3.536258917,0,1
3.536260125,1,1
3.536261167,0,1
3.536263292,1,1
3.536264375,0,1
3.536265417,1,1
3.536266458,0,1
3.536267500,1,1
3.536268583,0,1
3.536269625,1,1
3.536270708,0,1
3.536271750,1,1
3.536272792,0,1
3.536272833,0,0
3.536273875,1,0
3.536274917,0,0
3.536275333,0,1
3.536275958,1,1
3.536277042,0,1
3.536278208,1,1
3.536279250,0,1
3.536280292,1,1
3.536281375,0,1
3.536282375,1,1
3.536283375,0,1
3.536284375,1,1
3.536285458,0,1
3.536286500,1,1
3.536287583,0,1
3.536288625,1,1
3.536289708,0,1
3.536290708,1,1
3.536291792,0,1
3.536292833,1,1
3.536293917,0,1
3.536294917,1,1
3.536296042,0,1
3.536297042,1,1
3.536298125,0,1
3.536299167,1,1
3.536300250,0,1
3.536301250,1,1
3.536302375,0,1
3.536303375,1,1
3.536304458,0,1
3.536305500,1,1
3.536306583,0,1
3.536307583,1,1
3.536308667,0,1
3.536309708,1,1
3.536310792,0,1
3.536311833,1,1
3.536312917,0,1
3.536313917,1,1
3.536315000,0,1
3.536316042,1,1
3.536317125,0,1
3.536318167,1,1
3.536319250,0,1
3.536320250,1,1
3.536321333,0,1
3.536322375,1,1
3.536323458,0,1
3.536324458,1,1
3.536325583,0,1
3.536326583,1,1
3.536327667,0,1
3.536328708,1,1
3.536329792,0,1
3.536330792,1,1
3.536331917,0,1
3.536332917,1,1
3.536334000,0,1
3.536335042,1,1
3.536336125,0,1
3.536337125,1,1
3.536338250,0,1
3.536339250,1,1
3.536340333,0,1
3.536341375,1,1
3.536342458,0,1
3.536343458,1,1
3.536344542,0,1
3.536345750,1,1
3.536346792,0,1
3.536347875,1,1
3.536348875,0,1
3.536351000,1,1
3.536352000,1,0
3.536353000,0,0
3.536354958,1,0
3.536355958,1,1
3.536359083,1,0
3.536360042,0,0
3.536362167,1,0
3.536363167,0,0
3.536365250,1,0
3.536366292,0,0
3.536367333,0,1
3.536368375,1,1
3.536369375,0,1
3.536370417,0,0
3.536371500,1,0
3.536372458,0,0
3.536374583,1,0
3.536375583,0,0
3.536377667,1,0
3.536378667,0,0
3.536379750,0,1
3.536380792,1,1
3.536381792,0,1
3.536382875,0,0
3.536383875,1,0
3.536384875,0,0
3.536386958,1,0
3.536387958,0,0
3.536390083,1,0
3.536391083,0,0
3.536393167,1,0
3.536394167,0,0
3.536396292,1,0
3.536397292,0,0
3.536399375,1,0
3.536400375,0,0
3.536402500,1,0
3.536403500,0,0
3.536405583,1,0
3.536406583,0,0
3.536408708,1,0
3.536409708,0,0
3.536411792,1,0
3.536412792,0,0
3.536414917,1,0
3.536415917,0,0
3.536418000,1,0
3.536419000,0,0
3.536421125,1,0
3.536422125,0,0
3.536424208,1,0
3.536425208,0,0
3.536427292,1,0
3.536428292,0,0
3.536430417,1,0
3.536431417,0,0
3.536433500,1,0
3.536434500,0,0
3.536436625,1,0
3.536437625,0,0
3.536439708,1,0
3.536440708,0,0
3.536442833,1,0
3.536443833,0,0
3.536445917,1,0
3.536446917,0,0
3.536449042,1,0
3.536450042,0,0
3.536452125,1,0
3.536453125,0,0
3.536455250,1,0
3.536456250,0,0
3.536458333,1,0
3.536459333,0,0
3.536461458,1,0
3.536462458,0,0
3.536464542,1,0
3.536465542,0,0
3.536467667,1,0
3.536468667,0,0
3.536470750,1,0
3.536471750,0,0
3.536473833,1,0
3.536474833,0,0
3.536476958,1,0
3.536477958,0,0
3.536480042,1,0
3.536481083,0,0
3.536483208,1,0
3.536484167,0,0
3.536485208,0,1
3.536486292,1,1
3.536487292,0,1
3.536488500,1,1
3.536489542,0,1
3.536491667,1,1
3.536492750,0,1
3.536493792,1,1
3.536494833,0,1
3.536495875,1,1
3.536496958,0,1
3.536498000,1,1
3.536499083,0,1
3.536500125,1,1
3.536501167,0,1
3.536501208,0,0
3.536502250,1,0
3.536503292,0,0
3.536503583,0,1
3.536504333,1,1
3.536505417,0,1
3.536506583,1,1
3.536507625,0,1
3.536508667,1,1
3.536509750,0,1
3.536510750,1,1
3.536511750,0,1
3.536512750,1,1
3.536513833,0,1
3.536514875,1,1
3.536515958,0,1
3.536516958,1,1
3.536518083,0,1
3.536519083,1,1
3.536520167,0,1
3.536521208,1,1
3.536522292,0,1
3.536523333,1,1
3.536524417,0,1
3.536525417,1,1
3.536526500,0,1
3.536527542,1,1
3.536528625,0,1
3.536529625,1,1
3.536530750,0,1
3.536531750,1,1
3.536532833,0,1
3.536533875,1,1
3.536534958,0,1
3.536535958,1,1
3.536537083,0,1
3.536538083,1,1
3.536539167,0,1
3.536540208,1,1
3.536541292,0,1
3.536542292,1,1
3.536543375,0,1
3.536544417,1,1
3.536545500,0,1
3.536546542,1,1
3.536547625,0,1
3.536548625,1,1
3.536549750,0,1
3.536550750,1,1
3.536551833,0,1
3.536552875,1,1
3.536553958,0,1
3.536554958,1,1
3.536556042,0,1
3.536557083,1,1
3.536558167,0,1
3.536559167,1,1
3.536560292,0,1
3.536561292,1,1
3.536562375,0,1
3.536563417,1,1
3.536564500,0,1
3.536565500,1,1
3.536566625,0,1
3.536567625,1,1
3.536568708,0,1
3.536569750,1,1
3.536570833,0,1
3.536571833,1,1
3.536572958,0,1
3.536574125,1,1
3.536575167,0,1
3.536576250,1,1
3.536577250,0,1
3.536579375,1,1
3.536580375,1,0
3.536581375,0,0
3.536583375,1,0
3.536584333,1,1
3.536587458,1,0
3.536588458,0,0
3.536590542,1,0
3.536591542,0,0
3.536593667,1,0
3.536594667,0,0
3.536595708,0,1
3.536596750,1,1
3.536597750,0,1
3.536598833,0,0
3.536599875,1,0
3.536600833,0,0
3.536602958,1,0
3.536603958,0,0
3.536606042,1,0
3.536607083,0,0
3.536608125,0,1
3.536609167,1,1
3.536610167,0,1
3.536611250,0,0
3.536612250,1,0
3.536613250,0,0
3.536615375,1,0
3.536616375,0,0
3.536618458,1,0
3.536619458,0,0
3.536621583,1,0
3.536622583,0,0
3.536624667,1,0
3.536625667,0,0
3.536627792,1,0
3.536628792,0,0
3.536630875,1,0
3.536631875,0,0
3.536634000,1,0
3.536635000,0,0
3.536637083,1,0
3.536638083,0,0
3.536640208,1,0
3.536641208,0,0
3.536643292,1,0
3.536644292,0,0
3.536646417,1,0
3.536647417,0,0
3.536649500,1,0
3.536650500,0,0
3.536652625,1,0
3.536653625,0,0
3.536655708,1,0
3.536656708,0,0
3.536658833,1,0
3.536659833,0,0
3.536661917,1,0
3.536662917,0,0
3.536665000,1,0
3.536666042,0,0
3.536668125,1,0
3.536669125,0,0
3.536671208,1,0
3.536672250,0,0
3.536674333,1,0
3.536675333,0,0
3.536677417,1,0
3.536678458,0,0
3.536680542,1,0
3.536681542,0,0
3.536683625,1,0
3.536684625,0,0
3.536686750,1,0
3.536687750,0,0
3.536689833,1,0
3.536690833,0,0
3.536692958,1,0
3.536693958,0,0
3.536696042,1,0
3.536697042,0,0
3.536699167,1,0
3.536700167,0,0
3.536702250,1,0
3.536703250,0,0
3.536705375,1,0
3.536706375,0,0
3.536708458,1,0
3.536709458,0,0
3.536711583,1,0
3.536712583,0,0
3.536713583,0,1
3.536714708,1,1
3.536715708,0,1
3.536716917,1,1
3.536717958,0,1
3.536720083,1,1
3.536721167,0,1
3.536722167,1,1
3.536723250,0,1
3.536724292,1,1
3.536725333,0,1
3.536726375,1,1
3.536727500,0,1
3.536728542,1,1
3.536729583,0,0
3.536730625,1,0
3.536731708,0,0
3.536732042,0,1
3.536732750,1,1
3.536733792,0,1
3.536734958,1,1
3.536736042,0,1
3.536737083,1,1
3.536738167,0,1
3.536739167,1,1
3.536740167,0,1
3.536741167,1,1
3.536742250,0,1
3.536743292,1,1
3.536744375,0,1
3.536745375,1,1
3.536746458,0,1
3.536747500,1,1
3.536748583,0,1
3.536749625,1,1
3.536750708,0,1
3.536751708,1,1
3.536752792,0,1
3.536753833,1,1
3.536754917,0,1
3.536755917,1,1
3.536757042,0,1
3.536758042,1,1
3.536759125,0,1
3.536760167,1,1
3.536761250,0,1
3.536762250,1,1
3.536763375,0,1
3.536764375,1,1
3.536765458,0,1
3.536766500,1,1
3.536767583,0,1
3.536768583,1,1
3.536769708,0,1
3.536770708,1,1
3.536771792,0,1
3.536772833,1,1
3.536773917,0,1
3.536774917,1,1
3.536776042,0,1
3.536777042,1,1
3.536778125,0,1
3.536779167,1,1
3.536780250,0,1
3.536781250,1,1
3.536782333,0,1
3.536783375,1,1
3.536784458,0,1
3.536785500,1,1
3.536786583,0,1
3.536787583,1,1
3.536788667,0,1
3.536789708,1,1
3.536790792,0,1
3.536791792,1,1
3.536792917,0,1
3.536793917,1,1
3.536795000,0,1
3.536796042,1,1
3.536797125,0,1
3.536798125,1,1
3.536799250,0,1
3.536800250,1,1
3.536801333,0,1
3.536802542,1,1
3.536803583,0,1
3.536804667,1,1
3.536805667,0,1
3.536807792,1,1
3.536808792,1,0
3.536809792,0,0
3.536811750,1,0
3.536812750,1,1
3.536815875,1,0
3.536816833,0,0
3.536818917,1,0
3.536819958,0,0
3.536822042,1,0
3.536823042,0,0
3.536824125,0,1
3.536825167,1,1
3.536826167,0,1
3.536827208,0,0
3.536828250,1,0
3.536829250,0,0
3.536831333,1,0
3.536832375,0,0
3.536834458,1,0
3.536835458,0,0
3.536836500,0,1
3.536837583,1,1
3.536838583,0,1
3.536839667,0,0
3.536840667,1,0
3.536841667,0,0
3.536843750,1,0
3.536844750,0,0
3.536846875,1,0
3.536847875,0,0
3.536849958,1,0
3.536850958,0,0
3.536853083,1,0
3.536854083,0,0
3.536856167,1,0
3.536857167,0,0
3.536859292,1,0
3.536860292,0,0
3.536862375,1,0
3.536863375,0,0
3.536865500,1,0
3.536866500,0,0
3.536868583,1,0
3.536869583,0,0
3.536871708,1,0
3.536872708,0,0
3.536874792,1,0
3.536875792,0,0
3.536877917,1,0
3.536878917,0,0
3.536881000,1,0
3.536882000,0,0
3.536884125,1,0
3.536885125,0,0
3.536887208,1,0
3.536888208,0,0
3.536890333,1,0
3.536891333,0,0
3.536893417,1,0
3.536894417,0,0
3.536896500,1,0
3.536897500,0,0
3.536899625,1,0
3.536900625,0,0
3.536902708,1,0
3.536903750,0,0
3.536905833,1,0
3.536906833,0,0
3.536908958,1,0
3.536909958,0,0
3.536912042,1,0
3.536913042,0,0
3.536915125,1,0
3.536916125,0,0
3.536918250,1,0
3.536919250,0,0
3.536921333,1,0
3.536922333,0,0
3.536924458,1,0
3.536925458,0,0
3.536927542,1,0
3.536928583,0,0
3.536930667,1,0
3.536931667,0,0
3.536933750,1,0
3.536934792,0,0
3.536936875,1,0
3.536937875,0,0
3.536940000,1,0
3.536941000,0,0
3.536942000,0,1
3.536943083,1,1
3.536944125,0,1
3.536945333,1,1
3.536946333,0,1
3.536948500,1,1
3.536949542,0,1
3.536950583,1,1
3.536951667,0,1
3.536952708,1,1
3.536953750,0,1
3.536954792,1,1
3.536955875,0,1
3.536956917,1,1
3.536958000,0,0
3.536959042,1,0
3.536960125,0,0
3.536960542,0,1
3.536961167,1,1
3.536962208,0,1
3.536963375,1,1
3.536964458,0,1
3.536965500,1,1
3.536966542,0,1
3.536967583,1,1
3.536968542,0,1
3.536969583,1,1
3.536970667,0,1
3.536971667,1,1
3.536972792,0,1
3.536973792,1,1
3.536974875,0,1
3.536975917,1,1
3.536977000,0,1
3.536978000,1,1
3.536979125,0,1
3.536980125,1,1
3.536981208,0,1
3.536982250,1,1
3.536983333,0,1
3.536984333,1,1
3.536985458,0,1
3.536986458,1,1
3.536987542,0,1
3.536988583,1,1
3.536989667,0,1
3.536990667,1,1
3.536991792,0,1
3.536992792,1,1
3.536993875,0,1
3.536994917,1,1
3.536996000,0,1
3.536997000,1,1
3.536998083,0,1
3.536999125,1,1
3.537000208,0,1
3.537001208,1,1
3.537002333,0,1
3.537003333,1,1
3.537004417,0,1
3.537005458,1,1
3.537006542,0,1
3.537007542,1,1
3.537008667,0,1
3.537009667,1,1
3.537010750,0,1
3.537011792,1,1
3.537012875,0,1
3.537013875,1,1
3.537015000,0,1
3.537016000,1,1
3.537017083,0,1
3.537018125,1,1
3.537019208,0,1
3.537020208,1,1
3.537021333,0,1
3.537022333,1,1
3.537023417,0,1
3.537024458,1,1
3.537025542,0,1
3.537026542,1,1
3.537027667,0,1
3.537028667,1,1
3.537029750,0,1
3.537030958,1,1
3.537032000,0,1
3.537033083,1,1
3.537034083,0,1
3.537036208,1,1
3.537037208,1,0
3.537038208,0,0
3.537040167,1,0
3.537041167,1,1
3.537044292,1,0
3.537045250,0,0
3.537047375,1,0
3.537048375,0,0
3.537050458,1,0
3.537051500,0,0
3.537052542,0,1
3.537053583,1,1
3.537054583,0,1
3.537055625,0,0
3.537056708,1,0
3.537057667,0,0
3.537059792,1,0
3.537060792,0,0
3.537062875,1,0
3.537063875,0,0
3.537064958,0,1
3.537066000,1,1
3.537067000,0,1
3.537068083,0,0
3.537069083,1,0
3.537070083,0,0
3.537072208,1,0
3.537073208,0,0
3.537075292,1,0
3.537076292,0,0
3.537078417,1,0
3.537079417,0,0
3.537081500,1,0
3.537082500,0,0
3.537084625,1,0
3.537085625,0,0
3.537087708,1,0
3.537088708,0,0
3.537090792,1,0
3.537091792,0,0
3.537093917,1,0
3.537094917,0,0
3.537097000,1,0
3.537098042,0,0
3.537100125,1,0
3.537101125,0,0
3.537103208,1,0
3.537104208,0,0
3.537106333,1,0
3.537107333,0,0
3.537109417,1,0
3.537110417,0,0
3.537112542,1,0
3.537113542,0,0
3.537115625,1,0
3.537116625,0,0
3.537118750,1,0
3.537119750,0,0
3.537121833,1,0
3.537122875,0,0
3.537124958,1,0
3.537125958,0,0
3.537128042,1,0
3.537129042,0,0
3.537131167,1,0
3.537132167,0,0
3.537134250,1,0
3.537135250,0,0
3.537137375,1,0
3.537138375,0,0
3.537140458,1,0
3.537141458,0,0
3.537143583,1,0
3.537144583,0,0
3.537146667,1,0
3.537147667,0,0
3.537149792,1,0
3.537150792,0,0
3.537152875,1,0
3.537153875,0,0
3.537156000,1,0
3.537157000,0,0
3.537159083,1,0
3.537160083,0,0
3.537162208,1,0
3.537163208,0,0
3.537165292,1,0
3.537166292,0,0
3.537168417,1,0
3.537169417,0,0
3.537170458,0,1
3.537171542,1,1
3.537172542,0,1
3.537173750,1,1
3.537174792,0,1
3.537176917,1,1
3.537178000,0,1
3.537179042,1,1
3.537180083,0,1
3.537181125,1,1
3.537182208,0,1
3.537183250,1,1
3.537184333,0,1
3.537185375,1,1
3.537186417,0,1
3.537186458,0,0
3.537187500,1,0
3.537188542,0,0
3.537188833,0,1
3.537189583,1,1
3.537190667,0,1
3.537191833,1,1
3.537192875,0,1
3.537193917,1,1
3.537195000,0,1
3.537196000,1,1
3.537197000,0,1
3.537198000,1,1
3.537199083,0,1
3.537200125,1,1
3.537201208,0,1
3.537202208,1,1
3.537203333,0,1
3.537204333,1,1
3.537205417,0,1
3.537206458,1,1
3.537207542,0,1
3.537208542,1,1
3.537209667,0,1
3.537210667,1,1
3.537211750,0,1
3.537212792,1,1
3.537213875,0,1
3.537214875,1,1
3.537215958,0,1
3.537217000,1,1
3.537218083,0,1
3.537219125,1,1
3.537220208,0,1
3.537221208,1,1
3.537222292,0,1
3.537223333,1,1
3.537224417,0,1
3.537225417,1,1
3.537226542,0,1
3.537227542,1,1
3.537228625,0,1
3.537229667,1,1
3.537230750,0,1
3.537231750,1,1
3.537232875,0,1
3.537233875,1,1
3.537234958,0,1
3.537236000,1,1
3.537237083,0,1
3.537238083,1,1
3.537239167,0,1
3.537240208,1,1
3.537241292,0,1
3.537242333,1,1
3.537243417,0,1
3.537244417,1,1
3.537245500,0,1
3.537246542,1,1
3.537247625,0,1
3.537248667,1,1
3.537249750,0,1
3.537250750,1,1
3.537251833,0,1
3.537252875,1,1
3.537253958,0,1
3.537254958,1,1
3.537256083,0,1
3.537257083,1,1
3.537258167,0,1
3.537259375,1,1
3.537260375,0,1
3.537261500,1,1
3.537262500,0,1
3.537264625,1,1
3.537265625,1,0
3.537266625,0,0
3.537268583,1,0
3.537269583,1,1
3.537272708,1,0
3.537273667,0,0
3.537275750,1,0
3.537276792,0,0
3.537278875,1,0
3.537279875,0,0
3.537280958,0,1
3.537282000,1,1
3.537283000,0,1
3.537284042,0,0
3.537285083,1,0
3.537286083,0,0
3.537288167,1,0
3.537289208,0,0
3.537291292,1,0
3.537292292,0,0
3.537293333,0,1
3.537294417,1,1
3.537295417,0,1
3.537296500,0,0
3.537297500,1,0
3.537298500,0,0
3.537300583,1,0
3.537301583,0,0
3.537303708,1,0
3.537304708,0,0
3.537306792,1,0
3.537307792,0,0
3.537309917,1,0
3.537310917,0,0
3.537313000,1,0
3.537314000,0,0
3.537316125,1,0
3.537317125,0,0
3.537319208,1,0
3.537320208,0,0
3.537322333,1,0
3.537323333,0,0
3.537325417,1,0
3.537326417,0,0
3.537328500,1,0
3.537329500,0,0
3.537331625,1,0
3.537332625,0,0
3.537334708,1,0
3.537335750,0,0
3.537337833,1,0
3.537338833,0,0
3.537340917,1,0
3.537341917,0,0
3.537344042,1,0
3.537345042,0,0
3.537347125,1,0
3.537348125,0,0
3.537350250,1,0
3.537351250,0,0
3.537353333,1,0
3.537354333,0,0
3.537356458,1,0
3.537357458,0,0
3.537359542,1,0
3.537360542,0,0
3.537362667,1,0
3.537363667,0,0
3.537365750,1,0
3.537366750,0,0
3.537368833,1,0
3.537369875,0,0
3.537371958,1,0
3.537372958,0,0
3.537375042,1,0
3.537376083,0,0
3.537378167,1,0
3.537379167,0,0
3.537381250,1,0
3.537382250,0,0
3.537384375,1,0
3.537385375,0,0
3.537387458,1,0
3.537388458,0,0
3.537390583,1,0
3.537391583,0,0
3.537393667,1,0
3.537394667,0,0
3.537396792,1,0
3.537397792,0,0
3.537398833,0,1
3.537399917,1,1
3.537400917,0,1
3.537402125,1,1
3.537403167,0,1
3.537405292,1,1
3.537406375,0,1
3.537407417,1,1
3.537408458,0,1
3.537409500,1,1
3.537410583,0,1
3.537411583,1,1
3.537412708,0,1
3.537413750,1,1
3.537414792,0,0
3.537415833,1,0
3.537416917,0,0
3.537417250,0,1
3.537417958,1,1
3.537419042,0,1
3.537420208,1,1
3.537421250,0,1
3.537422292,1,1
3.537423375,0,1
3.537424375,1,1
3.537425375,0,1
3.537426375,1,1
3.537427458,0,1
3.537428500,1,1
3.537429583,0,1
3.537430583,1,1
3.537431708,0,1
3.537432708,1,1
3.537433792,0,1
3.537434833,1,1
3.537435917,0,1
3.537436917,1,1
3.537438000,0,1
3.537439042,1,1
3.537440125,0,1
3.537441167,1,1
3.537442250,0,1
3.537443250,1,1
3.537444333,0,1
3.537445375,1,1
3.537446458,0,1
3.537447500,1,1
3.537448583,0,1
3.537449583,1,1
3.537450667,0,1
3.537451708,1,1
3.537452792,0,1
3.537453792,1,1
3.537454917,0,1
3.537455917,1,1
3.537457000,0,1
3.537458042,1,1
3.537459125,0,1
3.537460125,1,1
3.537461250,0,1
3.537462250,1,1
3.537463333,0,1
3.537464375,1,1
3.537465458,0,1
3.537466458,1,1
3.537467542,0,1
3.537468583,1,1
3.537469667,0,1
3.537470708,1,1
3.537471792,0,1
3.537472792,1,1
3.537473875,0,1
3.537474917,1,1
3.537476000,0,1
3.537477000,1,1
3.537478125,0,1
3.537479125,1,1
3.537480208,0,1
3.537481250,1,1
3.537482333,0,1
3.537483333,1,1
3.537484458,0,1
3.537485458,1,1
3.537486542,0,1
3.537487750,1,1
3.537488750,0,1
3.537489875,1,1
3.537490875,0,1
3.537493000,1,1
3.537494000,1,0
3.537495000,0,0
3.537496958,1,0
3.537497958,1,1
3.537501042,1,0
3.537502042,0,0
3.537504125,1,0
3.537505167,0,0
3.537507250,1,0
3.537508250,0,0
3.537509333,0,1
3.537510375,1,1
3.537511375,0,1
3.537512417,0,0
3.537513458,1,0
3.537514458,0,0
3.537516542,1,0
3.537517542,0,0
3.537519667,1,0
3.537520667,0,0
3.537521708,0,1
3.537522792,1,1
3.537523792,0,1
3.537524875,0,0
3.537525875,1,0
3.537526875,0,0
3.537528958,1,0
3.537529958,0,0
3.537532083,1,0
3.537533083,0,0
3.537535167,1,0
3.537536167,0,0
3.537538292,1,0
3.537539292,0,0
3.537541375,1,0
3.537542375,0,0
3.537544500,1,0
3.537545500,0,0
3.537547583,1,0
3.537548583,0,0
3.537550708,1,0
3.537551708,0,0
3.537553792,1,0
3.537554792,0,0
3.537556875,1,0
3.537557917,0,0
3.537560000,1,0
3.537561000,0,0
3.537563083,1,0
3.537564083,0,0
3.537566208,1,0
3.537567208,0,0
3.537569292,1,0
3.537570292,0,0
3.537572417,1,0
3.537573417,0,0
3.537575500,1,0
3.537576500,0,0
3.537578625,1,0
3.537579625,0,0
3.537581708,1,0
3.537582708,0,0
3.537584833,1,0
3.537585833,0,0
3.537587917,1,0
3.537588917,0,0
3.537591042,1,0
3.537592042,0,0
3.537594125,1,0
3.537595125,0,0
3.537597250,1,0
3.537598250,0,0
3.537600333,1,0
3.537601333,0,0
3.537603417,1,0
3.537604417,0,0
3.537606542,1,0
3.537607542,0,0
3.537609625,1,0
3.537610625,0,0
3.537612750,1,0
3.537613750,0,0
3.537615833,1,0
3.537616833,0,0
3.537618958,1,0
3.537619958,0,0
3.537622042,1,0
3.537623042,0,0
3.537625167,1,0
3.537626167,0,0
3.537627167,0,1
3.537628292,1,1
3.537629292,0,1
3.537630500,1,1
3.537631500,0,1
3.537633667,1,1
3.537634750,0,1
3.537635792,1,1
3.537636833,0,1
3.537637875,1,1
3.537638958,0,1
3.537639958,1,1
3.537641083,0,1
3.537642125,1,1
3.537643167,0,0
3.537644208,1,0
3.537645292,0,0
3.537645667,0,1
3.537646333,1,1
3.537647375,0,1
3.537648583,1,1
3.537649625,0,1
3.537650667,1,1
3.537651750,0,1
3.537652750,1,1
3.537653750,0,1
3.537654750,1,1
3.537655833,0,1
3.537656875,1,1
3.537657958,0,1
3.537658958,1,1
3.537660042,0,1
3.537661083,1,1
3.537662167,0,1
3.537663167,1,1
3.537664292,0,1
3.537665292,1,1
3.537666375,0,1
3.537667417,1,1
3.537668500,0,1
3.537669500,1,1
3.537670625,0,1
3.537671625,1,1
3.537672708,0,1
3.537673750,1,1
3.537674833,0,1
3.537675833,1,1
3.537676958,0,1
3.537677958,1,1
3.537679042,0,1
3.537680083,1,1
3.537681167,0,1
3.537682167,1,1
3.537683250,0,1
3.537684292,1,1
3.537685375,0,1
3.537686417,1,1
3.537687500,0,1
3.537688500,1,1
3.537689583,0,1
3.537690625,1,1
3.537691708,0,1
3.537692708,1,1
3.537693833,0,1
3.537694833,1,1
3.537695917,0,1
3.537696958,1,1
3.537698042,0,1
3.537699042,1,1
3.537700167,0,1
3.537701167,1,1
3.537702250,0,1
3.537703292,1,1
3.537704375,0,1
3.537705375,1,1
3.537706458,0,1
3.537707500,1,1
3.537708583,0,1
3.537709625,1,1
3.537710708,0,1
3.537711708,1,1
3.537712792,0,1
3.537713833,1,1
3.537714917,0,1
3.537716125,1,1
3.537717125,0,1
3.537718250,1,1
3.537719250,0,1
3.537721375,1,1
3.537722375,1,0
3.537723375,0,0
3.537725333,1,0
3.537726333,1,1
3.537729417,1,0
3.537730417,0,0
3.537732500,1,0
3.537733542,0,0
3.537735625,1,0
3.537736625,0,0
3.537737708,0,1
3.537738750,1,1
3.537739750,0,1
3.537740792,0,0
3.537741833,1,0
3.537742833,0,0
3.537744917,1,0
3.537745958,0,0
3.537748042,1,0
3.537749042,0,0
3.537750083,0,1
3.537751167,1,1
3.537752167,0,1
3.537753250,0,0
3.537754250,1,0
3.537755250,0,0
3.537757333,1,0
3.537758333,0,0
3.537760458,1,0
3.537761458,0,0
3.537763542,1,0
3.537764542,0,0
3.537766667,1,0
3.537767667,0,0
3.537769750,1,0
3.537770750,0,0
3.537772875,1,0
3.537773875,0,0
3.537775958,1,0
3.537776958,0,0
3.537779083,1,0
3.537780083,0,0
3.537782167,1,0
3.537783167,0,0
3.537785292,1,0
3.537786292,0,0
3.537788375,1,0
3.537789375,0,0
3.537791458,1,0
3.537792458,0,0
3.537794583,1,0
3.537795583,0,0
3.537797667,1,0
3.537798667,0,0
3.537800792,1,0
3.537801792,0,0
3.537803875,1,0
3.537804875,0,0
3.537807000,1,0
3.537808000,0,0
3.537810083,1,0
3.537811083,0,0
3.537813208,1,0
3.537814208,0,0
3.537816292,1,0
3.537817292,0,0
3.537819417,1,0
3.537820417,0,0
3.537822500,1,0
3.537823500,0,0
3.537825625,1,0
3.537826625,0,0
3.537828708,1,0
3.537829708,0,0
3.537831833,1,0
3.537832833,0,0
3.537834917,1,0
3.537835917,0,0
3.537838042,1,0
3.537839042,0,0
3.537841125,1,0
3.537842125,0,0
3.537844250,1,0
3.537845250,0,0
3.537847333,1,0
3.537848333,0,0
3.537850458,1,0
3.537851458,0,0
3.537853583,1,0
3.537854542,0,0
3.537855583,0,1
3.537856667,1,1
3.537857667,0,1
3.537858875,1,1
3.537859917,0,1
3.537862042,1,1
3.537863125,0,1
3.537864167,1,1
3.537865208,0,1
3.537866250,1,1
3.537867333,0,1
3.537868375,1,1
3.537869458,0,1
3.537870500,1,1
3.537871542,0,1
3.537871583,0,0
3.537872625,1,0
3.537873667,0,0
3.537874000,0,1
3.537874708,1,1
3.537875792,0,1
3.537876958,1,1
3.537878000,0,1
3.537879042,1,1
3.537880125,0,1
3.537881125,1,1
3.537882125,0,1
3.537883125,1,1
3.537884208,0,1
3.537885250,1,1
3.537886333,0,1
3.537887375,1,1
3.537888458,0,1
3.537889458,1,1
3.537890542,0,1
3.537891583,1,1
3.537892667,0,1
3.537893708,1,1
3.537894792,0,1
3.537895792,1,1
3.537896875,0,1
3.537897917,1,1
3.537899000,0,1
3.537900000,1,1
3.537901125,0,1
3.537902125,1,1
3.537903208,0,1
3.537904250,1,1
3.537905333,0,1
3.537906333,1,1
3.537907458,0,1
3.537908458,1,1
3.537909542,0,1
3.537910583,1,1
3.537911667,0,1
3.537912667,1,1
3.537913792,0,1
3.537914792,1,1
3.537915875,0,1
3.537916917,1,1
3.537918000,0,1
3.537919000,1,1
3.537920125,0,1
3.537921125,1,1
3.537922208,0,1
3.537923250,1,1
3.537924333,0,1
3.537925333,1,1
3.537926417,0,1
3.537927458,1,1
3.537928542,0,1
3.537929542,1,1
3.537930667,0,1
3.537931667,1,1
3.537932750,0,1
3.537933792,1,1
3.537934875,0,1
3.537935875,1,1
3.537937000,0,1
3.537938000,1,1
3.537939083,0,1
3.537940125,1,1
3.537941208,0,1
3.537942208,1,1
3.537943292,0,1
3.537944500,1,1
3.537945542,0,1
3.537946625,1,1
3.537947625,0,1
3.537949750,1,1
3.537950750,1,0
3.537951750,0,0
3.537953708,1,0
3.537954708,1,1
3.537957833,1,0
3.537958792,0,0
3.537960917,1,0
3.537961917,0,0
3.537964000,1,0
3.537965000,0,0
3.537966083,0,1
3.537967125,1,1
3.537968125,0,1
3.537969167,0,0
3.537970250,1,0
3.537971208,0,0
3.537973333,1,0
3.537974333,0,0
3.537976417,1,0
3.537977417,0,0
3.537978500,0,1
3.537979542,1,1
3.537980542,0,1
3.537981625,0,0
3.537982625,1,0
3.537983625,0,0
3.537985708,1,0
3.537986708,0,0
3.537988833,1,0
3.537989833,0,0
3.537991917,1,0
3.537992917,0,0
3.537995042,1,0
3.537996042,0,0
3.537998125,1,0
3.537999125,0,0
3.538001250,1,0
3.538002250,0,0
3.538004333,1,0
3.538005333,0,0
3.538007417,1,0
3.538008458,0,0
3.538010542,1,0
3.538011542,0,0
3.538013625,1,0
3.538014667,0,0
3.538016750,1,0
3.538017750,0,0
3.538019833,1,0
3.538020875,0,0
3.538022958,1,0
3.538023958,0,0
3.538026042,1,0
3.538027042,0,0
3.538029167,1,0
3.538030167,0,0
3.538032250,1,0
3.538033250,0,0
3.538035375,1,0
3.538036375,0,0
3.538038458,1,0
3.538039458,0,0
3.538041583,1,0
3.538042583,0,0
3.538044667,1,0
3.538045667,0,0
3.538047792,1,0
3.538048792,0,0
3.538050875,1,0
3.538051875,0,0
3.538054000,1,0
3.538055000,0,0
3.538057083,1,0
3.538058083,0,0
3.538060208,1,0
3.538061208,0,0
3.538063292,1,0
3.538064292,0,0
3.538066417,1,0
3.538067417,0,0
3.538069500,1,0
3.538070500,0,0
3.538072583,1,0
3.538073583,0,0
3.538075708,1,0
3.538076708,0,0
3.538078792,1,0
3.538079833,0,0
3.538081958,1,0
3.538082917,0,0
3.538083958,0,1
3.538085042,1,1
3.538086042,0,1
3.538087250,1,1
3.538088292,0,1
3.538090417,1,1
3.538091500,0,1
3.538092542,1,1
3.538093583,0,1
3.538094625,1,1
3.538095708,0,1
3.538096750,1,1
3.538097833,0,1
3.538098875,1,1
3.538099958,0,0
3.538101000,1,0
3.538102042,0,0
3.538102375,0,1
3.538103083,1,1
3.538104167,0,1
3.538105333,1,1
3.538106375,0,1
3.538107417,1,1
3.538108500,0,1
3.538109500,1,1
3.538110500,0,1
3.538111500,1,1
3.538112625,0,1
3.538113625,1,1
3.538114708,0,1
3.538115750,1,1
3.538116833,0,1
3.538117833,1,1
3.538118917,0,1
3.538119958,1,1
3.538121042,0,1
3.538122083,1,1
3.538123167,0,1
3.538124167,1,1
3.538125250,0,1
3.538126292,1,1
3.538127375,0,1
3.538128417,1,1
3.538129500,0,1
3.538130500,1,1
3.538131583,0,1
3.538132625,1,1
3.538133708,0,1
3.538134708,1,1
3.538135833,0,1
3.538136833,1,1
3.538137917,0,1
3.538138958,1,1
3.538140042,0,1
3.538141042,1,1
3.538142167,0,1
3.538143167,1,1
3.538144250,0,1
3.538145292,1,1
3.538146375,0,1
3.538147375,1,1
3.538148500,0,1
3.538149500,1,1
3.538150583,0,1
3.538151625,1,1
3.538152708,0,1
3.538153708,1,1
3.538154792,0,1
3.538155833,1,1
3.538156917,0,1
3.538157958,1,1
3.538159042,0,1
3.538160042,1,1
3.538161125,0,1
3.538162167,1,1
3.538163250,0,1
3.538164250,1,1
3.538165375,0,1
3.538166375,1,1
3.538167458,0,1
3.538168500,1,1
3.538169583,0,1
3.538170583,1,1
3.538171708,0,1
3.538172917,1,1
3.538173917,0,1
3.538175000,1,1
3.538176042,0,1
3.538178125,1,1
3.538179125,1,0
3.538180125,0,0
3.538182125,1,0
3.538183083,1,1
3.538186208,1,0
3.538187208,0,0
3.538189292,1,0
3.538190292,0,0
3.538192417,1,0
3.538193417,0,0
3.538194458,0,1
3.538195500,1,1
3.538196500,0,1
3.538197583,0,0
3.538198625,1,0
3.538199583,0,0
3.538201708,1,0
3.538202708,0,0
3.538204792,1,0
3.538205833,0,0
3.538206875,0,1
3.538207917,1,1
3.538208917,0,1
3.538210000,0,0
3.538211000,1,0
3.538212000,0,0
3.538214125,1,0
3.538215125,0,0
3.538217208,1,0
3.538218208,0,0
3.538220333,1,0
3.538221333,0,0
3.538223417,1,0
3.538224417,0,0
3.538226500,1,0
3.538227542,0,0
3.538229625,1,0
3.538230625,0,0
3.538232708,1,0
3.538233708,0,0
3.538235833,1,0
3.538236833,0,0
3.538238917,1,0
3.538239917,0,0
3.538242042,1,0
3.538243042,0,0
3.538245125,1,0
3.538246125,0,0
3.538248250,1,0
3.538249250,0,0
3.538251333,1,0
3.538252333,0,0
3.538254417,1,0
3.538255417,0,0
3.538257542,1,0
3.538258542,0,0
3.538260625,1,0
3.538261625,0,0
3.538263750,1,0
3.538264750,0,0
3.538266833,1,0
3.538267833,0,0
3.538269958,1,0
3.538270958,0,0
3.538273042,1,0
3.538274042,0,0
3.538276167,1,0
3.538277167,0,0
3.538279250,1,0
3.538280250,0,0
3.538282375,1,0
3.538283375,0,0
3.538285458,1,0
3.538286458,0,0
3.538288542,1,0
3.538289542,0,0
3.538291667,1,0
3.538292667,0,0
3.538294750,1,0
3.538295750,0,0
3.538297875,1,0
3.538298875,0,0
3.538300958,1,0
3.538301958,0,0
3.538304083,1,0
3.538305083,0,0
3.538307167,1,0
3.538308167,0,0
3.538310292,1,0
3.538311292,0,0
3.538312292,0,1
3.538313417,1,1
3.538314417,0,1
3.538315625,1,1
3.538316625,0,1
3.538318792,1,1
3.538319875,0,1
3.538320875,1,1
3.538321958,0,1
3.538323000,1,1
3.538324042,0,1
3.538325083,1,1
3.538326208,0,1
3.538327250,1,1
3.538328292,0,0
3.538329333,1,0
3.538330417,0,0
3.538330792,0,1
3.538331458,1,1
3.538332500,0,1
3.538333708,1,1
3.538334750,0,1
3.538335792,1,1
3.538336875,0,1
3.538337875,1,1
3.538338875,0,1
3.538339875,1,1
3.538340958,0,1
3.538342000,1,1
3.538343083,0,1
3.538344083,1,1
3.538345167,0,1
3.538346208,1,1
3.538347292,0,1
3.538348333,1,1
3.538349417,0,1
3.538350417,1,1
3.538351500,0,1
3.538352542,1,1
3.538353625,0,1
3.538354625,1,1
3.538355750,0,1
3.538356750,1,1
3.538357833,0,1
3.538358875,1,1
3.538359958,0,1
3.538360958,1,1
3.538362083,0,1
3.538363083,1,1
3.538364167,0,1
3.538365208,1,1
3.538366292,0,1
3.538367292,1,1
3.538368375,0,1
3.538369417,1,1
3.538370500,0,1
3.538371500,1,1
3.538372625,0,1
3.538373625,1,1
3.538374708,0,1
3.538375750,1,1
3.538376833,0,1
3.538377833,1,1
3.538378958,0,1
3.538379958,1,1
3.538381042,0,1
3.538382083,1,1
3.538383167,0,1
3.538384167,1,1
3.538385250,0,1
3.538386292,1,1
3.538387375,0,1
3.538388375,1,1
3.538389500,0,1
3.538390500,1,1
3.538391583,0,1
3.538392625,1,1
3.538393708,0,1
3.538394708,1,1
3.538395833,0,1
3.538396833,1,1
3.538397917,0,1
3.538398958,1,1
3.538400042,0,1
3.538401250,1,1
3.538402250,0,1
3.538403333,1,1
3.538404375,0,1
3.538406500,1,1
3.538407500,1,0
3.538408500,0,0
3.538410458,1,0
3.538411417,1,1
3.538414542,1,0
3.538415542,0,0
3.538417625,1,0
3.538418625,0,0
3.538420750,1,0
3.538421750,0,0
3.538422792,0,1
3.538423833,1,1
3.538424875,0,1
3.538425917,0,0
3.538426958,1,0
3.538427958,0,0
3.538430042,1,0
3.538431042,0,0
3.538433167,1,0
3.538434167,0,0
3.538435208,0,1
3.538436250,1,1
3.538437250,0,1
3.538438333,0,0
3.538439333,1,0
3.538440333,0,0
3.538442458,1,0
3.538443458,0,0
3.538445542,1,0
3.538446542,0,0
3.538448667,1,0
3.538449667,0,0
3.538451750,1,0
3.538452750,0,0
3.538454875,1,0
3.538455875,0,0
3.538457958,1,0
3.538458958,0,0
3.538461083,1,0
3.538462083,0,0
3.538464167,1,0
3.538465167,0,0
3.538467292,1,0
3.538468292,0,0
3.538470375,1,0
3.538471375,0,0
3.538473500,1,0
3.538474500,0,0
3.538476583,1,0
3.538477583,0,0
3.538479667,1,0
3.538480708,0,0
3.538482792,1,0
3.538483792,0,0
3.538485875,1,0
3.538486917,0,0
3.538489000,1,0
3.538490000,0,0
3.538492083,1,0
3.538493083,0,0
3.538495208,1,0
3.538496208,0,0
3.538498292,1,0
3.538499292,0,0
3.538501417,1,0
3.538502417,0,0
3.538504500,1,0
3.538505500,0,0
3.538507625,1,0
3.538508625,0,0
3.538510708,1,0
3.538511708,0,0
3.538513833,1,0
3.538514833,0,0
3.538516917,1,0
3.538517917,0,0
3.538520042,1,0
3.538521042,0,0
3.538523125,1,0
3.538524125,0,0
3.538526250,1,0
3.538527250,0,0
3.538529333,1,0
3.538530333,0,0
3.538532458,1,0
3.538533458,0,0
3.538535542,1,0
3.538536542,0,0
3.538538667,1,0
3.538539667,0,0
3.538540667,0,1
3.538541792,1,1
3.538542792,0,1
3.538544000,1,1
3.538545000,0,1
3.538547167,1,1
3.538548250,0,1
3.538549292,1,1
3.538550333,0,1
3.538551375,1,1
3.538552458,0,1
3.538553500,1,1
3.538554583,0,1
3.538555625,1,1
3.538556667,0,0
3.538557708,1,0
3.538558792,0,0
3.538559208,0,1
3.538559833,1,1
3.538560875,0,1
3.538562083,1,1
3.538563125,0,1
3.538564167,1,1
3.538565250,0,1
3.538566250,1,1
3.538567250,0,1
3.538568250,1,1
3.538569333,0,1
3.538570375,1,1
3.538571458,0,1
3.538572458,1,1
3.538573583,0,1
3.538574583,1,1
3.538575667,0,1
3.538576708,1,1
3.538577792,0,1
3.538578792,1,1
3.538579875,0,1
3.538580917,1,1
3.538582000,0,1
3.538583000,1,1
3.538584125,0,1
3.538585125,1,1
3.538586208,0,1
3.538587250,1,1
3.538588333,0,1
3.538589333,1,1
3.538590458,0,1
3.538591458,1,1
3.538592542,0,1
3.538593583,1,1
3.538594667,0,1
3.538595667,1,1
3.538596792,0,1
3.538597792,1,1
3.538598875,0,1
3.538599917,1,1
3.538601000,0,1
3.538602000,1,1
3.538603083,0,1
3.538604125,1,1
3.538605208,0,1
3.538606208,1,1
3.538607333,0,1
3.538608333,1,1
3.538609417,0,1
3.538610458,1,1
3.538611542,0,1
3.538612542,1,1
3.538613667,0,1
3.538614667,1,1
3.538615750,0,1
3.538616792,1,1
3.538617875,0,1
3.538618875,1,1
3.538620000,0,1
3.538621000,1,1
3.538622083,0,1
3.538623125,1,1
3.538624208,0,1
3.538625208,1,1
3.538626333,0,1
3.538627333,1,1
3.538628417,0,1
3.538629625,1,1
3.538630667,0,1
3.538631750,1,1
3.538632750,0,1
3.538634875,1,1
3.538635875,1,0
3.538636875,0,0
3.538638833,1,0
3.538639833,1,1
3.538642958,1,0
3.538643917,0,0
3.538646000,1,0
3.538647042,0,0
3.538649125,1,0
3.538650125,0,0
3.538651208,0,1
3.538652250,1,1
3.538653250,0,1
3.538654292,0,0
3.538655333,1,0
3.538656333,0,0
3.538658417,1,0
3.538659458,0,0
3.538661542,1,0
3.538662542,0,0
3.538663583,0,1
3.538664667,1,1
3.538665667,0,1
3.538666750,0,0
3.538667750,1,0
3.538668750,0,0
3.538670833,1,0
3.538671833,0,0
3.538673958,1,0
3.538674958,0,0
3.538677042,1,0
3.538678042,0,0
3.538680167,1,0
3.538681167,0,0
3.538683250,1,0
3.538684250,0,0
3.538686375,1,0
3.538687333,0,0
3.538689458,1,0
3.538690458,0,0
3.538692542,1,0
3.538693542,0,0
3.538695667,1,0
3.538696667,0,0
3.538698750,1,0
3.538699750,0,0
3.538701875,1,0
3.538702875,0,0
3.538704958,1,0
3.538705958,0,0
3.538708083,1,0
3.538709083,0,0
3.538711167,1,0
3.538712167,0,0
3.538714292,1,0
3.538715292,0,0
3.538717375,1,0
3.538718375,0,0
3.538720500,1,0
3.538721500,0,0
3.538723583,1,0
3.538724583,0,0
3.538726667,1,0
3.538727708,0,0
3.538729792,1,0
3.538730792,0,0
3.538732875,1,0
3.538733875,0,0
3.538736000,1,0
3.538737000,0,0
3.538739083,1,0
3.538740083,0,0
3.538742208,1,0
3.538743208,0,0
3.538745292,1,0
3.538746292,0,0
3.538748417,1,0
3.538749417,0,0
3.538751500,1,0
3.538752500,0,0
3.538754625,1,0
3.538755625,0,0
3.538757708,1,0
3.538758708,0,0
3.538760833,1,0
3.538761833,0,0
3.538763917,1,0
3.538764917,0,0
3.538767042,1,0
3.538768042,0,0
3.538769042,0,1
3.538770167,1,1
3.538771167,0,1
3.538772375,1,1
3.538773375,0,1
3.538775542,1,1
3.538776583,0,1
3.538777625,1,1
3.538778708,0,1
3.538779750,1,1
3.538780792,0,1
3.538781833,1,1
3.538782917,0,1
3.538783958,1,1
3.538785042,0,0
3.538786083,1,0
3.538787167,0,0
3.538787458,0,1
3.538788208,1,1
3.538789250,0,1
3.538790417,1,1
3.538791500,0,1
3.538792542,1,1
3.538793583,0,1
3.538794625,1,1
3.538795583,0,1
3.538796625,1,1
3.538797708,0,1
3.538798708,1,1
3.538799833,0,1
3.538800833,1,1
3.538801917,0,1
3.538802958,1,1
3.538804042,0,1
3.538805042,1,1
3.538806125,0,1
3.538807167,1,1
3.538808250,0,1
3.538809292,1,1
3.538810375,0,1
3.538811375,1,1
3.538812458,0,1
3.538813500,1,1
3.538814583,0,1
3.538815583,1,1
3.538816708,0,1
3.538817708,1,1
3.538818792,0,1
3.538819833,1,1
3.538820917,0,1
3.538821917,1,1
3.538823042,0,1
3.538824042,1,1
3.538825125,0,1
3.538826167,1,1
3.538827250,0,1
3.538828250,1,1
3.538829375,0,1
3.538830375,1,1
3.538831458,0,1
3.538832500,1,1
3.538833583,0,1
3.538834583,1,1
3.538835667,0,1
3.538836708,1,1
3.538837792,0,1
3.538838792,1,1
3.538839917,0,1
3.538840917,1,1
3.538842000,0,1
3.538843042,1,1
3.538844125,0,1
3.538845125,1,1
3.538846250,0,1
3.538847250,1,1
3.538848333,0,1
3.538849375,1,1
3.538850458,0,1
3.538851458,1,1
3.538852583,0,1
3.538853583,1,1
3.538854667,0,1
3.538855708,1,1
3.538856792,0,1
3.538858000,1,1
3.538859000,0,1
3.538860083,1,1
3.538861125,0,1
3.538863208,1,1
3.538864250,1,0
3.538865250,0,0
3.538867208,1,0
3.538868208,1,1
3.538871292,1,0
3.538872292,0,0
3.538874375,1,0
3.538875375,0,0
3.538877500,1,0
3.538878500,0,0
3.538879542,0,1
3.538880583,1,1
3.538881625,0,1
3.538882667,0,0
3.538883708,1,0
3.538884708,0,0
3.538886792,1,0
3.538887792,0,0
3.538889917,1,0
3.538890917,0,0
3.538891958,0,1
3.538893000,1,1
3.538894042,0,1
3.538895125,0,0
3.538896125,1,0
3.538897125,0,0
3.538899208,1,0
3.538900208,0,0
3.538902333,1,0
3.538903333,0,0
3.538905417,1,0
3.538906417,0,0
3.538908542,1,0
3.538909542,0,0
3.538911625,1,0
3.538912625,0,0
3.538914708,1,0
3.538915750,0,0
3.538917833,1,0
3.538918833,0,0
3.538920917,1,0
3.538921917,0,0
3.538924042,1,0
3.538925042,0,0
3.538927125,1,0
3.538928125,0,0
3.538930250,1,0
3.538931250,0,0
3.538933333,1,0
3.538934333,0,0
3.538936458,1,0
3.538937458,0,0
3.538939542,1,0
3.538940542,0,0
3.538942667,1,0
3.538943667,0,0
3.538945750,1,0
3.538946750,0,0
3.538948833,1,0
3.538949833,0,0
3.538951958,1,0
3.538952958,0,0
3.538955042,1,0
3.538956042,0,0
3.538958167,1,0
3.538959167,0,0
3.538961250,1,0
3.538962250,0,0
3.538964375,1,0
3.538965375,0,0
3.538967458,1,0
3.538968458,0,0
3.538970583,1,0
3.538971583,0,0
3.538973667,1,0
3.538974667,0,0
3.538976792,1,0
3.538977792,0,0
3.538979875,1,0
3.538980875,0,0
3.538983000,1,0
3.538984000,0,0
3.538986083,1,0
3.538987083,0,0
3.538989208,1,0
3.538990208,0,0
3.538992292,1,0
3.538993292,0,0
3.538995417,1,0
3.538996417,0,0
3.538997417,0,1
3.538998542,1,1
3.538999542,0,1
3.539000750,1,1
3.539001750,0,1
3.539003917,1,1
3.539004958,0,1
3.539006000,1,1
3.539007083,0,1
3.539008125,1,1
3.539009167,0,1
3.539010208,1,1
3.539011333,0,1
3.539012333,1,1
3.539013417,0,0
3.539014458,1,0
3.539015542,0,0
3.539015875,0,1
3.539016583,1,1
3.539017625,0,1
3.539018792,1,1
3.539019875,0,1
3.539020917,1,1
3.539021958,0,1
3.539023000,1,1
3.539023958,0,1
3.539025000,1,1
3.539026083,0,1
3.539027083,1,1
3.539028208,0,1
3.539029208,1,1
3.539030292,0,1
3.539031333,1,1
3.539032417,0,1
3.539033417,1,1
3.539034542,0,1
3.539035542,1,1
3.539036625,0,1
3.539037667,1,1
3.539038750,0,1
3.539039750,1,1
3.539040875,0,1
3.539041875,1,1
3.539042958,0,1
3.539044000,1,1
3.539045083,0,1
3.539046083,1,1
3.539047208,0,1
3.539048208,1,1
3.539049292,0,1
3.539050333,1,1
3.539051417,0,1
3.539052417,1,1
3.539053500,0,1
3.539054542,1,1
3.539055625,0,1
3.539056625,1,1
3.539057750,0,1
3.539058750,1,1
3.539059833,0,1
3.539060875,1,1
3.539061958,0,1
3.539062958,1,1
3.539064083,0,1
3.539065083,1,1
3.539066167,0,1
3.539067208,1,1
3.539068292,0,1
3.539069292,1,1
3.539070375,0,1
3.539071417,1,1
3.539072500,0,1
3.539073542,1,1
3.539074625,0,1
3.539075625,1,1
3.539076708,0,1
3.539077750,1,1
3.539078833,0,1
3.539079875,1,1
3.539080958,0,1
3.539081958,1,1
3.539083042,0,1
3.539084083,1,1
3.539085167,0,1
3.539086375,1,1
3.539087375,0,1
3.539088500,1,1
3.539089500,0,1
3.539091625,1,1
3.539092625,1,0
3.539093625,0,0
3.539095583,1,0
3.539096583,1,1
3.539099667,1,0
3.539100667,0,0
3.539102750,1,0
3.539103792,0,0
3.539105875,1,0
3.539106875,0,0
3.539107958,0,1
3.539109000,1,1
3.539110000,0,1
3.539111042,0,0
3.539112083,1,0
3.539113083,0,0
3.539115167,1,0
3.539116208,0,0
3.539118292,1,0
3.539119292,0,0
3.539120375,0,1
3.539121417,1,1
3.539122417,0,1
3.539123500,0,0
3.539124500,1,0
3.539125500,0,0
3.539127583,1,0
3.539128583,0,0
3.539130708,1,0
3.539131708,0,0
3.539133792,1,0
3.539134792,0,0
3.539136917,1,0
3.539137917,0,0
3.539140000,1,0
3.539141000,0,0
3.539143125,1,0
3.539144125,0,0
3.539146208,1,0
3.539147208,0,0
3.539149333,1,0
3.539150333,0,0
3.539152417,1,0
3.539153417,0,0
3.539155542,1,0
3.539156542,0,0
3.539158625,1,0
3.539159625,0,0
3.539161750,1,0
3.539162750,0,0
3.539164833,1,0
3.539165833,0,0
3.539167917,1,0
3.539168917,0,0
3.539171042,1,0
3.539172042,0,0
3.539174125,1,0
3.539175125,0,0
3.539177250,1,0
3.539178250,0,0
3.539180333,1,0
3.539181333,0,0
3.539183458,1,0
3.539184458,0,0
3.539186542,1,0
3.539187542,0,0
3.539189667,1,0
3.539190667,0,0
3.539192750,1,0
3.539193750,0,0
3.539195875,1,0
3.539196875,0,0
3.539198958,1,0
3.539199958,0,0
3.539202042,1,0
3.539203042,0,0
3.539205167,1,0
3.539206167,0,0
3.539208250,1,0
3.539209250,0,0
3.539211375,1,0
3.539212375,0,0
3.539214458,1,0
3.539215458,0,0
3.539217583,1,0
3.539218583,0,0
3.539220667,1,0
3.539221667,0,0
3.539223792,1,0
3.539224792,0,0
3.539225792,0,1
3.539226917,1,1
3.539227917,0,1
3.539229125,1,1
3.539230125,0,1
3.539232292,1,1
3.539233333,0,1
3.539234375,1,1
3.539235458,0,1
3.539236500,1,1
3.539237542,0,1
3.539238583,1,1
3.539239667,0,1
3.539240708,1,1
3.539241792,0,0
3.539242833,1,0
3.539243917,0,0
3.539244292,0,1
3.539244958,1,1
3.539246000,0,1
3.539247167,1,1
3.539248250,0,1
3.539249292,1,1
3.539250333,0,1
3.539251375,1,1
3.539252333,0,1
3.539253375,1,1
3.539254458,0,1
3.539255458,1,1
3.539256583,0,1
3.539257583,1,1
3.539258667,0,1
3.539259708,1,1
3.539260792,0,1
3.539261792,1,1
3.539262875,0,1
3.539263917,1,1
3.539265000,0,1
3.539266000,1,1
3.539267083,0,1
3.539268125,1,1
3.539269208,0,1
3.539270250,1,1
3.539271333,0,1
3.539272333,1,1
3.539273417,0,1
3.539274458,1,1
3.539275542,0,1
3.539276542,1,1
3.539277667,0,1
3.539278667,1,1
3.539279750,0,1
3.539280792,1,1
3.539281875,0,1
3.539282875,1,1
3.539284000,0,1
3.539285000,1,1
3.539286083,0,1
3.539287125,1,1
3.539288208,0,1
3.539289208,1,1
3.539290292,0,1
3.539291333,1,1
3.539292417,0,1
3.539293417,1,1
3.539294542,0,1
3.539295542,1,1
3.539296625,0,1
3.539297667,1,1
3.539298750,0,1
3.539299750,1,1
3.539300875,0,1
3.539301875,1,1
3.539302958,0,1
3.539304000,1,1
3.539305083,0,1
3.539306083,1,1
3.539307167,0,1
3.539308208,1,1
3.539309292,0,1
3.539310292,1,1
3.539311417,0,1
3.539312417,1,1
3.539313500,0,1
3.539314708,1,1
3.539315708,0,1
3.539316833,1,1
3.539317833,0,1
3.539319958,1,1
3.539320958,1,0
3.539321958,0,0
3.539323917,1,0
3.539324917,1,1
3.539328042,1,0
3.539329000,0,0
3.539331083,1,0
3.539332125,0,0
3.539334208,1,0
3.539335208,0,0
3.539336292,0,1
3.539337333,1,1
3.539338333,0,1
3.539339375,0,0
3.539340417,1,0
3.539341417,0,0
3.539343500,1,0
3.539344542,0,0
3.539346625,1,0
3.539347625,0,0
3.539348667,0,1
3.539349750,1,1
3.539350750,0,1
3.539351833,0,0
3.539352833,1,0
3.539353833,0,0
3.539355917,1,0
3.539356917,0,0
3.539359042,1,0
3.539360042,0,0
3.539362125,1,0
3.539363125,0,0
3.539365250,1,0
3.539366250,0,0
3.539368333,1,0
3.539369333,0,0
3.539371417,1,0
3.539372417,0,0
3.539374542,1,0
3.539375542,0,0
3.539377625,1,0
3.539378625,0,0
3.539380750,1,0
3.539381750,0,0
3.539383833,1,0
3.539384833,0,0
3.539386958,1,0
3.539387958,0,0
3.539390042,1,0
3.539391042,0,0
3.539393167,1,0
3.539394167,0,0
3.539396250,1,0
3.539397250,0,0
3.539399375,1,0
3.539400375,0,0
3.539402458,1,0
3.539403458,0,0
3.539405583,1,0
3.539406583,0,0
3.539408667,1,0
3.539409667,0,0
3.539411750,1,0
3.539412750,0,0
3.539414875,1,0
3.539415875,0,0
3.539418000,1,0
3.539419000,0,0
3.539421083,1,0
3.539422083,0,0
3.539424167,1,0
3.539425208,0,0
3.539427292,1,0
3.539428292,0,0
3.539430375,1,0
3.539431375,0,0
3.539433500,1,0
3.539434500,0,0
3.539436583,1,0
3.539437583,0,0
3.539439708,1,0
3.539440708,0,0
3.539442792,1,0
3.539443792,0,0
3.539445917,1,0
3.539446917,0,0
3.539449000,1,0
3.539450000,0,0
3.539452125,1,0
3.539453125,0,0
3.539454125,0,1
3.539455250,1,1
3.539456250,0,1
3.539457458,1,1
3.539458458,0,1
3.539460625,1,1
3.539461667,0,1
3.539462708,1,1
3.539463792,0,1
3.539464833,1,1
3.539465875,0,1
3.539466917,1,1
3.539468042,0,1
3.539469042,1,1
3.539470125,0,0
3.539471167,1,0
3.539472250,0,0
3.539472583,0,1
3.539473292,1,1
3.539474333,0,1
3.539475500,1,1
3.539476583,0,1
3.539477625,1,1
3.539478667,0,1
3.539479708,1,1
3.539480667,0,1
3.539481708,1,1
3.539482792,0,1
3.539483792,1,1
3.539484875,0,1
3.539485917,1,1
3.539487000,0,1
3.539488000,1,1
3.539489125,0,1
3.539490125,1,1
3.539491208,0,1
3.539492250,1,1
3.539493333,0,1
3.539494333,1,1
3.539495417,0,1
3.539496458,1,1
3.539497542,0,1
3.539498583,1,1
3.539499667,0,1
3.539500667,1,1
3.539501750,0,1
3.539502792,1,1
3.539503875,0,1
3.539504875,1,1
3.539506000,0,1
3.539507000,1,1
3.539508083,0,1
3.539509125,1,1
3.539510208,0,1
3.539511208,1,1
3.539512333,0,1
3.539513333,1,1
3.539514417,0,1
3.539515458,1,1
3.539516542,0,1
3.539517542,1,1
3.539518625,0,1
3.539519667,1,1
3.539520750,0,1
3.539521750,1,1
3.539522875,0,1
3.539523875,1,1
3.539524958,0,1
3.539526000,1,1
3.539527083,0,1
3.539528083,1,1
3.539529167,0,1
3.539530208,1,1
3.539531292,0,1
3.539532333,1,1
3.539533417,0,1
3.539534417,1,1
3.539535500,0,1
3.539536542,1,1
3.539537625,0,1
3.539538625,1,1
3.539539750,0,1
3.539540750,1,1
3.539541833,0,1
3.539543042,1,1
3.539544042,0,1
3.539545167,1,1
3.539546167,0,1
3.539548292,1,1
3.539549292,1,0
3.539550292,0,0
3.539552250,1,0
3.539553250,1,1
3.539556333,1,0
3.539557333,0,0
3.539559417,1,0
3.539560458,0,0
3.539562542,1,0
3.539563542,0,0
3.539564583,0,1
3.539565667,1,1
3.539566667,0,1
3.539567708,0,0
3.539568750,1,0
3.539569750,0,0
3.539571833,1,0
3.539572833,0,0
3.539574958,1,0
3.539575958,0,0
3.539577000,0,1
3.539578042,1,1
3.539579083,0,1
3.539580167,0,0
3.539581167,1,0
3.539582125,0,0
3.539584250,1,0
3.539585250,0,0
3.539587333,1,0
3.539588333,0,0
3.539590458,1,0
3.539591458,0,0
3.539593542,1,0
3.539594542,0,0
3.539596667,1,0
3.539597667,0,0
3.539599750,1,0
3.539600750,0,0
3.539602875,1,0
3.539603875,0,0
3.539605958,1,0
3.539606958,0,0
3.539609042,1,0
3.539610042,0,0
3.539612167,1,0
3.539613167,0,0
3.539615250,1,0
3.539616250,0,0
3.539618375,1,0
3.539619375,0,0
3.539621458,1,0
3.539622458,0,0
3.539624583,1,0
3.539625583,0,0
3.539627667,1,0
3.539628667,0,0
3.539630792,1,0
3.539631792,0,0
3.539633875,1,0
3.539634875,0,0
3.539636958,1,0
3.539638000,0,0
3.539640083,1,0
3.539641083,0,0
3.539643167,1,0
3.539644167,0,0
3.539646292,1,0
3.539647292,0,0
3.539649375,1,0
3.539650375,0,0
3.539652500,1,0
3.539653500,0,0
3.539655583,1,0
3.539656583,0,0
3.539658708,1,0
3.539659708,0,0
3.539661792,1,0
3.539662792,0,0
3.539664917,1,0
3.539665917,0,0
3.539668000,1,0
3.539669000,0,0
3.539671083,1,0
3.539672083,0,0
3.539674208,1,0
3.539675208,0,0
3.539677292,1,0
3.539678292,0,0
3.539680417,1,0
3.539681417,0,0
3.539682417,0,1
3.539683542,1,1
3.539684542,0,1
3.539685750,1,1
3.539686750,0,1
3.539688917,1,1
3.539690000,0,1
3.539691000,1,1
3.539692083,0,1
3.539693125,1,1
3.539694208,0,1
3.539695208,1,1
3.539696333,0,1
3.539697375,1,1
3.539698417,0,0
3.539699458,1,0
3.539700542,0,0
3.539700833,0,1
3.539701583,1,1
3.539702625,0,1
3.539703833,1,1
3.539704875,0,1
3.539705917,1,1
3.539706958,0,1
3.539708000,1,1
3.539708958,0,1
3.539710000,1,1
3.539711083,0,1
3.539712125,1,1
3.539713208,0,1
3.539714208,1,1
3.539715292,0,1
3.539716333,1,1
3.539717417,0,1
3.539718417,1,1
3.539719542,0,1
3.539720542,1,1
3.539721625,0,1
3.539722667,1,1
3.539723750,0,1
3.539724750,1,1
3.539725833,0,1
3.539726875,1,1
3.539727958,0,1
3.539728958,1,1
3.539730083,0,1
3.539731083,1,1
3.539732167,0,1
3.539733208,1,1
3.539734292,0,1
3.539735292,1,1
3.539736375,0,1
3.539737417,1,1
3.539738500,0,1
3.539739542,1,1
3.539740625,0,1
3.539741625,1,1
3.539742708,0,1
3.539743750,1,1
3.539744833,0,1
3.539745833,1,1
3.539746958,0,1
3.539747958,1,1
3.539749042,0,1
3.539750083,1,1
3.539751167,0,1
3.539752167,1,1
3.539753250,0,1
3.539754292,1,1
3.539755375,0,1
3.539756375,1,1
3.539757500,0,1
3.539758500,1,1
3.539759583,0,1
3.539760625,1,1
3.539761708,0,1
3.539762708,1,1
3.539763833,0,1
3.539764833,1,1
3.539765917,0,1
3.539766958,1,1
3.539768042,0,1
3.539769042,1,1
3.539770125,0,1
3.539771333,1,1
3.539772375,0,1
3.539773458,1,1
3.539774458,0,1
3.539776583,1,1
3.539777583,1,0
3.539778583,0,0
3.539780542,1,0
3.539781542,1,1
3.539784667,1,0
3.539785625,0,0
3.539787750,1,0
3.539788750,0,0
3.539790833,1,0
3.539791833,0,0
3.539792917,0,1
3.539793958,1,1
3.539794958,0,1
3.539796000,0,0
3.539797042,1,0
3.539798042,0,0
3.539800125,1,0
3.539801125,0,0
3.539803250,1,0
3.539804250,0,0
3.539805292,0,1
3.539806375,1,1
3.539807375,0,1
3.539808458,0,0
3.539809458,1,0
3.539810458,0,0
3.539812542,1,0
3.539813542,0,0
3.539815667,1,0
3.539816667,0,0
3.539818750,1,0
3.539819750,0,0
3.539821833,1,0
3.539822833,0,0
3.539824958,1,0
3.539825958,0,0
3.539828042,1,0
3.539829042,0,0
3.539831167,1,0
3.539832167,0,0
3.539834250,1,0
3.539835250,0,0
3.539837375,1,0
3.539838375,0,0
3.539840458,1,0
3.539841458,0,0
3.539843542,1,0
3.539844542,0,0
3.539846667,1,0
3.539847667,0,0
3.539849750,1,0
3.539850750,0,0
3.539852875,1,0
3.539853875,0,0
3.539855958,1,0
3.539856958,0,0
3.539859083,1,0
3.539860083,0,0
3.539862167,1,0
3.539863167,0,0
3.539865292,1,0
3.539866292,0,0
3.539868375,1,0
3.539869375,0,0
3.539871458,1,0
3.539872500,0,0
3.539874583,1,0
3.539875583,0,0
3.539877667,1,0
3.539878667,0,0
3.539880792,1,0
3.539881792,0,0
3.539883875,1,0
3.539884875,0,0
3.539887000,1,0
3.539888000,0,0
3.539890083,1,0
3.539891083,0,0
3.539893208,1,0
3.539894208,0,0
3.539896292,1,0
3.539897292,0,0
3.539899417,1,0
3.539900417,0,0
3.539902500,1,0
3.539903500,0,0
3.539905583,1,0
3.539906583,0,0
3.539908708,1,0
3.539909708,0,0
3.539910750,0,1
3.539911833,1,1
3.539912833,0,1
3.539914042,1,1
3.539915083,0,1
3.539917208,1,1
3.539918292,0,1
3.539919333,1,1
3.539920375,0,1
3.539921417,1,1
3.539922500,0,1
3.539923542,1,1
3.539924625,0,1
3.539925667,1,1
3.539926708,0,1
3.539926750,0,0
3.539927792,1,0
3.539928833,0,0
3.539929250,0,1
3.539929875,1,1
3.539930958,0,1
3.539932125,1,1
3.539933167,0,1
3.539934208,1,1
3.539935292,0,1
3.539936292,1,1
3.539937292,0,1
3.539938292,1,1
3.539939375,0,1
3.539940417,1,1
3.539941500,0,1
3.539942500,1,1
3.539943625,0,1
3.539944625,1,1
3.539945708,0,1
3.539946750,1,1
3.539947833,0,1
3.539948833,1,1
3.539949958,0,1
3.539950958,1,1
3.539952042,0,1
3.539953083,1,1
3.539954167,0,1
3.539955167,1,1
3.539956250,0,1
3.539957292,1,1
3.539958375,0,1
3.539959417,1,1
3.539960500,0,1
3.539961500,1,1
3.539962583,0,1
3.539963625,1,1
3.539964708,0,1
3.539965708,1,1
3.539966833,0,1
3.539967833,1,1
3.539968917,0,1
3.539969958,1,1
3.539971042,0,1
3.539972042,1,1
3.539973167,0,1
3.539974167,1,1
3.539975250,0,1
3.539976292,1,1
3.539977375,0,1
3.539978375,1,1
3.539979500,0,1
3.539980500,1,1
3.539981583,0,1
3.539982625,1,1
3.539983708,0,1
3.539984708,1,1
3.539985792,0,1
3.539986833,1,1
3.539987917,0,1
3.539988958,1,1
3.539990042,0,1
3.539991042,1,1
3.539992125,0,1
3.539993167,1,1
3.539994250,0,1
3.539995250,1,1
3.539996375,0,1
3.539997375,1,1
3.539998458,0,1
3.539999667,1,1
3.540000708,0,1
3.540001792,1,1
3.540002792,0,1
3.540004917,1,1
3.540005917,1,0
3.540006917,0,0
3.540008875,1,0
3.540009875,1,1
3.540012958,1,0
3.540013958,0,0
3.540016042,1,0
3.540017083,0,0
3.540019167,1,0
3.540020167,0,0
3.540021250,0,1
3.540022292,1,1
3.540023292,0,1
3.540024333,0,0
3.540025375,1,0
3.540026375,0,0
3.540028458,1,0
3.540029458,0,0
3.540031583,1,0
3.540032583,0,0
3.540033625,0,1
3.540034708,1,1
3.540035708,0,1
3.540036792,0,0
3.540037792,1,0
3.540038792,0,0
3.540040875,1,0
3.540041875,0,0
3.540044000,1,0
3.540045000,0,0
3.540047083,1,0
3.540048083,0,0
3.540050208,1,0
3.540051208,0,0
3.540053292,1,0
3.540054292,0,0
3.540056417,1,0
3.540057417,0,0
3.540059500,1,0
3.540060500,0,0
3.540062625,1,0
3.540063625,0,0
3.540065708,1,0
3.540066708,0,0
3.540068833,1,0
3.540069833,0,0
3.540071917,1,0
3.540072917,0,0
3.540075000,1,0
3.540076000,0,0
3.540078125,1,0
3.540079125,0,0
3.540081208,1,0
3.540082208,0,0
3.540084333,1,0
3.540085333,0,0
3.540087417,1,0
3.540088417,0,0
3.540090542,1,0
3.540091542,0,0
3.540093625,1,0
3.540094625,0,0
3.540096750,1,0
3.540097750,0,0
3.540099833,1,0
3.540100833,0,0
3.540102958,1,0
3.540103958,0,0
3.540106042,1,0
3.540107042,0,0
3.540109125,1,0
3.540110125,0,0
3.540112250,1,0
3.540113250,0,0
3.540115333,1,0
3.540116333,0,0
3.540118458,1,0
3.540119458,0,0
3.540121542,1,0
3.540122542,0,0
3.540124667,1,0
3.540125667,0,0
3.540127750,1,0
3.540128750,0,0
3.540130875,1,0
3.540131875,0,0
3.540133958,1,0
3.540134958,0,0
3.540137083,1,0
3.540138083,0,0
3.540139083,0,1
3.540140208,1,1
3.540141208,0,1
3.540142417,1,1
3.540143417,0,1
3.540145583,1,1
3.540146625,0,1
3.540147667,1,1
3.540148750,0,1
3.540149792,1,1
3.540150833,0,1
3.540151875,1,1
3.540152958,0,1
3.540154000,1,1
3.540155083,0,0
3.540156125,1,0
3.540157208,0,0
3.540157583,0,1
3.540158250,1,1
3.540159292,0,1
3.540160458,1,1
3.540161542,0,1
3.540162583,1,1
3.540163625,0,1
3.540164625,1,1
3.540165625,0,1
3.540166625,1,1
3.540167750,0,1
3.540168750,1,1
3.540169833,0,1
3.540170875,1,1
3.540171958,0,1
3.540172958,1,1
3.540174083,0,1
3.540175083,1,1
3.540176167,0,1
3.540177208,1,1
3.540178292,0,1
3.540179292,1,1
3.540180375,0,1
3.540181417,1,1
3.540182500,0,1
3.540183542,1,1
3.540184625,0,1
3.540185625,1,1
3.540186708,0,1
3.540187750,1,1
3.540188833,0,1
3.540189875,1,1
3.540190958,0,1
3.540191958,1,1
3.540193042,0,1
3.540194083,1,1
3.540195167,0,1
3.540196167,1,1
3.540197292,0,1
3.540198292,1,1
3.540199375,0,1
3.540200417,1,1
3.540201500,0,1
3.540202500,1,1
3.540203583,0,1
3.540204625,1,1
3.540205708,0,1
3.540206750,1,1
3.540207833,0,1
3.540208833,1,1
3.540209917,0,1
3.540210958,1,1
3.540212042,0,1
3.540213042,1,1
3.540214167,0,1
3.540215167,1,1
3.540216250,0,1
3.540217292,1,1
3.540218375,0,1
3.540219375,1,1
3.540220500,0,1
3.540221500,1,1
3.540222583,0,1
3.540223625,1,1
3.540224708,0,1
3.540225708,1,1
3.540226792,0,1
3.540228000,1,1
3.540229042,0,1
3.540230125,1,1
3.540231125,0,1
3.540233250,1,1
3.540234250,1,0
3.540235250,0,0
3.540237208,1,0
3.540238208,1,1
3.540241333,1,0
3.540242292,0,0
3.540244417,1,0
3.540245417,0,0
3.540247500,1,0
3.540248500,0,0
3.540249583,0,1
3.540250625,1,1
3.540251625,0,1
3.540252667,0,0
3.540253708,1,0
3.540254708,0,0
3.540256792,1,0
3.540257833,0,0
3.540259917,1,0
3.540260917,0,0
3.540262000,0,1
3.540263042,1,1
3.540264042,0,1
3.540265125,0,0
3.540266125,1,0
3.540267125,0,0
3.540269208,1,0
3.540270208,0,0
3.540272333,1,0
3.540273333,0,0
3.540275417,1,0
3.540276417,0,0
3.540278542,1,0
3.540279542,0,0
3.540281625,1,0
3.540282625,0,0
3.540284708,1,0
3.540285708,0,0
3.540287833,1,0
3.540288833,0,0
3.540290917,1,0
3.540291917,0,0
3.540294042,1,0
3.540295042,0,0
3.540297125,1,0
3.540298125,0,0
3.540300250,1,0
3.540301250,0,0
3.540303333,1,0
3.540304333,0,0
3.540306458,1,0
3.540307458,0,0
3.540309542,1,0
3.540310542,0,0
3.540312667,1,0
3.540313667,0,0
3.540315750,1,0
3.540316750,0,0
3.540318875,1,0
3.540319875,0,0
3.540321958,1,0
3.540322958,0,0
3.540325042,1,0
3.540326083,0,0
3.540328167,1,0
3.540329167,0,0
3.540331250,1,0
3.540332250,0,0
3.540334375,1,0
3.540335375,0,0
3.540337458,1,0
3.540338458,0,0
3.540340583,1,0
3.540341583,0,0
3.540343667,1,0
3.540344667,0,0
3.540346792,1,0
3.540347792,0,0
3.540349875,1,0
3.540350875,0,0
3.540353000,1,0
3.540354000,0,0
3.540356083,1,0
3.540357083,0,0
3.540359167,1,0
3.540360208,0,0
3.540362292,1,0
3.540363292,0,0
3.540365417,1,0
3.540366417,0,0
3.540367417,0,1
3.540368542,1,1
3.540369542,0,1
3.540370750,1,1
3.540371750,0,1
3.540373917,1,1
3.540374958,0,1
3.540376000,1,1
3.540377083,0,1
3.540378125,1,1
3.540379167,0,1
3.540380208,1,1
3.540381292,0,1
3.540382333,1,1
3.540383417,0,0
3.540384458,1,0
3.540385542,0,0
3.540385833,0,1
3.540386542,1,1
3.540387625,0,1
3.540388792,1,1
3.540389875,0,1
3.540390917,1,1
3.540391958,0,1
3.540392958,1,1
3.540393958,0,1
3.540394958,1,1
3.540396083,0,1
3.540397083,1,1
3.540398167,0,1
3.540399208,1,1
3.540400292,0,1
3.540401292,1,1
3.540402417,0,1
3.540403417,1,1
3.540404500,0,1
3.540405542,1,1
3.540406625,0,1
3.540407625,1,1
3.540408750,0,1
3.540409750,1,1
3.540410833,0,1
3.540411875,1,1
3.540412958,0,1
3.540413958,1,1
3.540415042,0,1
3.540416083,1,1
3.540417167,0,1
3.540418167,1,1
3.540419292,0,1
3.540420292,1,1
3.540421375,0,1
3.540422417,1,1
3.540423500,0,1
3.540424500,1,1
3.540425625,0,1
3.540426625,1,1
3.540427708,0,1
3.540428750,1,1
3.540429833,0,1
3.540430833,1,1
3.540431958,0,1
3.540432958,1,1
3.540434042,0,1
3.540435083,1,1
3.540436167,0,1
3.540437167,1,1
3.540438250,0,1
3.540439292,1,1
3.540440375,0,1
3.540441375,1,1
3.540442500,0,1
3.540443500,1,1
3.540444583,0,1
3.540445625,1,1
3.540446708,0,1
3.540447708,1,1
3.540448833,0,1
3.540449833,1,1
3.540450917,0,1
3.540451958,1,1
3.540453042,0,1
3.540454042,1,1
3.540455125,0,1
3.540456333,1,1
3.540457375,0,1
3.540458458,1,1
3.540459458,0,1
3.540461583,1,1
3.540462583,1,0
3.540463583,0,0
3.540465542,1,0
3.540466542,1,1
3.540469667,1,0
3.540470625,0,0
3.540472750,1,0
3.540473750,0,0
3.540475833,1,0
3.540476833,0,0
3.540477917,0,1
3.540478958,1,1
3.540479958,0,1
3.540481000,0,0
3.540482042,1,0
3.540483042,0,0
3.540485125,1,0
3.540486167,0,0
3.540488250,1,0
3.540489250,0,0
3.540490292,0,1
3.540491375,1,1
3.540492375,0,1
3.540493458,0,0
3.540494458,1,0
3.540495458,0,0
3.540497542,1,0
3.540498542,0,0
3.540500667,1,0
3.540501667,0,0
3.540503750,1,0
3.540504750,0,0
3.540506875,1,0
3.540507875,0,0
3.540509958,1,0
3.540510958,0,0
3.540513042,1,0
3.540514083,0,0
3.540516167,1,0
3.540517167,0,0
3.540519250,1,0
3.540520250,0,0
3.540522375,1,0
3.540523375,0,0
3.540525458,1,0
3.540526458,0,0
3.540528583,1,0
3.540529583,0,0
3.540531667,1,0
3.540532667,0,0
3.540534792,1,0
3.540535792,0,0
3.540537875,1,0
3.540538875,0,0
3.540541000,1,0
3.540542000,0,0
3.540544083,1,0
3.540545083,0,0
3.540547167,1,0
3.540548167,0,0
3.540550292,1,0
3.540551292,0,0
3.540553375,1,0
3.540554375,0,0
3.540556500,1,0
3.540557500,0,0
3.540559583,1,0
3.540560583,0,0
3.540562708,1,0
3.540563708,0,0
3.540565792,1,0
3.540566792,0,0
3.540568875,1,0
3.540569917,0,0
3.540572000,1,0
3.540573000,0,0
3.540575083,1,0
3.540576083,0,0
3.540578208,1,0
3.540579208,0,0
3.540581292,1,0
3.540582292,0,0
3.540584417,1,0
3.540585417,0,0
3.540587500,1,0
3.540588500,0,0
3.540590625,1,0
3.540591625,0,0
3.540593750,1,0
3.540594750,0,0
3.540595750,0,1
3.540596833,1,1
3.540597833,0,1
3.540599083,1,1
3.540600083,0,1
3.540602208,1,1
3.540603292,0,1
3.540604333,1,1
3.540605375,0,1
3.540606417,1,1
3.540607500,0,1
3.540608542,1,1
3.540609625,0,1
3.540610667,1,1
3.540611708,0,1
3.540611750,0,0
3.540612792,1,0
3.540613833,0,0
3.540614208,0,1
3.540614875,1,1
3.540615958,0,1
3.540617125,1,1
3.540618167,0,1
3.540619208,1,1
3.540620292,0,1
3.540621292,1,1
3.540622292,0,1
3.540623292,1,1
3.540624375,0,1
3.540625417,1,1
3.540626500,0,1
3.540627500,1,1
3.540628625,0,1
3.540629625,1,1
3.540630708,0,1
3.540631750,1,1
3.540632833,0,1
3.540633833,1,1
3.540634917,0,1
3.540635958,1,1
3.540637042,0,1
3.540638042,1,1
3.540639167,0,1
3.540640167,1,1
3.540641250,0,1
3.540642292,1,1
3.540643375,0,1
3.540644375,1,1
3.540645500,0,1
3.540646500,1,1
3.540647583,0,1
3.540648625,1,1
3.540649708,0,1
3.540650708,1,1
3.540651792,0,1
3.540652833,1,1
3.540653917,0,1
3.540654917,1,1
3.540656042,0,1
3.540657042,1,1
3.540658125,0,1
3.540659167,1,1
3.540660250,0,1
3.540661250,1,1
3.540662333,0,1
3.540663375,1,1
3.540664458,0,1
3.540665500,1,1
3.540666583,0,1
3.540667583,1,1
3.540668667,0,1
3.540669708,1,1
3.540670792,0,1
3.540671792,1,1
3.540672875,0,1
3.540673917,1,1
3.540675000,0,1
3.540676042,1,1
3.540677125,0,1
3.540678125,1,1
3.540679208,0,1
3.540680250,1,1
3.540681333,0,1
3.540682333,1,1
3.540683458,0,1
3.540684667,1,1
3.540685667,0,1
3.540686750,1,1
3.540687792,0,1
3.540689875,1,1
3.540690875,1,0
3.540691875,0,0
3.540693875,1,0
3.540694833,1,1
3.540697958,1,0
3.540698917,0,0
3.540701042,1,0
3.540702042,0,0
3.540704125,1,0
3.540705167,0,0
3.540706208,0,1
3.540707250,1,1
3.540708250,0,1
3.540709292,0,0
3.540710375,1,0
3.540711333,0,0
3.540713417,1,0
3.540714458,0,0
3.540716542,1,0
3.540717542,0,0
3.540718625,0,1
3.540719667,1,1
3.540720667,0,1
3.540721750,0,0
3.540722750,1,0
3.540723750,0,0
3.540725833,1,0
3.540726833,0,0
3.540728958,1,0
3.540729958,0,0
3.540732042,1,0
3.540733042,0,0
3.540735167,1,0
3.540736167,0,0
3.540738250,1,0
3.540739250,0,0
3.540741333,1,0
3.540742333,0,0
3.540744458,1,0
3.540745458,0,0
3.540747542,1,0
3.540748583,0,0
3.540750667,1,0
3.540751667,0,0
3.540753750,1,0
3.540754750,0,0
3.540756875,1,0
3.540757875,0,0
3.540759958,1,0
3.540760958,0,0
3.540763083,1,0
3.540764083,0,0
3.540766167,1,0
3.540767167,0,0
3.540769292,1,0
3.540770292,0,0
3.540772375,1,0
3.540773375,0,0
3.540775458,1,0
3.540776458,0,0
3.540778583,1,0
3.540779583,0,0
3.540781667,1,0
3.540782667,0,0
3.540784792,1,0
3.540785792,0,0
3.540787875,1,0
3.540788875,0,0
3.540791000,1,0
3.540792000,0,0
3.540794083,1,0
3.540795083,0,0
3.540797167,1,0
3.540798208,0,0
3.540800292,1,0
3.540801292,0,0
3.540803375,1,0
3.540804375,0,0
3.540806500,1,0
3.540807500,0,0
3.540809583,1,0
3.540810583,0,0
3.540812708,1,0
3.540813708,0,0
3.540815792,1,0
3.540816792,0,0
3.540818917,1,0
3.540819917,0,0
3.540822042,1,0
3.540823000,0,0
3.540824042,0,1
3.540825125,1,1
3.540826125,0,1
3.540827333,1,1
3.540828375,0,1
3.540830500,1,1
3.540831583,0,1
3.540832625,1,1
3.540833667,0,1
3.540834708,1,1
3.540835792,0,1
3.540836833,1,1
3.540837917,0,1
3.540838958,1,1
3.540840000,0,1
3.540840042,0,0
3.540841083,1,0
3.540842125,0,0
3.540842542,0,1
3.540843167,1,1
3.540844250,0,1
3.540845417,1,1
3.540846458,0,1
3.540847500,1,1
3.540848583,0,1
3.540849583,1,1
3.540850583,0,1
3.540851583,1,1
3.540852667,0,1
3.540853708,1,1
3.540854792,0,1
3.540855833,1,1
3.540856917,0,1
3.540857917,1,1
3.540859000,0,1
3.540860042,1,1
3.540861125,0,1
3.540862125,1,1
3.540863250,0,1
3.540864250,1,1
3.540865333,0,1
3.540866375,1,1
3.540867458,0,1
3.540868458,1,1
3.540869542,0,1
3.540870583,1,1
3.540871667,0,1
3.540872708,1,1
3.540873792,0,1
3.540874792,1,1
3.540875875,0,1
3.540876917,1,1
3.540878000,0,1
3.540879000,1,1
3.540880125,0,1
3.540881125,1,1
3.540882208,0,1
3.540883250,1,1
3.540884333,0,1
3.540885333,1,1
3.540886417,0,1
3.540887458,1,1
3.540888542,0,1
3.540889583,1,1
3.540890667,0,1
3.540891667,1,1
3.540892750,0,1
3.540893792,1,1
3.540894875,0,1
3.540895917,1,1
3.540897000,0,1
3.540898000,1,1
3.540899083,0,1
3.540900125,1,1
3.540901208,0,1
3.540902208,1,1
3.540903333,0,1
3.540904333,1,1
3.540905417,0,1
3.540906458,1,1
3.540907542,0,1
3.540908542,1,1
3.540909667,0,1
3.540910667,1,1
3.540911750,0,1
3.540912958,1,1
3.540913958,0,1
3.540915083,1,1
3.540916083,0,1
3.540918208,1,1
3.540919208,1,0
3.540920208,0,0
3.540922167,1,0
3.540923167,1,1
3.540926292,1,0
3.540927250,0,0
3.540929333,1,0
3.540930375,0,0
3.540932458,1,0
3.540933458,0,0
3.540934500,0,1
3.540935583,1,1
3.540936583,0,1
3.540937625,0,0
3.540938667,1,0
3.540939667,0,0
3.540941750,1,0
3.540942750,0,0
3.540944875,1,0
3.540945875,0,0
3.540946917,0,1
3.540947958,1,1
3.540949000,0,1
3.540950083,0,0
3.540951083,1,0
3.540952083,0,0
3.540954167,1,0
3.540955167,0,0
3.540957250,1,0
3.540958250,0,0
3.540960375,1,0
3.540961375,0,0
3.540963458,1,0
3.540964458,0,0
3.540966583,1,0
3.540967583,0,0
3.540969667,1,0
3.540970667,0,0
3.540972792,1,0
3.540973792,0,0
3.540975875,1,0
3.540976875,0,0
3.540979000,1,0
3.540980000,0,0
3.540982083,1,0
3.540983083,0,0
3.540985208,1,0
3.540986208,0,0
3.540988292,1,0
3.540989292,0,0
3.540991417,1,0
3.540992417,0,0
3.540994500,1,0
3.540995500,0,0
3.540997625,1,0
3.540998625,0,0
3.541000708,1,0
3.541001708,0,0
3.541003833,1,0
3.541004833,0,0
3.541006917,1,0
3.541007917,0,0
3.541010042,1,0
3.541011042,0,0
3.541013125,1,0
3.541014125,0,0
3.541016208,1,0
3.541017208,0,0
3.541019333,1,0
3.541020333,0,0
3.541022417,1,0
3.541023417,0,0
3.541025542,1,0
3.541026542,0,0
3.541028625,1,0
3.541029625,0,0
3.541031750,1,0
3.541032750,0,0
3.541034833,1,0
3.541035833,0,0
3.541037958,1,0
3.541038958,0,0
3.541041042,1,0
3.541042042,0,0
3.541044167,1,0
3.541045167,0,0
3.541047250,1,0
3.541048250,0,0
3.541050375,1,0
3.541051375,0,0
3.541052375,0,1
3.541053500,1,1
3.541054500,0,1
3.541055708,1,1
3.541056708,0,1
3.541058875,1,1
3.541059917,0,1
3.541060958,1,1
3.541062042,0,1
3.541063083,1,1
3.541064125,0,1
3.541065167,1,1
3.541066250,0,1
3.541067292,1,1
3.541068375,0,0
3.541069417,1,0
3.541070500,0,0
3.541070792,0,1
3.541071542,1,1
3.541072583,0,1
3.541073750,1,1
3.541074833,0,1
3.541075875,1,1
3.541076917,0,1
3.541077958,1,1
3.541078917,0,1
3.541079958,1,1
3.541081042,0,1
3.541082042,1,1
3.541083125,0,1
3.541084167,1,1
3.541085250,0,1
3.541086250,1,1
3.541087375,0,1
3.541088375,1,1
3.541089458,0,1
3.541090500,1,1
3.541091583,0,1
3.541092583,1,1
3.541093708,0,1
3.541094708,1,1
3.541095792,0,1
3.541096833,1,1
3.541097917,0,1
3.541098917,1,1
3.541100000,0,1
3.541101042,1,1
3.541102125,0,1
3.541103125,1,1
3.541104250,0,1
3.541105250,1,1
3.541106333,0,1
3.541107375,1,1
3.541108458,0,1
3.541109458,1,1
3.541110583,0,1
3.541111583,1,1
3.541112667,0,1
3.541113708,1,1
3.541114792,0,1
3.541115792,1,1
3.541116875,0,1
3.541117917,1,1
3.541119000,0,1
3.541120000,1,1
3.541121125,0,1
3.541122125,1,1
3.541123208,0,1
3.541124250,1,1
3.541125333,0,1
3.541126333,1,1
3.541127458,0,1
3.541128458,1,1
3.541129542,0,1
3.541130583,1,1
3.541131667,0,1
3.541132667,1,1
3.541133792,0,1
3.541134792,1,1
3.541135875,0,1
3.541136917,1,1
3.541138000,0,1
3.541139000,1,1
3.541140083,0,1
3.541141292,1,1
3.541142333,0,1
3.541143417,1,1
3.541144417,0,1
3.541146542,1,1
3.541147542,1,0
3.541148542,0,0
3.541150500,1,0
3.541151500,1,1
3.541154625,1,0
3.541155583,0,0
3.541157708,1,0
3.541158708,0,0
3.541160792,1,0
3.541161792,0,0
3.541162875,0,1
3.541163917,1,1
3.541164917,0,1
3.541165958,0,0
3.541167000,1,0
3.541168000,0,0
3.541170083,1,0
3.541171125,0,0
3.541173208,1,0
3.541174208,0,0
3.541175292,0,1
3.541176333,1,1
3.541177333,0,1
3.541178417,0,0
3.541179417,1,0
3.541180417,0,0
3.541182500,1,0
3.541183500,0,0
3.541185625,1,0
3.541186625,0,0
3.541188708,1,0
3.541189708,0,0
3.541191833,1,0
3.541192833,0,0
3.541194917,1,0
3.541195917,0,0
3.541198042,1,0
3.541199042,0,0
3.541201125,1,0
3.541202125,0,0
3.541204250,1,0
3.541205250,0,0
3.541207333,1,0
3.541208333,0,0
3.541210458,1,0
3.541211458,0,0
3.541213542,1,0
3.541214542,0,0
3.541216667,1,0
3.541217667,0,0
3.541219750,1,0
3.541220750,0,0
3.541222833,1,0
3.541223833,0,0
3.541225958,1,0
3.541226958,0,0
3.541229042,1,0
3.541230042,0,0
3.541232167,1,0
3.541233167,0,0
3.541235250,1,0
3.541236250,0,0
3.541238375,1,0
3.541239375,0,0
3.541241458,1,0
3.541242458,0,0
3.541244583,1,0
3.541245583,0,0
3.541247667,1,0
3.541248667,0,0
3.541250792,1,0
3.541251792,0,0
3.541253875,1,0
3.541254875,0,0
3.541257000,1,0
3.541258000,0,0
3.541260083,1,0
3.541261083,0,0
3.541263167,1,0
3.541264208,0,0
3.541266292,1,0
3.541267292,0,0
3.541269375,1,0
3.541270375,0,0
3.541272500,1,0
3.541273500,0,0
3.541275583,1,0
3.541276583,0,0
3.541278708,1,0
3.541279708,0,0
3.541280750,0,1
3.541281833,1,1
3.541282833,0,1
3.541284042,1,1
3.541285083,0,1
3.541287208,1,1
3.541288292,0,1
3.541289333,1,1
3.541290375,0,1
3.541291417,1,1
3.541292500,0,1
3.541293542,1,1
3.541294625,0,1
3.541295667,1,1
3.541296708,0,1
3.541296750,0,0
3.541297792,1,0
3.541298833,0,0
3.541299167,0,1
3.541299875,1,1
3.541300958,0,1
3.541302125,1,1
3.541303167,0,1
3.541304208,1,1
3.541305292,0,1
3.541306292,1,1
3.541307292,0,1
3.541308292,1,1
3.541309375,0,1
3.541310417,1,1
3.541311500,0,1
3.541312542,1,1
3.541313625,0,1
3.541314625,1,1
3.541315708,0,1
3.541316750,1,1
3.541317833,0,1
3.541318833,1,1
3.541319958,0,1
3.541320958,1,1
3.541322042,0,1
3.541323083,1,1
3.541324167,0,1
3.541325167,1,1
3.541326292,0,1
3.541327292,1,1
3.541328375,0,1
3.541329417,1,1
3.541330500,0,1
3.541331500,1,1
3.541332583,0,1
3.541333625,1,1
3.541334708,0,1
3.541335750,1,1
3.541336833,0,1
3.541337833,1,1
3.541338917,0,1
3.541339958,1,1
3.541341042,0,1
3.541342083,1,1
3.541343167,0,1
3.541344167,1,1
3.541345250,0,1
3.541346292,1,1
3.541347375,0,1
3.541348417,1,1
3.541349500,0,1
3.541350500,1,1
3.541351583,0,1
3.541352625,1,1
3.541353708,0,1
3.541354708,1,1
3.541355833,0,1
3.541356833,1,1
3.541357917,0,1
3.541358958,1,1
3.541360042,0,1
3.541361042,1,1
3.541362167,0,1
3.541363167,1,1
3.541364250,0,1
3.541365292,1,1
3.541366375,0,1
3.541367375,1,1
3.541368500,0,1
3.541369708,1,1
3.541370708,0,1
3.541371792,1,1
3.541372792,0,1
3.541374917,1,1
3.541375917,1,0
3.541376917,0,0
3.541378875,1,0
3.541379875,1,1
3.541383000,1,0
3.541384000,0,0
3.541386083,1,0
3.541387083,0,0
3.541389167,1,0
3.541390208,0,0
3.541391250,0,1
3.541392292,1,1
3.541393292,0,1
3.541394333,0,0
3.541395417,1,0
3.541396375,0,0
3.541398500,1,0
3.541399500,0,0
3.541401583,1,0
3.541402583,0,0
3.541403667,0,1
3.541404708,1,1
3.541405708,0,1
3.541406792,0,0
3.541407792,1,0
3.541408792,0,0
3.541410875,1,0
3.541411917,0,0
3.541414000,1,0
3.541415000,0,0
3.541417083,1,0
3.541418083,0,0
3.541420208,1,0
3.541421208,0,0
3.541423292,1,0
3.541424292,0,0
3.541426417,1,0
3.541427417,0,0
3.541429500,1,0
3.541430500,0,0
3.541432625,1,0
3.541433625,0,0
3.541435708,1,0
3.541436708,0,0
3.541438833,1,0
3.541439833,0,0
3.541441917,1,0
3.541442917,0,0
3.541445042,1,0
3.541446042,0,0
3.541448125,1,0
3.541449125,0,0
3.541451250,1,0
3.541452250,0,0
3.541454333,1,0
3.541455333,0,0
3.541457458,1,0
3.541458458,0,0
3.541460542,1,0
3.541461542,0,0
3.541463667,1,0
3.541464667,0,0
3.541466750,1,0
3.541467750,0,0
3.541469875,1,0
3.541470875,0,0
3.541472958,1,0
3.541473958,0,0
3.541476083,1,0
3.541477083,0,0
3.541479167,1,0
3.541480167,0,0
3.541482250,1,0
3.541483250,0,0
3.541485375,1,0
3.541486375,0,0
3.541488458,1,0
3.541489458,0,0
3.541491583,1,0
3.541492583,0,0
3.541494667,1,0
3.541495708,0,0
3.541497792,1,0
3.541498792,0,0
3.541500875,1,0
3.541501875,0,0
3.541504000,1,0
3.541505000,0,0
3.541507125,1,0
3.541508125,0,0
3.541509125,0,1
3.541510208,1,1
3.541511250,0,1
3.541512458,1,1
3.541513458,0,1
3.541515625,1,1
3.541516667,0,1
3.541517708,1,1
3.541518792,0,1
3.541519833,1,1
3.541520875,0,1
3.541521917,1,1
3.541523000,0,1
3.541524042,1,1
3.541525125,0,0
3.541526167,1,0
3.541527250,0,0
3.541527667,0,1
3.541528292,1,1
3.541529333,0,1
3.541530500,1,1
3.541531583,0,1
3.541532625,1,1
3.541533667,0,1
3.541534708,1,1
3.541535667,0,1
3.541536708,1,1
3.541537792,0,1
3.541538833,1,1
3.541539917,0,1
3.541540917,1,1
3.541542000,0,1
3.541543042,1,1
3.541544125,0,1
3.541545167,1,1
3.541546250,0,1
3.541547250,1,1
3.541548333,0,1
3.541549375,1,1
3.541550458,0,1
3.541551500,1,1
3.541552583,0,1
3.541553583,1,1
3.541554667,0,1
3.541555708,1,1
3.541556792,0,1
3.541557792,1,1
3.541558917,0,1
3.541559917,1,1
3.541561000,0,1
3.541562042,1,1
3.541563125,0,1
3.541564125,1,1
3.541565250,0,1
3.541566250,1,1
3.541567333,0,1
3.541568375,1,1
3.541569458,0,1
3.541570458,1,1
3.541571583,0,1
3.541572583,1,1
3.541573667,0,1
3.541574708,1,1
3.541575792,0,1
3.541576792,1,1
3.541577917,0,1
3.541578917,1,1
3.541580000,0,1
3.541581042,1,1
3.541582125,0,1
3.541583125,1,1
3.541584250,0,1
3.541585250,1,1
3.541586333,0,1
3.541587375,1,1
3.541588458,0,1
3.541589458,1,1
3.541590583,0,1
3.541591583,1,1
3.541592667,0,1
3.541593708,1,1
3.541594792,0,1
3.541595792,1,1
3.541596875,0,1
3.541598083,1,1
3.541599125,0,1
3.541600208,1,1
3.541601208,0,1
3.541603333,1,1
3.541604333,1,0
3.541605333,0,0
3.541607333,1,0
3.541608292,1,1
3.541611417,1,0
3.541612417,0,0
3.541614500,1,0
3.541615500,0,0
3.541617583,1,0
3.541618625,0,0
3.541619667,0,1
3.541620708,1,1
3.541621708,0,1
3.541622792,0,0
3.541623833,1,0
3.541624792,0,0
3.541626917,1,0
3.541627917,0,0
3.541630000,1,0
3.541631042,0,0
3.541632083,0,1
3.541633125,1,1
3.541634125,0,1
3.541635208,0,0
3.541636208,1,0
3.541637208,0,0
3.541639333,1,0
3.541640333,0,0
3.541642417,1,0
3.541643417,0,0
3.541645542,1,0
3.541646542,0,0
3.541648625,1,0
3.541649625,0,0
3.541651750,1,0
3.541652750,0,0
3.541654833,1,0
3.541655833,0,0
3.541657958,1,0
3.541658958,0,0
3.541661042,1,0
3.541662042,0,0
3.541664167,1,0
3.541665167,0,0
3.541667250,1,0
3.541668250,0,0
3.541670375,1,0
3.541671375,0,0
3.541673458,1,0
3.541674458,0,0
3.541676583,1,0
3.541677583,0,0
3.541679667,1,0
3.541680667,0,0
3.541682792,1,0
3.541683792,0,0
3.541685875,1,0
3.541686875,0,0
3.541689000,1,0
3.541690000,0,0
3.541692083,1,0
3.541693083,0,0
3.541695208,1,0
3.541696208,0,0
3.541698292,1,0
3.541699292,0,0
3.541701417,1,0
3.541702417,0,0
3.541704500,1,0
3.541705500,0,0
3.541707625,1,0
3.541708625,0,0
3.541710708,1,0
3.541711708,0,0
3.541713833,1,0
3.541714833,0,0
3.541716917,1,0
3.541717917,0,0
3.541720042,1,0
3.541721042,0,0
3.541723125,1,0
3.541724125,0,0
3.541726250,1,0
3.541727250,0,0
3.541729333,1,0
3.541730333,0,0
3.541732458,1,0
3.541733458,0,0
3.541735583,1,0
3.541736542,0,0
3.541737583,0,1
3.541738667,1,1
3.541739667,0,1
3.541740875,1,1
3.541741917,0,1
3.541744042,1,1
3.541745125,0,1
3.541746167,1,1
3.541747250,0,1
3.541748292,1,1
3.541749333,0,1
3.541750375,1,1
3.541751458,0,1
3.541752500,1,1
3.541753583,0,0
3.541754625,1,0
3.541755708,0,0
3.541756042,0,1
3.541756708,1,1
3.541757792,0,1
3.541758958,1,1
3.541760042,0,1
3.541761083,1,1
3.541762125,0,1
3.541763167,1,1
3.541764125,0,1
3.541765167,1,1
3.541766250,0,1
3.541767250,1,1
3.541768333,0,1
3.541769375,1,1
3.541770458,0,1
3.541771500,1,1
3.541772583,0,1
3.541773583,1,1
3.541774667,0,1
3.541775708,1,1
3.541776792,0,1
3.541777833,1,1
3.541778917,0,1
3.541779917,1,1
3.541781000,0,1
3.541782042,1,1
3.541783125,0,1
3.541784125,1,1
3.541785250,0,1
3.541786250,1,1
3.541787333,0,1
3.541788375,1,1
3.541789458,0,1
3.541790458,1,1
3.541791583,0,1
3.541792583,1,1
3.541793667,0,1
3.541794708,1,1
3.541795792,0,1
3.541796833,1,1
3.541797917,0,1
3.541798917,1,1
3.541800000,0,1
3.541801042,1,1
3.541802125,0,1
3.541803125,1,1
3.541804250,0,1
3.541805250,1,1
3.541806333,0,1
3.541807375,1,1
3.541808458,0,1
3.541809458,1,1
3.541810583,0,1
3.541811583,1,1
3.541812667,0,1
3.541813708,1,1
3.541814792,0,1
3.541815792,1,1
3.541816917,0,1
3.541817917,1,1
3.541819000,0,1
3.541820042,1,1
3.541821125,0,1
3.541822125,1,1
3.541823250,0,1
3.541824250,1,1
3.541825333,0,1
3.541826542,1,1
3.541827583,0,1
3.541828667,1,1
3.541829667,0,1
3.541831792,1,1
3.541832792,1,0
3.541833792,0,0
3.541835750,1,0
3.541836750,1,1
3.541839875,1,0
3.541840833,0,0
3.541842958,1,0
3.541843958,0,0
3.541846042,1,0
3.541847083,0,0
3.541848125,0,1
3.541849167,1,1
3.541850167,0,1
3.541851208,0,0
3.541852292,1,0
3.541853250,0,0
3.541855375,1,0
3.541856375,0,0
3.541858458,1,0
3.541859500,0,0
3.541860542,0,1
3.541861583,1,1
3.541862583,0,1
3.541863667,0,0
3.541864667,1,0
3.541865667,0,0
3.541867792,1,0
3.541868792,0,0
3.541870875,1,0
3.541871875,0,0
3.541874000,1,0
3.541875000,0,0
3.541877083,1,0
3.541878083,0,0
3.541880208,1,0
3.541881208,0,0
3.541883292,1,0
3.541884292,0,0
3.541886417,1,0
3.541887417,0,0
3.541889500,1,0
3.541890500,0,0
3.541892625,1,0
3.541893625,0,0
3.541895708,1,0
3.541896708,0,0
3.541898833,1,0
3.541899833,0,0
3.541901917,1,0
3.541902917,0,0
3.541905042,1,0
3.541906042,0,0
3.541908125,1,0
3.541909125,0,0
3.541911250,1,0
3.541912250,0,0
3.541914333,1,0
3.541915333,0,0
3.541917458,1,0
3.541918458,0,0
3.541920542,1,0
3.541921542,0,0
3.541923667,1,0
3.541924667,0,0
3.541926750,1,0
3.541927750,0,0
3.541929875,1,0
3.541930875,0,0
3.541932958,1,0
3.541933958,0,0
3.541936083,1,0
3.541937083,0,0
3.541939167,1,0
3.541940167,0,0
3.541942250,1,0
3.541943292,0,0
3.541945375,1,0
3.541946375,0,0
3.541948458,1,0
3.541949458,0,0
3.541951583,1,0
3.541952583,0,0
3.541954667,1,0
3.541955667,0,0
3.541957792,1,0
3.541958792,0,0
3.541960875,1,0
3.541961875,0,0
3.541964042,1,0
3.541965000,0,0
3.541966042,0,1
3.541967125,1,1
3.541968125,0,1
3.541969333,1,1
3.541970375,0,1
3.541972500,1,1
3.541973583,0,1
3.541974625,1,1
3.541975667,0,1
3.541976708,1,1
3.541977792,0,1
3.541978833,1,1
3.541979917,0,1
3.541980958,1,1
3.541982042,0,0
3.541983083,1,0
3.541984125,0,0
3.541984458,0,1
3.541985167,1,1
3.541986250,0,1
3.541987417,1,1
3.541988500,0,1
3.541989500,1,1
3.541990583,0,1
3.541991583,1,1
3.541992583,0,1
3.541993583,1,1
3.541994708,0,1
3.541995708,1,1
3.541996792,0,1
3.541997833,1,1
3.541998917,0,1
3.541999917,1,1
3.542001042,0,1
3.542002042,1,1
3.542003125,0,1
3.542004167,1,1
3.542005250,0,1
3.542006250,1,1
3.542007375,0,1
3.542008375,1,1
3.542009458,0,1
3.542010500,1,1
3.542011583,0,1
3.542012583,1,1
3.542013708,0,1
3.542014708,1,1
3.542015792,0,1
3.542016833,1,1
3.542017917,0,1
3.542018917,1,1
3.542020000,0,1
3.542021042,1,1
3.542022125,0,1
3.542023167,1,1
3.542024250,0,1
3.542025250,1,1
3.542026333,0,1
3.542027375,1,1
3.542028458,0,1
3.542029500,1,1
3.542030583,0,1
3.542031583,1,1
3.542032667,0,1
3.542033708,1,1
3.542034792,0,1
3.542035792,1,1
3.542036917,0,1
3.542037917,1,1
3.542039000,0,1
3.542040042,1,1
3.542041125,0,1
3.542042125,1,1
3.542043250,0,1
3.542044250,1,1
3.542045333,0,1
3.542046375,1,1
3.542047458,0,1
3.542048458,1,1
3.542049583,0,1
3.542050583,1,1
3.542051667,0,1
3.542052708,1,1
3.542053792,0,1
3.542055000,1,1
3.542056000,0,1
3.542057083,1,1
3.542058125,0,1
3.542060250,1,1
3.542061250,1,0
3.542062250,0,0
3.542064208,1,0
3.542065208,1,1
3.542068292,1,0
3.542069292,0,0
3.542071375,1,0
3.542072417,0,0
3.542074500,1,0
3.542075500,0,0
3.542076583,0,1
3.542077625,1,1
3.542078625,0,1
3.542079667,0,0
3.542080708,1,0
3.542081708,0,0
3.542083792,1,0
3.542084792,0,0
3.542086917,1,0
3.542087917,0,0
3.542088958,0,1
3.542090042,1,1
3.542091042,0,1
3.542092125,0,0
3.542093125,1,0
3.542094125,0,0
3.542096208,1,0
3.542097208,0,0
3.542099333,1,0
3.542100333,0,0
3.542102417,1,0
3.542103417,0,0
3.542105542,1,0
3.542106542,0,0
3.542108625,1,0
3.542109625,0,0
3.542111750,1,0
3.542112750,0,0
3.542114833,1,0
3.542115833,0,0
3.542117958,1,0
3.542118958,0,0
3.542121042,1,0
3.542122042,0,0
3.542124167,1,0
3.542125167,0,0
3.542127250,1,0
3.542128250,0,0
3.542130375,1,0
3.542131375,0,0
3.542133458,1,0
3.542134458,0,0
3.542136583,1,0
3.542137583,0,0
3.542139667,1,0
3.542140667,0,0
3.542142792,1,0
3.542143792,0,0
3.542145875,1,0
3.542146875,0,0
3.542149000,1,0
3.542150000,0,0
3.542152083,1,0
3.542153083,0,0
3.542155208,1,0
3.542156208,0,0
3.542158292,1,0
3.542159292,0,0
3.542161417,1,0
3.542162417,0,0
3.542164500,1,0
3.542165500,0,0
3.542167583,1,0
3.542168583,0,0
3.542170708,1,0
3.542171708,0,0
3.542173792,1,0
3.542174792,0,0
3.542176917,1,0
3.542177917,0,0
3.542180000,1,0
3.542181000,0,0
3.542183125,1,0
3.542184125,0,0
3.542186208,1,0
3.542187208,0,0
3.542189333,1,0
3.542190333,0,0
3.542192458,1,0
3.542193458,0,0
3.542194458,0,1
3.542195542,1,1
3.542196583,0,1
3.542197792,1,1
3.542198792,0,1
3.542200958,1,1
3.542202000,0,1
3.542203042,1,1
3.542204125,0,1
3.542205167,1,1
3.542206208,0,1
3.542207250,1,1
3.542208333,0,1
3.542209375,1,1
3.542210458,0,0
3.542211500,1,0
3.542212583,0,0
3.542212917,0,1
3.542213625,1,1
3.542214667,0,1
3.542215833,1,1
3.542216917,0,1
3.542217958,1,1
3.542219000,0,1
3.542220042,1,1
3.542221000,0,1
3.542222042,1,1
3.542223125,0,1
3.542224125,1,1
3.542225250,0,1
3.542226250,1,1
3.542227333,0,1
3.542228375,1,1
3.542229458,0,1
3.542230458,1,1
3.542231583,0,1
3.542232583,1,1
3.542233667,0,1
3.542234708,1,1
3.542235792,0,1
3.542236792,1,1
3.542237917,0,1
3.542238917,1,1
3.542240000,0,1
3.542241042,1,1
3.542242125,0,1
3.542243125,1,1
3.542244208,0,1
3.542245250,1,1
3.542246333,0,1
3.542247375,1,1
3.542248458,0,1
3.542249458,1,1
3.542250542,0,1
3.542251583,1,1
3.542252667,0,1
3.542253667,1,1
3.542254792,0,1
3.542255792,1,1
3.542256875,0,1
3.542257917,1,1
3.542259000,0,1
3.542260000,1,1
3.542261125,0,1
3.542262125,1,1
3.542263208,0,1
3.542264250,1,1
3.542265333,0,1
3.542266333,1,1
3.542267458,0,1
3.542268458,1,1
3.542269542,0,1
3.542270583,1,1
3.542271667,0,1
3.542272667,1,1
3.542273750,0,1
3.542274792,1,1
3.542275875,0,1
3.542276917,1,1
3.542278000,0,1
3.542279000,1,1
3.542280125,0,1
3.542281125,1,1
3.542282208,0,1
3.542283417,1,1
3.542284458,0,1
3.542285542,1,1
3.542286542,0,1
3.542288667,1,1
3.542289667,1,0
3.542290667,0,0
3.542292625,1,0
3.542293625,1,1
3.542296750,1,0
3.542297708,0,0
3.542299833,1,0
3.542300833,0,0
3.542302917,1,0
3.542303958,0,0
3.542305000,0,1
3.542306042,1,1
3.542307042,0,1
3.542308083,0,0
3.542309167,1,0
3.542310125,0,0
3.542312250,1,0
3.542313250,0,0
3.542315333,1,0
3.542316333,0,0
3.542317417,0,1
3.542318458,1,1
3.542319458,0,1
3.542320542,0,0
3.542321542,1,0
3.542322542,0,0
3.542324667,1,0
3.542325667,0,0
3.542327750,1,0
3.542328750,0,0
3.542330875,1,0
3.542331875,0,0
3.542333958,1,0
3.542334958,0,0
3.542337083,1,0
3.542338083,0,0
3.542340167,1,0
3.542341167,0,0
3.542343292,1,0
3.542344292,0,0
3.542346375,1,0
3.542347375,0,0
3.542349500,1,0
3.542350500,0,0
3.542352583,1,0
3.542353583,0,0
3.542355708,1,0
3.542356708,0,0
3.542358792,1,0
3.542359792,0,0
3.542361917,1,0
3.542362917,0,0
3.542365000,1,0
3.542366000,0,0
3.542368125,1,0
3.542369125,0,0
3.542371208,1,0
3.542372208,0,0
3.542374333,1,0
3.542375333,0,0
3.542377417,1,0
3.542378417,0,0
3.542380542,1,0
3.542381542,0,0
3.542383625,1,0
3.542384625,0,0
3.542386750,1,0
3.542387750,0,0
3.542389833,1,0
3.542390833,0,0
3.542392917,1,0
3.542393958,0,0
3.542396042,1,0
3.542397042,0,0
3.542399125,1,0
3.542400125,0,0
3.542402250,1,0
3.542403250,0,0
3.542405333,1,0
3.542406333,0,0
3.542408458,1,0
3.542409458,0,0
3.542411542,1,0
3.542412542,0,0
3.542414667,1,0
3.542415667,0,0
3.542417750,1,0
3.542418750,0,0
3.542420917,1,0
3.542421875,0,0
3.542422917,0,1
3.542424000,1,1
3.542425000,0,1
3.542426208,1,1
3.542427250,0,1
3.542429375,1,1
3.542430458,0,1
3.542431500,1,1
3.542432542,0,1
3.542433583,1,1
3.542434667,0,1
3.542435708,1,1
3.542436792,0,1
3.542437833,1,1
3.542438875,0,1
3.542438917,0,0
3.542439958,1,0
3.542441000,0,0
3.542441417,0,1
3.542442042,1,1
3.542443125,0,1
3.542444292,1,1
3.542445333,0,1
3.542446375,1,1
3.542447458,0,1
3.542448458,1,1
3.542449458,0,1
3.542450458,1,1
3.542451583,0,1
3.542452583,1,1
3.542453667,0,1
3.542454708,1,1
3.542455792,0,1
3.542456792,1,1
3.542457917,0,1
3.542458917,1,1
3.542460000,0,1
3.542461042,1,1
3.542462125,0,1
3.542463125,1,1
3.542464208,0,1
3.542465250,1,1
3.542466333,0,1
3.542467375,1,1
3.542468458,0,1
3.542469458,1,1
3.542470542,0,1
3.542471583,1,1
3.542472667,0,1
3.542473667,1,1
3.542474792,0,1
3.542475792,1,1
3.542476875,0,1
3.542477917,1,1
3.542479000,0,1
3.542480000,1,1
3.542481125,0,1
3.542482125,1,1
3.542483208,0,1
3.542484250,1,1
3.542485333,0,1
3.542486333,1,1
3.542487458,0,1
3.542488458,1,1
3.542489542,0,1
3.542490583,1,1
3.542491667,0,1
3.542492667,1,1
3.542493792,0,1
3.542494792,1,1
3.542495875,0,1
3.542496917,1,1
3.542498000,0,1
3.542499000,1,1
3.542500125,0,1
3.542501125,1,1
3.542502208,0,1
3.542503250,1,1
3.542504333,0,1
3.542505333,1,1
3.542506417,0,1
3.542507458,1,1
3.542508542,0,1
3.542509583,1,1
3.542510667,0,1
3.542511875,1,1
3.542512875,0,1
3.542513958,1,1
3.542515000,0,1
3.542517125,1,1
3.542518125,1,0
3.542519125,0,0
3.542521083,1,0
3.542522083,1,1
3.542525167,1,0
3.542526167,0,0
3.542528250,1,0
3.542529250,0,0
3.542531375,1,0
3.542532375,0,0
3.542533417,0,1
3.542534500,1,1
3.542535500,0,1
3.542536542,0,0
3.542537583,1,0
3.542538583,0,0
3.542540667,1,0
3.542541667,0,0
3.542543792,1,0
3.542544792,0,0
3.542545833,0,1
3.542546917,1,1
3.542547917,0,1
3.542549000,0,0
3.542550000,1,0
3.542551000,0,0
3.542553083,1,0
3.542554083,0,0
3.542556208,1,0
3.542557208,0,0
3.542559292,1,0
3.542560292,0,0
3.542562417,1,0
3.542563417,0,0
3.542565500,1,0
3.542566500,0,0
3.542568625,1,0
3.542569625,0,0
3.542571708,1,0
3.542572708,0,0
3.542574792,1,0
3.542575792,0,0
3.542577917,1,0
3.542578917,0,0
3.542581000,1,0
3.542582000,0,0
3.542584125,1,0
3.542585125,0,0
3.542587208,1,0
3.542588208,0,0
3.542590333,1,0
3.542591333,0,0
3.542593417,1,0
3.542594417,0,0
3.542596542,1,0
3.542597542,0,0
3.542599625,1,0
3.542600625,0,0
3.542602750,1,0
3.542603750,0,0
3.542605833,1,0
3.542606833,0,0
3.542608958,1,0
3.542609958,0,0
3.542612042,1,0
3.542613042,0,0
3.542615167,1,0
3.542616167,0,0
3.542618250,1,0
3.542619250,0,0
3.542621375,1,0
3.542622375,0,0
3.542624458,1,0
3.542625458,0,0
3.542627583,1,0
3.542628583,0,0
3.542630667,1,0
3.542631667,0,0
3.542633792,1,0
3.542634792,0,0
3.542636875,1,0
3.542637875,0,0
3.542640000,1,0
3.542641000,0,0
3.542643083,1,0
3.542644083,0,0
3.542646208,1,0
3.542647208,0,0
3.542649333,1,0
3.542650292,0,0
3.542651333,0,1
3.542652417,1,1
3.542653417,0,1
3.542654625,1,1
3.542655667,0,1
3.542657792,1,1
3.542658875,0,1
3.542659917,1,1
3.542660958,0,1
3.542662000,1,1
3.542663083,0,1
3.542664125,1,1
3.542665208,0,1
3.542666250,1,1
3.542667333,0,0
3.542668375,1,0
3.542669417,0,0
3.542669750,0,1
3.542670458,1,1
3.542671542,0,1
3.542672708,1,1
3.542673792,0,1
3.542674792,1,1
3.542675875,0,1
3.542676875,1,1
3.542677875,0,1
3.542678875,1,1
3.542680000,0,1
3.542681000,1,1
3.542682083,0,1
3.542683125,1,1
3.542684208,0,1
3.542685208,1,1
3.542686333,0,1
3.542687333,1,1
3.542688417,0,1
3.542689458,1,1
3.542690542,0,1
3.542691542,1,1
3.542692667,0,1
3.542693667,1,1
3.542694750,0,1
3.542695792,1,1
3.542696875,0,1
3.542697875,1,1
3.542698958,0,1
3.542700000,1,1
3.542701083,0,1
3.542702125,1,1
3.542703208,0,1
3.542704208,1,1
3.542705292,0,1
3.542706333,1,1
3.542707417,0,1
3.542708458,1,1
3.542709542,0,1
3.542710542,1,1
3.542711625,0,1
3.542712667,1,1
3.542713750,0,1
3.542714792,1,1
3.542715875,0,1
3.542716875,1,1
3.542717958,0,1
3.542719000,1,1
3.542720083,0,1
3.542721083,1,1
3.542722208,0,1
3.542723208,1,1
3.542724292,0,1
3.542725333,1,1
3.542726417,0,1
3.542727417,1,1
3.542728542,0,1
3.542729542,1,1
3.542730625,0,1
3.542731667,1,1
3.542732750,0,1
3.542733750,1,1
3.542734875,0,1
3.542735875,1,1
3.542736958,0,1
3.542738000,1,1
3.542739083,0,1
3.542740292,1,1
3.542741292,0,1
3.542742375,1,1
3.542743417,0,1
3.542745542,1,1
3.542746542,1,0
3.542747542,0,0
3.542749500,1,0
3.542750500,1,1
3.542753583,1,0
3.542754583,0,0
3.542756667,1,0
3.542757667,0,0
3.542759792,1,0
3.542760792,0,0
3.542761833,0,1
3.542762875,1,1
3.542763917,0,1
3.542764958,0,0
3.542766000,1,0
3.542767000,0,0
3.542769083,1,0
3.542770083,0,0
3.542772208,1,0
3.542773208,0,0
3.542774250,0,1
3.542775292,1,1
3.542776333,0,1
3.542777417,0,0
3.542778417,1,0
3.542779417,0,0
3.542781500,1,0
3.542782500,0,0
3.542784583,1,0
3.542785583,0,0
3.542787708,1,0
3.542788708,0,0
3.542790792,1,0
3.542791792,0,0
3.542793917,1,0
3.542794917,0,0
3.542797000,1,0
3.542798000,0,0
3.542800125,1,0
3.542801125,0,0
3.542803208,1,0
3.542804208,0,0
3.542806333,1,0
3.542807333,0,0
3.542809417,1,0
3.542810417,0,0
3.542812542,1,0
3.542813542,0,0
3.542815625,1,0
3.542816625,0,0
3.542818750,1,0
3.542819750,0,0
3.542821833,1,0
3.542822833,0,0
3.542824958,1,0
3.542825958,0,0
3.542828042,1,0
3.542829042,0,0
3.542831167,1,0
3.542832167,0,0
3.542834250,1,0
3.542835250,0,0
3.542837375,1,0
3.542838375,0,0
3.542840458,1,0
3.542841458,0,0
3.542843583,1,0
3.542844583,0,0
3.542846667,1,0
3.542847667,0,0
3.542849750,1,0
3.542850750,0,0
3.542852875,1,0
3.542853875,0,0
3.542855958,1,0
3.542857000,0,0
3.542859083,1,0
3.542860083,0,0
3.542862167,1,0
3.542863167,0,0
3.542865292,1,0
3.542866292,0,0
3.542868375,1,0
3.542869375,0,0
3.542871500,1,0
3.542872500,0,0
3.542874583,1,0
3.542875583,0,0
3.542877708,1,0
3.542878708,0,0
3.542879750,0,1
3.542880833,1,1
3.542881833,0,1
3.542883042,1,1
3.542884083,0,1
3.542886208,1,1
3.542887292,0,1
3.542888333,1,1
3.542889375,0,1
3.542890417,1,1
3.542891500,0,1
3.542892542,1,1
3.542893625,0,1
3.542894667,1,1
3.542895708,0,1
3.542895750,0,0
3.542896792,1,0
3.542897833,0,0
3.542898167,0,1
3.542898875,1,1
3.542899958,0,1
3.542901125,1,1
3.542902167,0,1
3.542903208,1,1
3.542904292,0,1
3.542905292,1,1
3.542906292,0,1
3.542907292,1,1
3.542908375,0,1
3.542909417,1,1
3.542910500,0,1
3.542911500,1,1
3.542912583,0,1
3.542913625,1,1
3.542914708,0,1
3.542915750,1,1
3.542916833,0,1
3.542917833,1,1
3.542918917,0,1
3.542919958,1,1
3.542921042,0,1
3.542922083,1,1
3.542923167,0,1
3.542924167,1,1
3.542925250,0,1
3.542926292,1,1
3.542927375,0,1
3.542928375,1,1
3.542929500,0,1
3.542930500,1,1
3.542931583,0,1
3.542932625,1,1
3.542933708,0,1
3.542934708,1,1
3.542935833,0,1
3.542936833,1,1
3.542937917,0,1
3.542938958,1,1
3.542940042,0,1
3.542941042,1,1
3.542942167,0,1
3.542943167,1,1
3.542944250,0,1
3.542945292,1,1
3.542946375,0,1
3.542947375,1,1
3.542948458,0,1
3.542949500,1,1
3.542950583,0,1
3.542951625,1,1
3.542952708,0,1
3.542953708,1,1
3.542954792,0,1
3.542955833,1,1
3.542956917,0,1
3.542957917,1,1
3.542959042,0,1
3.542960042,1,1
3.542961125,0,1
3.542962167,1,1
3.542963250,0,1
3.542964250,1,1
3.542965375,0,1
3.542966375,1,1
3.542967458,0,1
3.542968667,1,1
3.542969708,0,1
3.542970792,1,1
3.542971792,0,1
3.542973917,1,1
3.542974917,1,0
3.542975917,0,0
3.542977875,1,0
3.542978875,1,1
3.542982000,1,0
3.542982958,0,0
3.542985083,1,0
3.542986083,0,0
3.542988167,1,0
3.542989208,0,0
3.542990250,0,1
3.542991292,1,1
3.542992292,0,1
3.542993333,0,0
3.542994417,1,0
3.542995375,0,0
3.542997500,1,0
3.542998500,0,0
3.543000583,1,0
3.543001583,0,0
3.543002667,0,1
3.543003708,1,1
3.543004708,0,1
3.543005792,0,0
3.543006792,1,0
3.543007792,0,0
3.543009917,1,0
3.543010917,0,0
3.543013000,1,0
3.543014000,0,0
3.543016083,1,0
3.543017083,0,0
3.543019208,1,0
3.543020208,0,0
3.543022292,1,0
3.543023292,0,0
3.543025417,1,0
3.543026417,0,0
3.543028500,1,0
3.543029500,0,0
3.543031625,1,0
3.543032625,0,0
3.543034708,1,0
3.543035708,0,0
3.543037833,1,0
3.543038833,0,0
3.543040917,1,0
3.543041917,0,0
3.543044042,1,0
3.543045042,0,0
3.543047125,1,0
3.543048125,0,0
3.543050250,1,0
3.543051250,0,0
3.543053333,1,0
3.543054333,0,0
3.543056458,1,0
3.543057458,0,0
3.543059542,1,0
3.543060542,0,0
3.543062667,1,0
3.543063667,0,0
3.543065750,1,0
3.543066750,0,0
3.543068875,1,0
3.543069875,0,0
3.543071958,1,0
3.543072958,0,0
3.543075083,1,0
3.543076083,0,0
3.543078167,1,0
3.543079167,0,0
3.543081250,1,0
3.543082250,0,0
3.543084375,1,0
3.543085375,0,0
3.543087458,1,0
3.543088458,0,0
3.543090583,1,0
3.543091583,0,0
3.543093667,1,0
3.543094667,0,0
3.543096792,1,0
3.543097792,0,0
3.543099875,1,0
3.543100875,0,0
3.543103000,1,0
3.543104000,0,0
3.543106125,1,0
3.543107125,0,0
3.543108125,0,1
3.543109208,1,1
3.543110208,0,1
3.543111458,1,1
3.543112458,0,1
3.543114625,1,1
3.543115667,0,1
3.543116708,1,1
3.543117792,0,1
3.543118833,1,1
3.543119875,0,1
3.543120917,1,1
3.543122000,0,1
3.543123042,1,1
3.543124125,0,0
3.543125167,1,0
3.543126250,0,0
3.543126625,0,1
3.543127292,1,1
3.543128333,0,1
3.543129500,1,1
3.543130583,0,1
3.543131625,1,1
3.543132667,0,1
3.543133708,1,1
3.543134667,0,1
3.543135708,1,1
3.543136792,0,1
3.543137792,1,1
3.543138917,0,1
3.543139917,1,1
3.543141000,0,1
3.543142042,1,1
3.543143125,0,1
3.543144125,1,1
3.543145208,0,1
3.543146250,1,1
3.543147333,0,1
3.543148333,1,1
3.543149458,0,1
3.543150458,1,1
3.543151542,0,1
3.543152583,1,1
3.543153667,0,1
3.543154667,1,1
3.543155792,0,1
3.543156792,1,1
3.543157875,0,1
3.543158917,1,1
3.543160000,0,1
3.543161000,1,1
3.543162125,0,1
3.543163125,1,1
3.543164208,0,1
3.543165250,1,1
3.543166333,0,1
3.543167333,1,1
3.543168417,0,1
3.543169458,1,1
3.543170542,0,1
3.543171583,1,1
3.543172667,0,1
3.543173667,1,1
3.543174750,0,1
3.543175792,1,1
3.543176875,0,1
3.543177917,1,1
3.543179000,0,1
3.543180000,1,1
3.543181083,0,1
3.543182125,1,1
3.543183208,0,1
3.543184250,1,1
3.543185333,0,1
3.543186333,1,1
3.543187417,0,1
3.543188458,1,1
3.543189542,0,1
3.543190542,1,1
3.543191667,0,1
3.543192667,1,1
3.543193750,0,1
3.543194792,1,1
3.543195875,0,1
3.543197083,1,1
3.543198083,0,1
3.543199167,1,1
3.543200208,0,1
3.543202333,1,1
3.543203333,1,0
3.543204333,0,0
3.543206292,1,0
3.543207292,1,1
3.543210375,1,0
3.543211375,0,0
3.543213458,1,0
3.543214458,0,0
3.543216583,1,0
3.543217583,0,0
3.543218625,0,1
3.543219708,1,1
3.543220708,0,1
3.543221750,0,0
3.543222792,1,0
3.543223792,0,0
3.543225875,1,0
3.543226875,0,0
3.543229000,1,0
3.543230000,0,0
3.543231042,0,1
3.543232083,1,1
3.543233125,0,1
3.543234208,0,0
3.543235208,1,0
3.543236208,0,0
3.543238292,1,0
3.543239292,0,0
3.543241417,1,0
3.543242417,0,0
3.543244500,1,0
3.543245500,0,0
3.543247625,1,0
3.543248625,0,0
3.543250708,1,0
3.543251708,0,0
3.543253833,1,0
3.543254833,0,0
3.543256917,1,0
3.543257917,0,0
3.543260042,1,0
3.543261042,0,0
3.543263125,1,0
3.543264125,0,0
3.543266208,1,0
3.543267250,0,0
3.543269333,1,0
3.543270333,0,0
3.543272417,1,0
3.543273417,0,0
3.543275542,1,0
3.543276542,0,0
3.543278625,1,0
3.543279625,0,0
3.543281750,1,0
3.543282750,0,0
3.543284833,1,0
3.543285833,0,0
3.543287958,1,0
3.543288958,0,0
3.543291042,1,0
3.543292042,0,0
3.543294167,1,0
3.543295167,0,0
3.543297250,1,0
3.543298250,0,0
3.543300375,1,0
3.543301375,0,0
3.543303458,1,0
3.543304458,0,0
3.543306583,1,0
3.543307583,0,0
3.543309667,1,0
3.543310667,0,0
3.543312792,1,0
3.543313792,0,0
3.543315875,1,0
3.543316875,0,0
3.543318958,1,0
3.543319958,0,0
3.543322083,1,0
3.543323083,0,0
3.543325167,1,0
3.543326167,0,0
3.543328292,1,0
3.543329292,0,0
3.543331375,1,0
3.543332375,0,0
3.543334542,1,0
3.543335500,0,0
3.543336542,0,1
3.543337625,1,1
3.543338625,0,1
3.543339833,1,1
3.543340875,0,1
3.543343000,1,1
3.543344083,0,1
3.543345125,1,1
3.543346167,0,1
3.543347208,1,1
3.543348292,0,1
3.543349333,1,1
3.543350417,0,1
3.543351458,1,1
3.543352500,0,1
3.543352542,0,0
3.543353583,1,0
3.543354625,0,0
3.543354958,0,1
3.543355667,1,1
3.543356750,0,1
3.543357917,1,1
3.543358958,0,1
3.543360000,1,1
3.543361083,0,1
3.543362083,1,1
3.543363083,0,1
3.543364083,1,1
3.543365167,0,1
3.543366208,1,1
3.543367292,0,1
3.543368292,1,1
3.543369375,0,1
3.543370417,1,1
3.543371500,0,1
3.543372542,1,1
3.543373625,0,1
3.543374625,1,1
3.543375708,0,1
3.543376750,1,1
3.543377833,0,1
3.543378833,1,1
3.543379958,0,1
3.543380958,1,1
3.543382042,0,1
3.543383083,1,1
3.543384167,0,1
3.543385167,1,1
3.543386250,0,1
3.543387292,1,1
3.543388375,0,1
3.543389417,1,1
3.543390500,0,1
3.543391500,1,1
3.543392583,0,1
3.543393625,1,1
3.543394708,0,1
3.543395708,1,1
3.543396833,0,1
3.543397833,1,1
3.543398917,0,1
3.543399958,1,1
3.543401042,0,1
3.543402042,1,1
3.543403167,0,1
3.543404167,1,1
3.543405250,0,1
3.543406292,1,1
3.543407375,0,1
3.543408375,1,1
3.543409458,0,1
3.543410500,1,1
3.543411583,0,1
3.543412583,1,1
3.543413708,0,1
3.543414708,1,1
3.543415792,0,1
3.543416833,1,1
3.543417917,0,1
3.543418917,1,1
3.543420042,0,1
3.543421042,1,1
3.543422125,0,1
3.543423167,1,1
3.543424250,0,1
3.543425458,1,1
3.543426458,0,1
3.543427542,1,1
3.543428583,0,1
3.543430708,1,1
3.543431708,1,0
3.543432708,0,0
3.543434667,1,0
3.543435667,1,1
3.543438750,1,0
3.543439750,0,0
3.543441833,1,0
3.543442833,0,0
3.543444958,1,0
3.543445958,0,0
3.543447000,0,1
3.543448042,1,1
3.543449083,0,1
3.543450125,0,0
3.543451167,1,0
3.543452167,0,0
3.543454250,1,0
3.543455250,0,0
3.543457375,1,0
3.543458375,0,0
3.543459417,0,1
3.543460458,1,1
3.543461500,0,1
3.543462583,0,0
3.543463583,1,0
3.543464583,0,0
3.543466667,1,0
3.543467667,0,0
3.543469792,1,0
3.543470792,0,0
3.543472875,1,0
3.543473875,0,0
3.543476000,1,0
3.543477000,0,0
3.543479083,1,0
3.543480083,0,0
3.543482167,1,0
3.543483208,0,0
3.543485292,1,0
3.543486292,0,0
3.543488375,1,0
3.543489375,0,0
3.543491500,1,0
3.543492500,0,0
3.543494583,1,0
3.543495583,0,0
3.543497708,1,0
3.543498708,0,0
3.543500792,1,0
3.543501792,0,0
3.543503917,1,0
3.543504917,0,0
3.543507000,1,0
3.543508000,0,0
3.543510125,1,0
3.543511125,0,0
3.543513208,1,0
3.543514208,0,0
3.543516292,1,0
3.543517333,0,0
3.543519417,1,0
3.543520417,0,0
3.543522542,1,0
3.543523542,0,0
3.543525625,1,0
3.543526625,0,0
3.543528708,1,0
3.543529708,0,0
3.543531833,1,0
3.543532833,0,0
3.543534917,1,0
3.543535917,0,0
3.543538042,1,0
3.543539042,0,0
3.543541125,1,0
3.543542125,0,0
3.543544250,1,0
3.543545250,0,0
3.543547333,1,0
3.543548375,0,0
3.543550458,1,0
3.543551458,0,0
3.543553542,1,0
3.543554542,0,0
3.543556667,1,0
3.543557667,0,0
3.543559750,1,0
3.543560750,0,0
3.543562917,1,0
3.543563875,0,0
3.543564917,0,1
3.543566000,1,1
3.543567000,0,1
3.543568208,1,1
3.543569250,0,1
3.543571375,1,1
3.543572458,0,1
3.543573500,1,1
3.543574542,0,1
3.543575583,1,1
3.543576667,0,1
3.543577708,1,1
3.543578792,0,1
3.543579833,1,1
3.543580875,0,1
3.543580917,0,0
3.543581958,1,0
3.543583000,0,0
3.543583333,0,1
3.543584042,1,1
3.543585125,0,1
3.543586292,1,1
3.543587333,0,1
3.543588375,1,1
3.543589458,0,1
3.543590458,1,1
3.543591458,0,1
3.543592458,1,1
3.543593542,0,1
3.543594583,1,1
3.543595667,0,1
3.543596708,1,1
3.543597792,0,1
3.543598792,1,1
3.543599875,0,1
3.543600917,1,1
3.543602000,0,1
3.543603042,1,1
3.543604125,0,1
3.543605125,1,1
3.543606250,0,1
3.543607250,1,1
3.543608333,0,1
3.543609375,1,1
3.543610458,0,1
3.543611458,1,1
3.543612542,0,1
3.543613583,1,1
3.543614667,0,1
3.543615708,1,1
3.543616792,0,1
3.543617792,1,1
3.543618875,0,1
3.543619917,1,1
3.543621000,0,1
3.543622000,1,1
3.543623125,0,1
3.543624125,1,1
3.543625208,0,1
3.543626250,1,1
3.543627333,0,1
3.543628333,1,1
3.543629458,0,1
3.543630458,1,1
3.543631542,0,1
3.543632583,1,1
3.543633667,0,1
3.543634667,1,1
3.543635750,0,1
3.543636792,1,1
3.543637875,0,1
3.543638875,1,1
3.543640000,0,1
3.543641000,1,1
3.543642083,0,1
3.543643125,1,1
3.543644208,0,1
3.543645208,1,1
3.543646333,0,1
3.543647333,1,1
3.543648417,0,1
3.543649458,1,1
3.543650542,0,1
3.543651583,1,1
3.543652667,0,1
3.543653875,1,1
3.543654875,0,1
3.543655958,1,1
3.543657000,0,1
3.543659083,1,1
3.543660125,1,0
3.543661083,0,0
3.543663083,1,0
3.543664042,1,1
3.543667167,1,0
3.543668167,0,0
3.543670250,1,0
3.543671250,0,0
3.543673375,1,0
3.543674375,0,0
3.543675417,0,1
3.543676458,1,1
3.543677500,0,1
3.543678542,0,0
3.543679583,1,0
3.543680542,0,0
3.543682667,1,0
3.543683667,0,0
3.543685792,1,0
3.543686792,0,0
3.543687833,0,1
3.543688875,1,1
3.543689875,0,1
3.543690958,0,0
3.543691958,1,0
3.543692958,0,0
3.543695083,1,0
3.543696083,0,0
3.543698167,1,0
3.543699167,0,0
3.543701292,1,0
3.543702292,0,0
3.543704375,1,0
3.543705375,0,0
3.543707500,1,0
3.543708500,0,0
3.543710583,1,0
3.543711583,0,0
3.543713708,1,0
3.543714708,0,0
3.543716792,1,0
3.543717792,0,0
3.543719917,1,0
3.543720917,0,0
3.543723000,1,0
3.543724000,0,0
3.543726125,1,0
3.543727125,0,0
3.543729208,1,0
3.543730208,0,0
3.543732333,1,0
3.543733333,0,0
3.543735417,1,0
3.543736417,0,0
3.543738542,1,0
3.543739542,0,0
3.543741625,1,0
3.543742625,0,0
3.543744708,1,0
3.543745708,0,0
3.543747833,1,0
3.543748833,0,0
3.543750917,1,0
3.543751958,0,0
3.543754042,1,0
3.543755042,0,0
3.543757167,1,0
3.543758167,0,0
3.543760250,1,0
3.543761250,0,0
3.543763333,1,0
3.543764333,0,0
3.543766458,1,0
3.543767458,0,0
3.543769542,1,0
3.543770542,0,0
3.543772667,1,0
3.543773667,0,0
3.543775750,1,0
3.543776750,0,0
3.543778875,1,0
3.543779875,0,0
3.543781958,1,0
3.543782958,0,0
3.543785083,1,0
3.543786083,0,0
3.543788167,1,0
3.543789167,0,0
3.543791292,1,0
3.543792292,0,0
3.543793292,0,1
3.543794417,1,1
3.543795417,0,1
3.543796625,1,1
3.543797625,0,1
3.543799792,1,1
3.543800875,0,1
3.543801875,1,1
3.543802958,0,1
3.543804000,1,1
3.543805042,0,1
3.543806083,1,1
3.543807208,0,1
3.543808250,1,1
3.543809292,0,0
3.543810333,1,0
3.543811417,0,0
3.543811792,0,1
3.543812458,1,1
3.543813500,0,1
3.543814667,1,1
3.543815750,0,1
3.543816792,1,1
3.543817833,0,1
3.543818875,1,1
3.543819833,0,1
3.543820875,1,1
3.543821958,0,1
3.543823000,1,1
3.543824083,0,1
3.543825083,1,1
3.543826167,0,1
3.543827208,1,1
3.543828292,0,1
3.543829292,1,1
3.543830417,0,1
3.543831417,1,1
3.543832500,0,1
3.543833542,1,1
3.543834625,0,1
3.543835625,1,1
3.543836750,0,1
3.543837750,1,1
3.543838833,0,1
3.543839875,1,1
3.543840958,0,1
3.543841958,1,1
3.543843042,0,1
3.543844083,1,1
3.543845167,0,1
3.543846208,1,1
3.543847292,0,1
3.543848292,1,1
3.543849375,0,1
3.543850417,1,1
3.543851500,0,1
3.543852500,1,1
3.543853625,0,1
3.543854625,1,1
3.543855708,0,1
3.543856750,1,1
3.543857833,0,1
3.543858833,1,1
3.543859958,0,1
3.543860958,1,1
3.543862042,0,1
3.543863083,1,1
3.543864167,0,1
3.543865167,1,1
3.543866292,0,1
3.543867292,1,1
3.543868375,0,1
3.543869417,1,1
3.543870500,0,1
3.543871500,1,1
3.543872625,0,1
3.543873625,1,1
3.543874708,0,1
3.543875750,1,1
3.543876833,0,1
3.543877833,1,1
3.543878917,0,1
3.543879958,1,1
3.543881042,0,1
3.543882250,1,1
3.543883250,0,1
3.543884375,1,1
3.543885375,0,1
3.543887500,1,1
3.543888500,1,0
3.543889500,0,0
3.543891458,1,0
3.543892458,1,1
3.543895542,1,0
3.543896542,0,0
3.543898625,1,0
3.543899667,0,0
3.543901750,1,0
3.543902750,0,0
3.543903833,0,1
3.543904875,1,1
3.543905875,0,1
3.543906917,0,0
3.543907958,1,0
3.543908958,0,0
3.543911042,1,0
3.543912083,0,0
3.543914167,1,0
3.543915167,0,0
3.543916250,0,1
3.543917292,1,1
3.543918292,0,1
3.543919375,0,0
3.543920375,1,0
3.543921375,0,0
3.543923458,1,0
3.543924458,0,0
3.543926583,1,0
3.543927583,0,0
3.543929667,1,0
3.543930667,0,0
3.543932792,1,0
3.543933792,0,0
3.543935875,1,0
3.543936875,0,0
3.543939000,1,0
3.543940000,0,0
3.543942083,1,0
3.543943083,0,0
3.543945208,1,0
3.543946208,0,0
3.543948292,1,0
3.543949292,0,0
3.543951417,1,0
3.543952417,0,0
3.543954500,1,0
3.543955500,0,0
3.543957583,1,0
3.543958583,0,0
3.543960708,1,0
3.543961708,0,0
3.543963792,1,0
3.543964792,0,0
3.543966917,1,0
3.543967917,0,0
3.543970000,1,0
3.543971000,0,0
3.543973125,1,0
3.543974125,0,0
3.543976208,1,0
3.543977208,0,0
3.543979333,1,0
3.543980333,0,0
3.543982417,1,0
3.543983417,0,0
3.543985542,1,0
3.543986542,0,0
3.543988625,1,0
3.543989625,0,0
3.543991750,1,0
3.543992750,0,0
3.543994833,1,0
3.543995833,0,0
3.543997958,1,0
3.543998958,0,0
3.544001042,1,0
3.544002042,0,0
3.544004125,1,0
3.544005167,0,0
3.544007250,1,0
3.544008250,0,0
3.544010333,1,0
3.544011375,0,0
3.544013458,1,0
3.544014458,0,0
3.544016542,1,0
3.544017542,0,0
3.544019708,1,0
3.544020667,0,0
3.544021708,0,1
3.544022792,1,1
3.544023792,0,1
3.544025000,1,1
3.544026042,0,1
3.544028167,1,1
3.544029250,0,1
3.544030292,1,1
3.544031333,0,1
3.544032375,1,1
3.544033458,0,1
3.544034500,1,1
3.544035583,0,1
3.544036625,1,1
3.544037667,0,1
3.544037708,0,0
3.544038750,1,0
3.544039792,0,0
3.544040167,0,1
3.544040833,1,1
3.544041917,0,1
3.544043083,1,1
3.544044125,0,1
3.544045167,1,1
3.544046250,0,1
3.544047250,1,1
3.544048250,0,1
3.544049250,1,1
3.544050333,0,1
3.544051375,1,1
3.544052458,0,1
3.544053500,1,1
3.544054583,0,1
3.544055583,1,1
3.544056667,0,1
3.544057708,1,1
3.544058792,0,1
3.544059792,1,1
3.544060917,0,1
3.544061917,1,1
3.544063000,0,1
3.544064042,1,1
3.544065125,0,1
3.544066125,1,1
3.544067250,0,1
3.544068250,1,1
3.544069333,0,1
3.544070375,1,1
3.544071458,0,1
3.544072458,1,1
3.544073583,0,1
3.544074583,1,1
3.544075667,0,1
3.544076708,1,1
3.544077792,0,1
3.544078792,1,1
3.544079917,0,1
3.544080917,1,1
3.544082000,0,1
3.544083042,1,1
3.544084125,0,1
3.544085125,1,1
3.544086208,0,1
3.544087250,1,1
3.544088333,0,1
3.544089333,1,1
3.544090458,0,1
3.544091458,1,1
3.544092542,0,1
3.544093583,1,1
3.544094667,0,1
3.544095667,1,1
3.544096792,0,1
3.544097792,1,1
3.544098875,0,1
3.544099917,1,1
3.544101000,0,1
3.544102000,1,1
3.544103125,0,1
3.544104125,1,1
3.544105208,0,1
3.544106250,1,1
3.544107333,0,1
3.544108333,1,1
3.544109458,0,1
3.544110667,1,1
3.544111667,0,1
3.544112750,1,1
3.544113792,0,1
3.544115875,1,1
3.544116917,1,0
3.544117875,0,0
3.544119875,1,0
3.544120833,1,1
3.544123958,1,0
3.544124958,0,0
3.544127042,1,0
3.544128042,0,0
3.544130167,1,0
3.544131167,0,0
3.544132208,0,1
3.544133250,1,1
3.544134250,0,1
3.544135333,0,0
3.544136375,1,0
3.544137333,0,0
3.544139458,1,0
3.544140458,0,0
3.544142583,1,0
3.544143583,0,0
3.544144625,0,1
3.544145667,1,1
3.544146667,0,1
3.544147750,0,0
3.544148750,1,0
3.544149750,0,0
3.544151875,1,0
3.544152875,0,0
3.544154958,1,0
3.544155958,0,0
3.544158083,1,0
3.544159083,0,0
3.544161167,1,0
3.544162167,0,0
3.544164292,1,0
3.544165292,0,0
3.544167375,1,0
3.544168375,0,0
3.544170500,1,0
3.544171500,0,0
3.544173583,1,0
3.544174583,0,0
3.544176708,1,0
3.544177708,0,0
3.544179792,1,0
3.544180792,0,0
3.544182917,1,0
3.544183917,0,0
3.544186000,1,0
3.544187000,0,0
3.544189125,1,0
3.544190125,0,0
3.544192208,1,0
3.544193208,0,0
3.544195333,1,0
3.544196333,0,0
3.544198417,1,0
3.544199417,0,0
3.544201542,1,0
3.544202542,0,0
3.544204625,1,0
3.544205625,0,0
3.544207750,1,0
3.544208750,0,0
3.544210833,1,0
3.544211833,0,0
3.544213958,1,0
3.544214958,0,0
3.544217042,1,0
3.544218042,0,0
3.544220125,1,0
3.544221167,0,0
3.544223250,1,0
3.544224250,0,0
3.544226375,1,0
3.544227375,0,0
3.544229458,1,0
3.544230458,0,0
3.544232583,1,0
3.544233583,0,0
3.544235667,1,0
3.544236667,0,0
3.544238750,1,0
3.544239792,0,0
3.544241875,1,0
3.544242875,0,0
3.544244958,1,0
3.544246000,0,0
3.544248125,1,0
3.544249083,0,0
3.544250125,0,1
3.544251208,1,1
3.544252208,0,1
3.544253417,1,1
3.544254458,0,1
3.544256583,1,1
3.544257667,0,1
3.544258708,1,1
3.544259750,0,1
3.544260792,1,1
3.544261875,0,1
3.544262917,1,1
3.544264000,0,1
3.544265042,1,1
3.544266125,0,0
3.544267167,1,0
3.544268208,0,0
3.544268542,0,1
3.544269250,1,1
3.544270333,0,1
3.544271500,1,1
3.544272583,0,1
3.544273583,1,1
3.544274667,0,1
3.544275667,1,1
3.544276667,0,1
3.544277667,1,1
3.544278792,0,1
3.544279792,1,1
3.544280875,0,1
3.544281917,1,1
3.544283000,0,1
3.544284000,1,1
3.544285125,0,1
3.544286125,1,1
3.544287208,0,1
3.544288250,1,1
3.544289333,0,1
3.544290333,1,1
3.544291458,0,1
3.544292458,1,1
3.544293542,0,1
3.544294583,1,1
3.544295667,0,1
3.544296667,1,1
3.544297750,0,1
3.544298792,1,1
3.544299875,0,1
3.544300917,1,1
3.544302000,0,1
3.544303000,1,1
3.544304083,0,1
3.544305125,1,1
3.544306208,0,1
3.544307250,1,1
3.544308333,0,1
3.544309333,1,1
3.544310417,0,1
3.544311458,1,1
3.544312542,0,1
3.544313542,1,1
3.544314667,0,1
3.544315667,1,1
3.544316750,0,1
3.544317792,1,1
3.544318875,0,1
3.544319875,1,1
3.544321000,0,1
3.544322000,1,1
3.544323083,0,1
3.544324125,1,1
3.544325208,0,1
3.544326208,1,1
3.544327333,0,1
3.544328333,1,1
3.544329417,0,1
3.544330458,1,1
3.544331542,0,1
3.544332542,1,1
3.544333667,0,1
3.544334667,1,1
3.544335750,0,1
3.544336792,1,1
3.544337875,0,1
3.544339083,1,1
3.544340083,0,1
3.544341208,1,1
3.544342208,0,1
3.544344333,1,1
3.544345333,1,0
3.544346333,0,0
3.544348292,1,0
3.544349292,1,1
3.544352417,1,0
3.544353375,0,0
3.544355458,1,0
3.544356500,0,0
3.544358583,1,0
3.544359583,0,0
3.544360667,0,1
3.544361708,1,1
3.544362708,0,1
3.544363750,0,0
3.544364792,1,0
3.544365792,0,0
3.544367875,1,0
3.544368917,0,0
3.544371000,1,0
3.544372000,0,0
3.544373083,0,1
3.544374125,1,1
3.544375125,0,1
3.544376208,0,0
3.544377208,1,0
3.544378208,0,0
3.544380292,1,0
3.544381292,0,0
3.544383417,1,0
3.544384417,0,0
3.544386500,1,0
3.544387500,0,0
3.544389625,1,0
3.544390625,0,0
3.544392708,1,0
3.544393708,0,0
3.544395833,1,0
3.544396833,0,0
3.544398917,1,0
3.544399917,0,0
3.544402042,1,0
3.544403042,0,0
3.544405125,1,0
3.544406125,0,0
3.544408250,1,0
3.544409250,0,0
3.544411333,1,0
3.544412333,0,0
3.544414458,1,0
3.544415458,0,0
3.544417542,1,0
3.544418542,0,0
3.544420667,1,0
3.544421667,0,0
3.544423750,1,0
3.544424750,0,0
3.544426875,1,0
3.544427875,0,0
3.544429958,1,0
3.544430958,0,0
3.544433083,1,0
3.544434083,0,0
3.544436167,1,0
3.544437167,0,0
3.544439292,1,0
3.544440292,0,0
3.544442375,1,0
3.544443375,0,0
3.544445500,1,0
3.544446500,0,0
3.544448583,1,0
3.544449583,0,0
3.544451708,1,0
3.544452708,0,0
3.544454792,1,0
3.544455792,0,0
3.544457917,1,0
3.544458917,0,0
3.544461000,1,0
3.544462000,0,0
3.544464125,1,0
3.544465125,0,0
3.544467208,1,0
3.544468208,0,0
3.544470333,1,0
3.544471333,0,0
3.544473417,1,0
3.544474417,0,0
3.544476542,1,0
3.544477542,0,0
3.544478542,0,1
3.544479667,1,1
3.544480667,0,1
3.544481875,1,1
3.544482917,0,1
3.544485042,1,1
3.544486125,0,1
3.544487167,1,1
3.544488208,0,1
3.544489250,1,1
3.544490333,0,1
3.544491375,1,1
3.544492458,0,1
3.544493500,1,1
3.544494542,0,0
3.544495583,1,0
3.544496667,0,0
3.544497000,0,1
3.544497708,1,1
3.544498792,0,1
3.544499958,1,1
3.544501000,0,1
3.544502042,1,1
3.544503125,0,1
3.544504125,1,1
3.544505125,0,1
3.544506125,1,1
3.544507208,0,1
3.544508250,1,1
3.544509333,0,1
3.544510333,1,1
3.544511458,0,1
3.544512458,1,1
3.544513542,0,1
3.544514583,1,1
3.544515667,0,1
3.544516667,1,1
3.544517792,0,1
3.544518792,1,1
3.544519875,0,1
3.544520917,1,1
3.544522000,0,1
3.544523000,1,1
3.544524125,0,1
3.544525125,1,1
3.544526208,0,1
3.544527250,1,1
3.544528333,0,1
3.544529333,1,1
3.544530417,0,1
3.544531458,1,1
3.544532542,0,1
3.544533583,1,1
3.544534667,0,1
3.544535667,1,1
3.544536750,0,1
3.544537792,1,1
3.544538875,0,1
3.544539875,1,1
3.544541000,0,1
3.544542000,1,1
3.544543083,0,1
3.544544125,1,1
3.544545208,0,1
3.544546208,1,1
3.544547333,0,1
3.544548333,1,1
3.544549417,0,1
3.544550458,1,1
3.544551542,0,1
3.544552542,1,1
3.544553667,0,1
3.544554667,1,1
3.544555750,0,1
3.544556792,1,1
3.544557875,0,1
3.544558875,1,1
3.544559958,0,1
3.544561000,1,1
3.544562083,0,1
3.544563125,1,1
3.544564208,0,1
3.544565208,1,1
3.544566292,0,1
3.544567500,1,1
3.544568542,0,1
3.544569625,1,1
3.544570625,0,1
3.544572750,1,1
3.544573750,1,0
3.544574750,0,0
3.544576708,1,0
3.544577708,1,1
3.544580833,1,0
3.544581792,0,0
3.544583917,1,0
3.544584917,0,0
3.544587000,1,0
3.544588042,0,0
3.544589083,0,1
3.544590125,1,1
3.544591125,0,1
3.544592167,0,0
3.544593250,1,0
3.544594208,0,0
3.544596333,1,0
3.544597333,0,0
3.544599417,1,0
3.544600458,0,0
3.544601500,0,1
3.544602542,1,1
3.544603542,0,1
3.544604625,0,0
3.544605625,1,0
3.544606625,0,0
3.544608750,1,0
3.544609750,0,0
3.544611833,1,0
3.544612833,0,0
3.544614958,1,0
3.544615958,0,0
3.544618042,1,0
3.544619042,0,0
3.544621167,1,0
3.544622167,0,0
3.544624250,1,0
3.544625250,0,0
3.544627375,1,0
3.544628375,0,0
3.544630458,1,0
3.544631458,0,0
3.544633583,1,0
3.544634583,0,0
3.544636667,1,0
3.544637667,0,0
3.544639792,1,0
3.544640792,0,0
3.544642875,1,0
3.544643875,0,0
3.544646000,1,0
3.544647000,0,0
3.544649083,1,0
3.544650083,0,0
3.544652208,1,0
3.544653208,0,0
3.544655292,1,0
3.544656292,0,0
3.544658417,1,0
3.544659417,0,0
3.544661500,1,0
3.544662500,0,0
3.544664625,1,0
3.544665625,0,0
3.544667708,1,0
3.544668708,0,0
3.544670833,1,0
3.544671833,0,0
3.544673917,1,0
3.544674917,0,0
3.544677042,1,0
3.544678042,0,0
3.544680125,1,0
3.544681125,0,0
3.544683208,1,0
3.544684208,0,0
3.544686333,1,0
3.544687333,0,0
3.544689417,1,0
3.544690458,0,0
3.544692542,1,0
3.544693542,0,0
3.544695667,1,0
3.544696667,0,0
3.544698750,1,0
3.544699750,0,0
3.544701833,1,0
3.544702833,0,0
3.544705000,1,0
3.544705958,0,0
3.544707000,0,1
3.544708083,1,1
3.544709083,0,1
3.544710292,1,1
3.544711333,0,1
3.544713458,1,1
3.544714542,0,1
3.544715583,1,1
3.544716625,0,1
3.544717667,1,1
3.544718750,0,1
3.544719792,1,1
3.544720875,0,1
3.544721917,1,1
3.544722958,0,1
3.544723000,0,0
3.544724042,1,0
3.544725083,0,0
3.544725500,0,1
3.544726125,1,1
3.544727208,0,1
3.544728375,1,1
3.544729417,0,1
3.544730458,1,1
3.544731542,0,1
3.544732542,1,1
3.544733542,0,1
3.544734542,1,1
3.544735667,0,1
3.544736667,1,1
3.544737750,0,1
3.544738792,1,1
3.544739875,0,1
3.544740875,1,1
3.544741958,0,1
3.544743000,1,1
3.544744083,0,1
3.544745083,1,1
3.544746208,0,1
3.544747208,1,1
3.544748292,0,1
3.544749333,1,1
3.544750417,0,1
3.544751417,1,1
3.544752542,0,1
3.544753542,1,1
3.544754625,0,1
3.544755667,1,1
3.544756750,0,1
3.544757750,1,1
3.544758875,0,1
3.544759875,1,1
3.544760958,0,1
3.544762000,1,1
3.544763083,0,1
3.544764083,1,1
3.544765167,0,1
3.544766208,1,1
3.544767292,0,1
3.544768333,1,1
3.544769417,0,1
3.544770417,1,1
3.544771500,0,1
3.544772542,1,1
3.544773625,0,1
3.544774625,1,1
3.544775750,0,1
3.544776750,1,1
3.544777833,0,1
3.544778875,1,1
3.544779958,0,1
3.544780958,1,1
3.544782083,0,1
3.544783083,1,1
3.544784167,0,1
3.544785208,1,1
3.544786292,0,1
3.544787292,1,1
3.544788417,0,1
3.544789417,1,1
3.544790500,0,1
3.544791542,1,1
3.544792625,0,1
3.544793625,1,1
3.544794750,0,1
3.544795917,1,1
3.544796958,0,1
3.544798042,1,1
3.544799083,0,1
3.544801167,1,1
3.544802208,1,0
3.544803167,0,0
3.544805167,1,0
3.544806125,1,1
3.544809250,1,0
3.544810250,0,0
3.544812333,1,0
3.544813333,0,0
3.544815458,1,0
3.544816458,0,0
3.544817500,0,1
3.544818542,1,1
3.544819542,0,1
3.544820625,0,0
3.544821667,1,0
3.544822625,0,0
3.544824750,1,0
3.544825750,0,0
3.544827833,1,0
3.544828875,0,0
3.544829917,0,1
3.544830958,1,1
3.544831958,0,1
3.544833042,0,0
3.544834042,1,0
3.544835042,0,0
3.544837167,1,0
3.544838167,0,0
3.544840250,1,0
3.544841250,0,0
3.544843375,1,0
3.544844375,0,0
3.544846458,1,0
3.544847458,0,0
3.544849583,1,0
3.544850583,0,0
3.544852667,1,0
3.544853667,0,0
3.544855792,1,0
3.544856792,0,0
3.544858875,1,0
3.544859875,0,0
3.544862000,1,0
3.544863000,0,0
3.544865083,1,0
3.544866083,0,0
3.544868208,1,0
3.544869208,0,0
3.544871292,1,0
3.544872292,0,0
3.544874417,1,0
3.544875417,0,0
3.544877500,1,0
3.544878500,0,0
3.544880625,1,0
3.544881625,0,0
3.544883708,1,0
3.544884708,0,0
3.544886833,1,0
3.544887833,0,0
3.544889917,1,0
3.544890917,0,0
3.544893042,1,0
3.544894042,0,0
3.544896125,1,0
3.544897125,0,0
3.544899208,1,0
3.544900250,0,0
3.544902333,1,0
3.544903333,0,0
3.544905417,1,0
3.544906458,0,0
3.544908542,1,0
3.544909542,0,0
3.544911625,1,0
3.544912625,0,0
3.544914750,1,0
3.544915750,0,0
3.544917833,1,0
3.544918833,0,0
3.544920958,1,0
3.544921958,0,0
3.544924042,1,0
3.544925042,0,0
3.544927167,1,0
3.544928167,0,0
3.544930250,1,0
3.544931250,0,0
3.544933417,1,0
3.544934375,0,0
3.544935417,0,1
3.544936500,1,1
3.544937500,0,1
3.544938708,1,1
3.544939750,0,1
3.544941875,1,1
3.544942958,0,1
3.544944000,1,1
3.544945042,0,1
3.544946083,1,1
3.544947167,0,1
3.544948208,1,1
3.544949292,0,1
3.544950333,1,1
3.544951375,0,1
3.544951417,0,0
3.544952458,1,0
3.544953500,0,0
3.544953792,0,1
3.544954542,1,1
3.544955625,0,1
3.544956792,1,1
3.544957833,0,1
3.544958875,1,1
3.544959958,0,1
3.544960958,1,1
3.544961958,0,1
3.544962958,1,1
3.544964042,0,1
3.544965083,1,1
3.544966167,0,1
3.544967167,1,1
3.544968292,0,1
3.544969292,1,1
3.544970375,0,1
3.544971417,1,1
3.544972500,0,1
3.544973500,1,1
3.544974625,0,1
3.544975625,1,1
3.544976708,0,1
3.544977750,1,1
3.544978833,0,1
3.544979833,1,1
3.544980917,0,1
3.544981958,1,1
3.544983042,0,1
3.544984083,1,1
3.544985167,0,1
3.544986167,1,1
3.544987250,0,1
3.544988292,1,1
3.544989375,0,1
3.544990417,1,1
3.544991500,0,1
3.544992500,1,1
3.544993625,0,1
3.544994625,1,1
3.544995708,0,1
3.544996750,1,1
3.544997833,0,1
3.544998833,1,1
3.544999917,0,1
3.545000958,1,1
3.545002042,0,1
3.545003083,1,1
3.545004167,0,1
3.545005167,1,1
3.545006250,0,1
3.545007292,1,1
3.545008375,0,1
3.545009417,1,1
3.545010500,0,1
3.545011500,1,1
3.545012583,0,1
3.545013625,1,1
3.545014708,0,1
3.545015708,1,1
3.545016833,0,1
3.545017833,1,1
3.545018917,0,1
3.545019958,1,1
3.545021042,0,1
3.545022042,1,1
3.545023167,0,1
3.545024333,1,1
3.545025375,0,1
3.545026458,1,1
3.545027458,0,1
3.545029583,1,1
3.545030583,1,0
3.545031583,0,0
3.545033583,1,0
3.545034542,1,1
3.545037667,1,0
3.545038667,0,0
3.545040750,1,0
3.545041750,0,0
3.545043875,1,0
3.545044875,0,0
3.545045917,0,1
3.545046958,1,1
3.545047958,0,1
3.545049042,0,0
3.545050083,1,0
3.545051042,0,0
3.545053167,1,0
3.545054167,0,0
3.545056250,1,0
3.545057292,0,0
3.545058333,0,1
3.545059375,1,1
3.545060375,0,1
3.545061458,0,0
3.545062458,1,0
3.545063458,0,0
3.545065583,1,0
3.545066583,0,0
3.545068667,1,0
3.545069667,0,0
3.545071792,1,0
3.545072792,0,0
3.545074875,1,0
3.545075875,0,0
3.545078000,1,0
3.545079000,0,0
3.545081083,1,0
3.545082083,0,0
3.545084208,1,0
3.545085208,0,0
3.545087292,1,0
3.545088292,0,0
3.545090417,1,0
3.545091417,0,0
3.545093500,1,0
3.545094500,0,0
3.545096625,1,0
3.545097625,0,0
3.545099708,1,0
3.545100708,0,0
3.545102833,1,0
3.545103833,0,0
3.545105917,1,0
3.545106917,0,0
3.545109042,1,0
3.545110042,0,0
3.545112125,1,0
3.545113125,0,0
3.545115250,1,0
3.545116250,0,0
3.545118333,1,0
3.545119333,0,0
3.545121458,1,0
3.545122458,0,0
3.545124542,1,0
3.545125542,0,0
3.545127667,1,0
3.545128667,0,0
3.545130750,1,0
3.545131750,0,0
3.545133875,1,0
3.545134875,0,0
3.545136958,1,0
3.545137958,0,0
3.545140083,1,0
3.545141083,0,0
3.545143167,1,0
3.545144167,0,0
3.545146292,1,0
3.545147292,0,0
3.545149375,1,0
3.545150375,0,0
3.545152500,1,0
3.545153500,0,0
3.545155583,1,0
3.545156583,0,0
3.545158708,1,0
3.545159708,0,0
3.545161833,1,0
3.545162833,0,0
3.545163833,0,1
3.545164917,1,1
3.545165917,0,1
3.545167167,1,1
3.545168167,0,1
3.545170292,1,1
3.545171375,0,1
3.545172417,1,1
3.545173500,0,1
3.545174500,1,1
3.545175583,0,1
3.545176625,1,1
3.545177708,0,1
3.545178750,1,1
3.545179833,0,0
3.545180875,1,0
3.545181917,0,0
3.545182292,0,1
3.545182958,1,1
3.545184042,0,1
3.545185208,1,1
3.545186250,0,1
3.545187292,1,1
3.545188375,0,1
3.545189375,1,1
3.545190375,0,1
3.545191375,1,1
3.545192500,0,1
3.545193500,1,1
3.545194583,0,1
3.545195625,1,1
3.545196708,0,1
3.545197708,1,1
3.545198833,0,1
3.545199833,1,1
3.545200917,0,1
3.545201958,1,1
3.545203042,0,1
3.545204042,1,1
3.545205167,0,1
3.545206167,1,1
3.545207250,0,1
3.545208292,1,1
3.545209375,0,1
3.545210375,1,1
3.545211458,0,1
3.545212500,1,1
3.545213583,0,1
3.545214625,1,1
3.545215708,0,1
3.545216708,1,1
3.545217792,0,1
3.545218833,1,1
3.545219917,0,1
3.545220958,1,1
3.545222042,0,1
3.545223042,1,1
3.545224125,0,1
3.545225167,1,1
3.545226250,0,1
3.545227292,1,1
3.545228375,0,1
3.545229375,1,1
3.545230458,0,1
3.545231500,1,1
3.545232583,0,1
3.545233625,1,1
3.545234708,0,1
3.545235708,1,1
3.545236792,0,1
3.545237833,1,1
3.545238917,0,1
3.545239917,1,1
3.545241042,0,1
3.545242042,1,1
3.545243125,0,1
3.545244167,1,1
3.545245250,0,1
3.545246250,1,1
3.545247375,0,1
3.545248375,1,1
3.545249458,0,1
3.545250500,1,1
3.545251583,0,1
3.545252792,1,1
3.545253792,0,1
3.545254917,1,1
3.545255917,0,1
3.545258042,1,1
3.545259042,1,0
3.545260042,0,0
3.545262000,1,0
3.545263000,1,1
3.545266083,1,0
3.545267083,0,0
3.545269167,1,0
3.545270208,0,0
3.545272292,1,0
3.545273292,0,0
3.545274375,0,1
3.545275417,1,1
3.545276417,0,1
3.545277458,0,0
3.545278500,1,0
3.545279500,0,0
3.545281583,1,0
3.545282583,0,0
3.545284708,1,0
3.545285708,0,0
3.545286750,0,1
3.545287833,1,1
3.545288833,0,1
3.545289917,0,0
3.545290917,1,0
3.545291917,0,0
3.545294000,1,0
3.545295000,0,0
3.545297125,1,0
3.545298125,0,0
3.545300208,1,0
3.545301208,0,0
3.545303333,1,0
3.545304333,0,0
3.545306417,1,0
3.545307417,0,0
3.545309542,1,0
3.545310542,0,0
3.545312625,1,0
3.545313625,0,0
3.545315750,1,0
3.545316750,0,0
3.545318833,1,0
3.545319833,0,0
3.545321958,1,0
3.545322958,0,0
3.545325042,1,0
3.545326042,0,0
3.545328167,1,0
3.545329167,0,0
3.545331250,1,0
3.545332250,0,0
3.545334375,1,0
3.545335375,0,0
3.545337458,1,0
3.545338458,0,0
3.545340542,1,0
3.545341542,0,0
3.545343667,1,0
3.545344667,0,0
3.545346750,1,0
3.545347750,0,0
3.545349875,1,0
3.545350875,0,0
3.545352958,1,0
3.545353958,0,0
3.545356083,1,0
3.545357083,0,0
3.545359167,1,0
3.545360167,0,0
3.545362292,1,0
3.545363292,0,0
3.545365375,1,0
3.545366375,0,0
3.545368500,1,0
3.545369500,0,0
3.545371583,1,0
3.545372583,0,0
3.545374708,1,0
3.545375708,0,0
3.545377792,1,0
3.545378792,0,0
3.545380917,1,0
3.545381917,0,0
3.545384000,1,0
3.545385000,0,0
3.545387125,1,0
3.545388125,0,0
3.545390250,1,0
3.545391208,0,0
3.545392250,0,1
3.545393333,1,1
3.545394333,0,1
3.545395542,1,1
3.545396583,0,1
3.545398708,1,1
3.545399792,0,1
3.545400833,1,1
3.545401917,0,1
3.545402917,1,1
3.545404000,0,1
3.545405042,1,1
3.545406125,0,1
3.545407167,1,1
3.545408208,0,1
3.545408250,0,0
3.545409292,1,0
3.545410333,0,0
3.545410750,0,1
3.545411375,1,1
3.545412458,0,1
3.545413625,1,1
3.545414667,0,1
3.545415708,1,1
3.545416792,0,1
3.545417792,1,1
3.545418792,0,1
3.545419792,1,1
3.545420917,0,1
3.545421917,1,1
3.545423000,0,1
3.545424042,1,1
3.545425125,0,1
3.545426125,1,1
3.545427250,0,1
3.545428250,1,1
3.545429333,0,1
3.545430375,1,1
3.545431458,0,1
3.545432458,1,1
3.545433542,0,1
3.545434583,1,1
3.545435667,0,1
3.545436708,1,1
3.545437792,0,1
3.545438792,1,1
3.545439917,0,1
3.545440917,1,1
3.545442000,0,1
3.545443042,1,1
3.545444125,0,1
3.545445125,1,1
3.545446250,0,1
3.545447250,1,1
3.545448333,0,1
3.545449375,1,1
3.545450458,0,1
3.545451458,1,1
3.545452542,0,1
3.545453583,1,1
3.545454667,0,1
3.545455667,1,1
3.545456792,0,1
3.545457792,1,1
3.545458875,0,1
3.545459917,1,1
3.545461000,0,1
3.545462000,1,1
3.545463125,0,1
3.545464125,1,1
3.545465208,0,1
3.545466250,1,1
3.545467333,0,1
3.545468333,1,1
3.545469458,0,1
3.545470458,1,1
3.545471542,0,1
3.545472583,1,1
3.545473667,0,1
3.545474667,1,1
3.545475750,0,1
3.545476792,1,1
3.545477875,0,1
3.545478917,1,1
3.545480000,0,1
3.545481208,1,1
3.545482208,0,1
3.545483292,1,1
3.545484333,0,1
3.545486458,1,1
3.545487458,1,0
3.545488458,0,0
3.545490417,1,0
3.545491417,1,1
3.545494500,1,0
3.545495500,0,0
3.545497583,1,0
3.545498583,0,0
3.545500708,1,0
3.545501708,0,0
3.545502750,0,1
3.545503792,1,1
3.545504833,0,1
3.545505875,0,0
3.545506917,1,0
3.545507917,0,0
3.545510000,1,0
3.545511000,0,0
3.545513125,1,0
3.545514125,0,0
3.545515167,0,1
3.545516208,1,1
3.545517250,0,1
3.545518333,0,0
3.545519333,1,0
3.545520333,0,0
3.545522417,1,0
3.545523417,0,0
3.545525542,1,0
3.545526542,0,0
3.545528625,1,0
3.545529625,0,0
3.545531750,1,0
3.545532750,0,0
3.545534833,1,0
3.545535833,0,0
3.545537917,1,0
3.545538917,0,0
3.545541042,1,0
3.545542042,0,0
3.545544125,1,0
3.545545125,0,0
3.545547250,1,0
3.545548250,0,0
3.545550333,1,0
3.545551333,0,0
3.545553458,1,0
3.545554458,0,0
3.545556542,1,0
3.545557542,0,0
3.545559667,1,0
3.545560667,0,0
3.545562750,1,0
3.545563750,0,0
3.545565875,1,0
3.545566875,0,0
3.545568958,1,0
3.545569958,0,0
3.545572083,1,0
3.545573083,0,0
3.545575167,1,0
3.545576167,0,0
3.545578292,1,0
3.545579292,0,0
3.545581375,1,0
3.545582375,0,0
3.545584458,1,0
3.545585500,0,0
3.545587583,1,0
3.545588583,0,0
3.545590667,1,0
3.545591708,0,0
3.545593792,1,0
3.545594792,0,0
3.545596875,1,0
3.545597875,0,0
3.545600000,1,0
3.545601000,0,0
3.545603083,1,0
3.545604083,0,0
3.545606208,1,0
3.545607208,0,0
3.545609292,1,0
3.545610292,0,0
3.545612417,1,0
3.545613417,0,0
3.545615500,1,0
3.545616500,0,0
3.545618625,1,0
3.545619625,0,0
3.545620625,0,1
3.545621750,1,1
3.545622750,0,1
3.545623958,1,1
3.545624958,0,1
3.545627125,1,1
3.545628208,0,1
3.545629250,1,1
3.545630292,0,1
3.545631333,1,1
3.545632417,0,1
3.545633458,1,1
3.545634542,0,1
3.545635583,1,1
3.545636625,0,1
3.545636667,0,0
3.545637708,1,0
3.545638750,0,0
3.545639125,0,1
3.545639792,1,1
3.545640833,0,1
3.545642042,1,1
3.545643083,0,1
3.545644125,1,1
3.545645208,0,1
3.545646208,1,1
3.545647208,0,1
3.545648208,1,1
3.545649292,0,1
3.545650333,1,1
3.545651417,0,1
3.545652417,1,1
3.545653542,0,1
3.545654542,1,1
3.545655625,0,1
3.545656667,1,1
3.545657750,0,1
3.545658750,1,1
3.545659875,0,1
3.545660875,1,1
3.545661958,0,1
3.545663000,1,1
3.545664083,0,1
3.545665083,1,1
3.545666167,0,1
3.545667208,1,1
3.545668292,0,1
3.545669333,1,1
3.545670417,0,1
3.545671417,1,1
3.545672542,0,1
3.545673542,1,1
3.545674625,0,1
3.545675667,1,1
3.545676750,0,1
3.545677750,1,1
3.545678833,0,1
3.545679875,1,1
3.545680958,0,1
3.545682000,1,1
3.545683083,0,1
3.545684083,1,1
3.545685167,0,1
3.545686208,1,1
3.545687292,0,1
3.545688292,1,1
3.545689417,0,1
3.545690417,1,1
3.545691500,0,1
3.545692542,1,1
3.545693625,0,1
3.545694625,1,1
3.545695750,0,1
3.545696750,1,1
3.545697833,0,1
3.545698875,1,1
3.545699958,0,1
3.545700958,1,1
3.545702083,0,1
3.545703083,1,1
3.545704167,0,1
3.545705208,1,1
3.545706292,0,1
3.545707292,1,1
3.545708375,0,1
3.545709583,1,1
3.545710625,0,1
3.545711708,1,1
3.545712708,0,1
3.545714833,1,1
3.545715875,1,0
3.545716833,0,0
3.545718833,1,0
3.545719792,1,1
3.545722917,1,0
3.545723917,0,0
3.545726000,1,0
3.545727000,0,0
3.545729125,1,0
3.545730125,0,0
3.545731167,0,1
3.545732208,1,1
3.545733208,0,1
3.545734292,0,0
3.545735333,1,0
3.545736292,0,0
3.545738417,1,0
3.545739417,0,0
3.545741542,1,0
3.545742542,0,0
3.545743583,0,1
3.545744625,1,1
3.545745625,0,1
3.545746708,0,0
3.545747708,1,0
3.545748708,0,0
3.545750833,1,0
3.545751833,0,0
3.545753917,1,0
3.545754917,0,0
3.545757042,1,0
3.545758042,0,0
3.545760125,1,0
3.545761125,0,0
3.545763250,1,0
3.545764250,0,0
3.545766333,1,0
3.545767333,0,0
3.545769458,1,0
3.545770458,0,0
3.545772542,1,0
3.545773542,0,0
3.545775667,1,0
3.545776667,0,0
3.545778750,1,0
3.545779750,0,0
3.545781875,1,0
3.545782875,0,0
3.545784958,1,0
3.545785958,0,0
3.545788083,1,0
3.545789083,0,0
3.545791167,1,0
3.545792167,0,0
3.545794292,1,0
3.545795292,0,0
3.545797375,1,0
3.545798375,0,0
3.545800458,1,0
3.545801500,0,0
3.545803583,1,0
3.545804583,0,0
3.545806667,1,0
3.545807708,0,0
3.545809792,1,0
3.545810792,0,0
3.545812875,1,0
3.545813875,0,0
3.545816000,1,0
3.545817000,0,0
3.545819083,1,0
3.545820083,0,0
3.545822208,1,0
3.545823208,0,0
3.545825292,1,0
3.545826292,0,0
3.545828417,1,0
3.545829417,0,0
3.545831500,1,0
3.545832500,0,0
3.545834625,1,0
3.545835625,0,0
3.545837708,1,0
3.545838708,0,0
3.545840833,1,0
3.545841833,0,0
3.545843917,1,0
3.545844917,0,0
3.545847042,1,0
3.545848042,0,0
3.545849042,0,1
3.545850167,1,1
3.545851167,0,1
3.545852375,1,1
3.545853375,0,1
3.545855542,1,1
3.545856625,0,1
3.545857667,1,1
3.545858708,0,1
3.545859750,1,1
3.545860792,0,1
3.545861833,1,1
3.545862958,0,1
3.545864000,1,1
3.545865042,0,0
3.545866083,1,0
3.545867167,0,0
3.545867458,0,1
3.545868208,1,1
3.545869292,0,1
3.545870458,1,1
3.545871500,0,1
3.545872542,1,1
3.545873625,0,1
3.545874625,1,1
3.545875625,0,1
3.545876625,1,1
3.545877708,0,1
3.545878750,1,1
3.545879833,0,1
3.545880833,1,1
3.545881958,0,1
3.545882958,1,1
3.545884042,0,1
3.545885083,1,1
3.545886167,0,1
3.545887167,1,1
3.545888292,0,1
3.545889292,1,1
3.545890375,0,1
3.545891417,1,1
3.545892500,0,1
3.545893500,1,1
3.545894583,0,1
3.545895625,1,1
3.545896708,0,1
3.545897750,1,1
3.545898833,0,1
3.545899833,1,1
3.545900917,0,1
3.545901958,1,1
3.545903042,0,1
3.545904042,1,1
3.545905167,0,1
3.545906167,1,1
3.545907250,0,1
3.545908292,1,1
3.545909375,0,1
3.545910375,1,1
3.545911500,0,1
3.545912500,1,1
3.545913583,0,1
3.545914625,1,1
3.545915708,0,1
3.545916708,1,1
3.545917833,0,1
3.545918833,1,1
3.545919917,0,1
3.545920958,1,1
3.545922042,0,1
3.545923042,1,1
3.545924125,0,1
3.545925167,1,1
3.545926250,0,1
3.545927292,1,1
3.545928375,0,1
3.545929375,1,1
3.545930458,0,1
3.545931500,1,1
3.545932583,0,1
3.545933625,1,1
3.545934708,0,1
3.545935708,1,1
3.545936792,0,1
3.545938000,1,1
3.545939042,0,1
3.545940125,1,1
3.545941125,0,1
3.545943250,1,1
3.545944250,1,0
3.545945250,0,0
3.545947208,1,0
3.545948208,1,1
3.545951333,1,0
3.545952333,0,0
3.545954417,1,0
3.545955417,0,0
3.545957542,1,0
3.545958542,0,0
3.545959583,0,1
3.545960625,1,1
3.545961625,0,1
3.545962667,0,0
3.545963750,1,0
3.545964708,0,0
3.545966833,1,0
3.545967833,0,0
3.545969917,1,0
3.545970958,0,0
3.545972000,0,1
3.545973042,1,1
3.545974042,0,1
3.545975125,0,0
3.545976125,1,0
3.545977125,0,0
3.545979250,1,0
3.545980250,0,0
3.545982333,1,0
3.545983333,0,0
3.545985458,1,0
3.545986458,0,0
3.545988542,1,0
3.545989542,0,0
3.545991667,1,0
3.545992667,0,0
3.545994750,1,0
3.545995750,0,0
3.545997875,1,0
3.545998875,0,0
3.546000958,1,0
3.546001958,0,0
3.546004083,1,0
3.546005083,0,0
3.546007167,1,0
3.546008167,0,0
3.546010292,1,0
3.546011292,0,0
3.546013375,1,0
3.546014375,0,0
3.546016458,1,0
3.546017500,0,0
3.546019583,1,0
3.546020583,0,0
3.546022667,1,0
3.546023708,0,0
3.546025792,1,0
3.546026792,0,0
3.546028875,1,0
3.546029875,0,0
3.546032000,1,0
3.546033000,0,0
3.546035083,1,0
3.546036083,0,0
3.546038208,1,0
3.546039208,0,0
3.546041333,1,0
3.546042333,0,0
3.546044417,1,0
3.546045417,0,0
3.546047542,1,0
3.546048542,0,0
3.546050625,1,0
3.546051625,0,0
3.546053708,1,0
3.546054708,0,0
3.546056833,1,0
3.546057833,0,0
3.546059917,1,0
3.546060958,0,0
3.546063042,1,0
3.546064042,0,0
3.546066125,1,0
3.546067125,0,0
3.546069250,1,0
3.546070250,0,0
3.546072333,1,0
3.546073333,0,0
3.546075458,1,0
3.546076458,0,0
3.546077500,0,1
3.546078583,1,1
3.546079583,0,1
3.546080792,1,1
3.546081833,0,1
3.546083958,1,1
3.546085042,0,1
3.546086083,1,1
3.546087125,0,1
3.546088167,1,1
3.546089250,0,1
3.546090292,1,1
3.546091375,0,1
3.546092417,1,1
3.546093458,0,1
3.546093500,0,0
3.546094542,1,0
3.546095583,0,0
3.546095958,0,1
3.546096625,1,1
3.546097708,0,1
3.546098875,1,1
3.546099917,0,1
3.546100958,1,1
3.546102042,0,1
3.546103042,1,1
3.546104042,0,1
3.546105042,1,1
3.546106125,0,1
3.546107167,1,1
3.546108250,0,1
3.546109292,1,1
3.546110375,0,1
3.546111375,1,1
3.546112458,0,1
3.546113500,1,1
3.546114583,0,1
3.546115583,1,1
3.546116708,0,1
3.546117708,1,1
3.546118792,0,1
3.546119833,1,1
3.546120917,0,1
3.546121917,1,1
3.546123042,0,1
3.546124042,1,1
3.546125125,0,1
3.546126167,1,1
3.546127250,0,1
3.546128250,1,1
3.546129375,0,1
3.546130375,1,1
3.546131458,0,1
3.546132500,1,1
3.546133583,0,1
3.546134583,1,1
3.546135667,0,1
3.546136708,1,1
3.546137792,0,1
3.546138833,1,1
3.546139917,0,1
3.546140917,1,1
3.546142000,0,1
3.546143042,1,1
3.546144125,0,1
3.546145125,1,1
3.546146250,0,1
3.546147250,1,1
3.546148333,0,1
3.546149375,1,1
3.546150458,0,1
3.546151458,1,1
3.546152583,0,1
3.546153583,1,1
3.546154667,0,1
3.546155708,1,1
3.546156792,0,1
3.546157792,1,1
3.546158875,0,1
3.546159917,1,1
3.546161000,0,1
3.546162042,1,1
3.546163125,0,1
3.546164125,1,1
3.546165208,0,1
3.546166417,1,1
3.546167458,0,1
3.546168542,1,1
3.546169542,0,1
3.546171667,1,1
3.546172667,1,0
3.546173667,0,0
3.546175667,1,0
3.546176625,1,1
3.546179750,1,0
3.546180750,0,0
3.546182833,1,0
3.546183833,0,0
3.546185917,1,0
3.546186958,0,0
3.546188000,0,1
3.546189042,1,1
3.546190042,0,1
3.546191125,0,0
3.546192167,1,0
3.546193125,0,0
3.546195250,1,0
3.546196250,0,0
3.546198333,1,0
3.546199375,0,0
3.546200417,0,1
3.546201458,1,1
3.546202458,0,1
3.546203542,0,0
3.546204542,1,0
3.546205542,0,0
3.546207667,1,0
3.546208667,0,0
3.546210750,1,0
3.546211750,0,0
3.546213875,1,0
3.546214875,0,0
3.546216958,1,0
3.546217958,0,0
3.546220083,1,0
3.546221083,0,0
3.546223167,1,0
3.546224167,0,0
3.546226292,1,0
3.546227292,0,0
3.546229375,1,0
3.546230375,0,0
3.546232500,1,0
3.546233500,0,0
3.546235583,1,0
3.546236583,0,0
3.546238667,1,0
3.546239667,0,0
3.546241792,1,0
3.546242792,0,0
3.546244875,1,0
3.546245875,0,0
3.546248000,1,0
3.546249000,0,0
3.546251083,1,0
3.546252083,0,0
3.546254208,1,0
3.546255208,0,0
3.546257292,1,0
3.546258292,0,0
3.546260417,1,0
3.546261417,0,0
3.546263500,1,0
3.546264500,0,0
3.546266625,1,0
3.546267625,0,0
3.546269708,1,0
3.546270708,0,0
3.546272833,1,0
3.546273833,0,0
3.546275917,1,0
3.546276917,0,0
3.546279042,1,0
3.546280042,0,0
3.546282125,1,0
3.546283125,0,0
3.546285208,1,0
3.546286208,0,0
3.546288333,1,0
3.546289333,0,0
3.546291417,1,0
3.546292417,0,0
3.546294542,1,0
3.546295542,0,0
3.546297625,1,0
3.546298625,0,0
3.546300750,1,0
3.546301750,0,0
3.546303875,1,0
3.546304875,0,0
3.546305875,0,1
3.546306958,1,1
3.546307958,0,1
3.546309208,1,1
3.546310208,0,1
3.546312375,1,1
3.546313417,0,1
3.546314458,1,1
3.546315542,0,1
3.546316583,1,1
3.546317625,0,1
3.546318667,1,1
3.546319750,0,1
3.546320792,1,1
3.546321875,0,0
3.546322917,1,0
3.546324000,0,0
3.546324375,0,1
3.546325000,1,1
3.546326083,0,1
3.546327250,1,1
3.546328333,0,1
3.546329375,1,1
3.546330417,0,1
3.546331458,1,1
3.546332417,0,1
3.546333458,1,1
3.546334542,0,1
3.546335542,1,1
3.546336625,0,1
3.546337667,1,1
3.546338750,0,1
3.546339750,1,1
3.546340875,0,1
3.546341875,1,1
3.546342958,0,1
3.546344000,1,1
3.546345083,0,1
3.546346083,1,1
3.546347167,0,1
3.546348208,1,1
3.546349292,0,1
3.546350333,1,1
3.546351417,0,1
3.546352417,1,1
3.546353500,0,1
3.546354542,1,1
3.546355625,0,1
3.546356667,1,1
3.546357750,0,1
3.546358750,1,1
3.546359833,0,1
3.546360875,1,1
3.546361958,0,1
3.546362958,1,1
3.546364083,0,1
3.546365083,1,1
3.546366167,0,1
3.546367208,1,1
3.546368292,0,1
3.546369292,1,1
3.546370375,0,1
3.546371417,1,1
3.546372500,0,1
3.546373542,1,1
3.546374625,0,1
3.546375625,1,1
3.546376708,0,1
3.546377750,1,1
3.546378833,0,1
3.546379875,1,1
3.546380958,0,1
3.546381958,1,1
3.546383042,0,1
3.546384083,1,1
3.546385167,0,1
3.546386167,1,1
3.546387292,0,1
3.546388292,1,1
3.546389375,0,1
3.546390417,1,1
3.546391500,0,1
3.546392500,1,1
3.546393625,0,1
3.546394792,1,1
3.546395833,0,1
3.546396917,1,1
3.546397917,0,1
3.546400042,1,1
3.546401083,1,0
3.546402042,0,0
3.546404042,1,0
3.546405000,1,1
3.546408125,1,0
3.546409125,0,0
3.546411208,1,0
3.546412208,0,0
3.546414292,1,0
3.546415333,0,0
3.546416375,0,1
3.546417417,1,1
3.546418417,0,1
3.546419458,0,0
3.546420542,1,0
3.546421500,0,0
3.546423625,1,0
3.546424625,0,0
3.546426708,1,0
3.546427750,0,0
3.546428792,0,1
3.546429833,1,1
3.546430833,0,1
3.546431917,0,0
3.546432917,1,0
3.546433917,0,0
3.546436042,1,0
3.546437042,0,0
3.546439125,1,0
3.546440125,0,0
3.546442208,1,0
3.546443250,0,0
3.546445333,1,0
3.546446333,0,0
3.546448417,1,0
3.546449417,0,0
3.546451542,1,0
3.546452542,0,0
3.546454625,1,0
3.546455625,0,0
3.546457750,1,0
3.546458750,0,0
3.546460833,1,0
3.546461833,0,0
3.546463958,1,0
3.546464958,0,0
3.546467042,1,0
3.546468042,0,0
3.546470167,1,0
3.546471167,0,0
3.546473250,1,0
3.546474250,0,0
3.546476333,1,0
3.546477333,0,0
3.546479458,1,0
3.546480458,0,0
3.546482542,1,0
3.546483542,0,0
3.546485667,1,0
3.546486667,0,0
3.546488750,1,0
3.546489750,0,0
3.546491875,1,0
3.546492875,0,0
3.546494958,1,0
3.546495958,0,0
3.546498083,1,0
3.546499083,0,0
3.546501167,1,0
3.546502167,0,0
3.546504292,1,0
3.546505292,0,0
3.546507375,1,0
3.546508375,0,0
3.546510458,1,0
3.546511500,0,0
3.546513583,1,0
3.546514583,0,0
3.546516667,1,0
3.546517667,0,0
3.546519792,1,0
3.546520792,0,0
3.546522875,1,0
3.546523875,0,0
3.546526000,1,0
3.546527000,0,0
3.546529083,1,0
3.546530083,0,0
3.546532208,1,0
3.546533208,0,0
3.546534208,0,1
3.546535333,1,1
3.546536333,0,1
3.546537542,1,1
3.546538542,0,1
3.546540708,1,1
3.546541792,0,1
3.546542792,1,1
3.546543875,0,1
3.546544917,1,1
3.546546000,0,1
3.546547000,1,1
3.546548125,0,1
3.546549167,1,1
3.546550208,0,0
3.546551250,1,0
3.546552333,0,0
3.546552625,0,1
3.546553375,1,1
3.546554417,0,1
3.546555625,1,1
3.546556667,0,1
3.546557708,1,1
3.546558792,0,1
3.546559792,1,1
3.546560750,0,1
3.546561792,1,1
3.546562875,0,1
3.546563917,1,1
3.546565000,0,1
3.546566000,1,1
3.546567083,0,1
3.546568125,1,1
3.546569208,0,1
3.546570250,1,1
3.546571333,0,1
3.546572333,1,1
3.546573417,0,1
3.546574458,1,1
3.546575542,0,1
3.546576542,1,1
3.546577667,0,1
3.546578667,1,1
3.546579750,0,1
3.546580792,1,1
3.546581875,0,1
3.546582875,1,1
3.546583958,0,1
3.546585000,1,1
3.546586083,0,1
3.546587125,1,1
3.546588208,0,1
3.546589208,1,1
3.546590292,0,1
3.546591333,1,1
3.546592417,0,1
3.546593458,1,1
3.546594542,0,1
3.546595542,1,1
3.546596625,0,1
3.546597667,1,1
3.546598750,0,1
3.546599750,1,1
3.546600875,0,1
3.546601875,1,1
3.546602958,0,1
3.546604000,1,1
3.546605083,0,1
3.546606083,1,1
3.546607167,0,1
3.546608208,1,1
3.546609292,0,1
3.546610333,1,1
3.546611417,0,1
3.546612417,1,1
3.546613500,0,1
3.546614542,1,1
3.546615625,0,1
3.546616667,1,1
3.546617750,0,1
3.546618750,1,1
3.546619833,0,1
3.546620875,1,1
3.546621958,0,1
3.546623167,1,1
3.546624167,0,1
3.546625250,1,1
3.546626292,0,1
3.546628417,1,1
3.546629417,1,0
3.546630417,0,0
3.546632375,1,0
3.546633375,1,1
3.546636458,1,0
3.546637458,0,0
3.546639542,1,0
3.546640542,0,0
3.546642667,1,0
3.546643667,0,0
3.546644708,0,1
3.546645750,1,1
3.546646792,0,1
3.546647833,0,0
3.546648875,1,0
3.546649875,0,0
3.546651958,1,0
3.546652958,0,0
3.546655083,1,0
3.546656083,0,0
3.546657125,0,1
3.546658167,1,1
3.546659208,0,1
3.546660292,0,0
3.546661292,1,0
3.546662292,0,0
3.546664375,1,0
3.546665375,0,0
3.546667458,1,0
3.546668458,0,0
3.546670583,1,0
3.546671583,0,0
3.546673667,1,0
3.546674667,0,0
3.546676792,1,0
3.546677792,0,0
3.546679875,1,0
3.546680875,0,0
3.546683000,1,0
3.546684000,0,0
3.546686083,1,0
3.546687083,0,0
3.546689208,1,0
3.546690208,0,0
3.546692292,1,0
3.546693292,0,0
3.546695417,1,0
3.546696417,0,0
3.546698500,1,0
3.546699500,0,0
3.546701625,1,0
3.546702625,0,0
3.546704708,1,0
3.546705708,0,0
3.546707792,1,0
3.546708792,0,0
3.546710917,1,0
3.546711917,0,0
3.546714000,1,0
3.546715000,0,0
3.546717125,1,0
3.546718125,0,0
3.546720208,1,0
3.546721208,0,0
3.546723333,1,0
3.546724333,0,0
3.546726417,1,0
3.546727417,0,0
3.546729542,1,0
3.546730542,0,0
3.546732625,1,0
3.546733625,0,0
3.546735750,1,0
3.546736750,0,0
3.546738833,1,0
3.546739833,0,0
3.546741917,1,0
3.546742958,0,0
3.546745042,1,0
3.546746042,0,0
3.546748125,1,0
3.546749125,0,0
3.546751250,1,0
3.546752250,0,0
3.546754333,1,0
3.546755333,0,0
3.546757458,1,0
3.546758458,0,0
3.546760583,1,0
3.546761542,0,0
3.546762583,0,1
3.546763667,1,1
3.546764667,0,1
3.546765917,1,1
3.546766917,0,1
3.546769042,1,1
3.546770125,0,1
3.546771167,1,1
3.546772208,0,1
3.546773250,1,1
3.546774333,0,1
3.546775375,1,1
3.546776458,0,1
3.546777500,1,1
3.546778583,0,0
3.546779625,1,0
3.546780667,0,0
3.546781042,0,1
3.546781708,1,1
3.546782792,0,1
3.546783958,1,1
3.546785000,0,1
3.546786042,1,1
3.546787125,0,1
3.546788125,1,1
3.546789125,0,1
3.546790125,1,1
3.546791250,0,1
3.546792250,1,1
3.546793333,0,1
3.546794375,1,1
3.546795458,0,1
3.546796458,1,1
3.546797542,0,1
3.546798583,1,1
3.546799667,0,1
3.546800667,1,1
3.546801792,0,1
3.546802792,1,1
3.546803875,0,1
3.546804917,1,1
3.546806000,0,1
3.546807000,1,1
3.546808125,0,1
3.546809125,1,1
3.546810208,0,1
3.546811250,1,1
3.546812333,0,1
3.546813333,1,1
3.546814458,0,1
3.546815458,1,1
3.546816542,0,1
3.546817583,1,1
3.546818667,0,1
3.546819667,1,1
3.546820750,0,1
3.546821792,1,1
3.546822875,0,1
3.546823917,1,1
3.546825000,0,1
3.546826000,1,1
3.546827083,0,1
3.546828125,1,1
3.546829208,0,1
3.546830250,1,1
3.546831333,0,1
3.546832333,1,1
3.546833417,0,1
3.546834458,1,1
3.546835542,0,1
3.546836542,1,1
3.546837667,0,1
3.546838667,1,1
3.546839750,0,1
3.546840792,1,1
3.546841875,0,1
3.546842875,1,1
3.546844000,0,1
3.546845000,1,1
3.546846083,0,1
3.546847125,1,1
3.546848208,0,1
3.546849208,1,1
3.546850333,0,1
3.546851500,1,1
3.546852542,0,1
3.546853625,1,1
3.546854625,0,1
3.546856750,1,1
3.546857750,1,0
3.546858750,0,0
3.546860708,1,0
3.546861708,1,1
3.546864833,1,0
3.546865792,0,0
3.546867917,1,0
3.546868917,0,0
3.546871000,1,0
3.546872042,0,0
3.546873083,0,1
3.546874125,1,1
3.546875125,0,1
3.546876167,0,0
3.546877250,1,0
3.546878208,0,0
3.546880333,1,0
3.546881333,0,0
3.546883417,1,0
3.546884417,0,0
3.546885500,0,1
3.546886542,1,1
3.546887542,0,1
3.546888625,0,0
3.546889625,1,0
3.546890625,0,0
3.546892708,1,0
3.546893750,0,0
3.546895833,1,0
3.546896833,0,0
3.546898917,1,0
3.546899917,0,0
3.546902042,1,0
3.546903042,0,0
3.546905125,1,0
3.546906125,0,0
3.546908250,1,0
3.546909250,0,0
3.546911333,1,0
3.546912333,0,0
3.546914458,1,0
3.546915458,0,0
3.546917542,1,0
3.546918542,0,0
3.546920667,1,0
3.546921667,0,0
3.546923750,1,0
3.546924750,0,0
3.546926875,1,0
3.546927875,0,0
3.546929958,1,0
3.546930958,0,0
3.546933083,1,0
3.546934083,0,0
3.546936167,1,0
3.546937167,0,0
3.546939292,1,0
3.546940292,0,0
3.546942375,1,0
3.546943375,0,0
3.546945500,1,0
3.546946500,0,0
3.546948583,1,0
3.546949583,0,0
3.546951708,1,0
3.546952708,0,0
3.546954792,1,0
3.546955792,0,0
3.546957917,1,0
3.546958917,0,0
3.546961000,1,0
3.546962000,0,0
3.546964125,1,0
3.546965125,0,0
3.546967208,1,0
3.546968208,0,0
3.546970333,1,0
3.546971333,0,0
3.546973417,1,0
3.546974417,0,0
3.546976542,1,0
3.546977542,0,0
3.546979625,1,0
3.546980625,0,0
3.546982750,1,0
3.546983750,0,0
3.546985833,1,0
3.546986833,0,0
3.546988958,1,0
3.546989958,0,0
3.546990958,0,1
3.546992083,1,1
3.546993083,0,1
3.546994292,1,1
3.546995292,0,1
3.546997458,1,1
3.546998542,0,1
3.546999542,1,1
3.547000625,0,1
3.547001667,1,1
3.547002708,0,1
3.547003750,1,1
3.547004875,0,1
3.547005875,1,1
3.547006958,0,0
3.547008000,1,0
3.547009083,0,0
3.547009500,0,1
3.547010125,1,1
3.547011167,0,1
3.547012333,1,1
3.547013417,0,1
3.547014458,1,1
3.547015500,0,1
3.547016542,1,1
3.547017500,0,1
3.547018542,1,1
3.547019625,0,1
3.547020625,1,1
3.547021750,0,1
3.547022750,1,1
3.547023833,0,1
3.547024875,1,1
3.547025958,0,1
3.547026958,1,1
3.547028083,0,1
3.547029083,1,1
3.547030167,0,1
3.547031208,1,1
3.547032292,0,1
3.547033292,1,1
3.547034375,0,1
3.547035417,1,1
3.547036500,0,1
3.547037542,1,1
3.547038625,0,1
3.547039625,1,1
3.547040708,0,1
3.547041750,1,1
3.547042833,0,1
3.547043833,1,1
3.547044958,0,1
3.547045958,1,1
3.547047042,0,1
3.547048083,1,1
3.547049167,0,1
3.547050167,1,1
3.547051292,0,1
3.547052292,1,1
3.547053375,0,1
3.547054417,1,1
3.547055500,0,1
3.547056500,1,1
3.547057583,0,1
3.547058625,1,1
3.547059708,0,1
3.547060750,1,1
3.547061833,0,1
3.547062833,1,1
3.547063958,0,1
3.547064958,1,1
3.547066042,0,1
3.547067083,1,1
3.547068167,0,1
3.547069167,1,1
3.547070250,0,1
3.547071292,1,1
3.547072375,0,1
3.547073375,1,1
3.547074458,0,1
3.547075500,1,1
3.547076583,0,1
3.547077625,1,1
3.547078708,0,1
3.547079917,1,1
3.547080917,0,1
3.547082000,1,1
3.547083042,0,1
3.547085167,1,1
3.547086167,1,0
3.547087167,0,0
3.547089125,1,0
3.547090083,1,1
3.547093208,1,0
3.547094208,0,0
3.547096292,1,0
3.547097292,0,0
3.547099417,1,0
3.547100417,0,0
3.547101458,0,1
3.547102500,1,1
3.547103500,0,1
3.547104583,0,0
3.547105625,1,0
3.547106583,0,0
3.547108708,1,0
3.547109708,0,0
3.547111792,1,0
3.547112833,0,0
3.547113875,0,1
3.547114917,1,1
3.547115917,0,1
3.547117000,0,0
3.547118000,1,0
3.547119000,0,0
3.547121125,1,0
3.547122125,0,0
3.547124208,1,0
3.547125208,0,0
3.547127333,1,0
3.547128333,0,0
3.547130417,1,0
3.547131417,0,0
3.547133542,1,0
3.547134542,0,0
3.547136625,1,0
3.547137625,0,0
3.547139708,1,0
3.547140750,0,0
3.547142833,1,0
3.547143833,0,0
3.547145917,1,0
3.547146917,0,0
3.547149042,1,0
3.547150042,0,0
3.547152125,1,0
3.547153125,0,0
3.547155250,1,0
3.547156250,0,0
3.547158333,1,0
3.547159333,0,0
3.547161458,1,0
3.547162458,0,0
3.547164542,1,0
3.547165542,0,0
3.547167667,1,0
3.547168667,0,0
3.547170750,1,0
3.547171750,0,0
3.547173875,1,0
3.547174875,0,0
3.547176958,1,0
3.547177958,0,0
3.547180042,1,0
3.547181042,0,0
3.547183167,1,0
3.547184167,0,0
3.547186250,1,0
3.547187250,0,0
3.547189375,1,0
3.547190375,0,0
3.547192458,1,0
3.547193458,0,0
3.547195583,1,0
3.547196583,0,0
3.547198667,1,0
3.547199667,0,0
3.547201792,1,0
3.547202792,0,0
3.547204875,1,0
3.547205875,0,0
3.547208000,1,0
3.547209000,0,0
3.547211083,1,0
3.547212083,0,0
3.547214208,1,0
3.547215208,0,0
3.547217333,1,0
3.547218292,0,0
3.547219333,0,1
3.547220417,1,1
3.547221417,0,1
3.547222625,1,1
3.547223667,0,1
3.547225792,1,1
3.547226875,0,1
3.547227917,1,1
3.547228958,0,1
3.547230000,1,1
3.547231083,0,1
3.547232125,1,1
3.547233208,0,1
3.547234250,1,1
3.547235292,0,1
3.547235333,0,0
3.547236375,1,0
3.547237417,0,0
3.547237750,0,1
3.547238458,1,1
3.547239542,0,1
3.547240708,1,1
3.547241750,0,1
3.547242792,1,1
3.547243875,0,1
3.547244875,1,1
3.547245875,0,1
3.547246875,1,1
3.547247958,0,1
3.547249000,1,1
3.547250083,0,1
3.547251083,1,1
3.547252208,0,1
3.547253208,1,1
3.547254292,0,1
3.547255333,1,1
3.547256417,0,1
3.547257417,1,1
3.547258542,0,1
3.547259542,1,1
3.547260625,0,1
3.547261667,1,1
3.547262750,0,1
3.547263750,1,1
3.547264833,0,1
3.547265875,1,1
3.547266958,0,1
3.547268000,1,1
3.547269083,0,1
3.547270083,1,1
3.547271167,0,1
3.547272208,1,1
3.547273292,0,1
3.547274333,1,1
3.547275417,0,1
3.547276417,1,1
3.547277500,0,1
3.547278542,1,1
3.547279625,0,1
3.547280667,1,1
3.547281750,0,1
3.547282750,1,1
3.547283833,0,1
3.547284875,1,1
3.547285958,0,1
3.547286958,1,1
3.547288083,0,1
3.547289083,1,1
3.547290167,0,1
3.547291208,1,1
3.547292292,0,1
3.547293292,1,1
3.547294375,0,1
3.547295417,1,1
3.547296500,0,1
3.547297542,1,1
3.547298625,0,1
3.547299625,1,1
3.547300750,0,1
3.547301750,1,1
3.547302833,0,1
3.547303875,1,1
3.547304958,0,1
3.547305958,1,1
3.547307042,0,1
3.547308250,1,1
3.547309292,0,1
3.547310375,1,1
3.547311375,0,1
3.547313500,1,1
3.547314500,1,0
3.547315500,0,0
3.547317458,1,0
3.547318458,1,1
3.547321583,1,0
3.547322542,0,0
3.547324667,1,0
3.547325667,0,0
3.547327750,1,0
3.547328750,0,0
3.547329833,0,1
3.547330875,1,1
3.547331875,0,1
3.547332917,0,0
3.547334000,1,0
3.547334958,0,0
3.547337083,1,0
3.547338083,0,0
3.547340167,1,0
3.547341208,0,0
3.547342250,0,1
3.547343292,1,1
3.547344292,0,1
3.547345375,0,0
3.547346375,1,0
3.547347375,0,0
3.547349500,1,0
3.547350500,0,0
3.547352583,1,0
3.547353583,0,0
3.547355667,1,0
3.547356667,0,0
3.547358792,1,0
3.547359792,0,0
3.547361875,1,0
3.547362875,0,0
3.547365000,1,0
3.547366000,0,0
3.547368083,1,0
3.547369083,0,0
3.547371208,1,0
3.547372208,0,0
3.547374292,1,0
3.547375292,0,0
3.547377417,1,0
3.547378417,0,0
3.547380500,1,0
3.547381500,0,0
3.547383625,1,0
3.547384625,0,0
3.547386708,1,0
3.547387708,0,0
3.547389833,1,0
3.547390833,0,0
3.547392917,1,0
3.547393917,0,0
3.547396000,1,0
3.547397042,0,0
3.547399125,1,0
3.547400125,0,0
3.547402208,1,0
3.547403208,0,0
3.547405333,1,0
3.547406333,0,0
3.547408417,1,0
3.547409458,0,0
3.547411542,1,0
3.547412542,0,0
3.547414625,1,0
3.547415625,0,0
3.547417750,1,0
3.547418750,0,0
3.547420833,1,0
3.547421833,0,0
3.547423958,1,0
3.547424958,0,0
3.547427042,1,0
3.547428042,0,0
3.547430167,1,0
3.547431167,0,0
3.547433250,1,0
3.547434250,0,0
3.547436375,1,0
3.547437375,0,0
3.547439458,1,0
3.547440458,0,0
3.547442583,1,0
3.547443583,0,0
3.547445708,1,0
3.547446708,0,0
3.547447708,0,1
3.547448792,1,1
3.547449792,0,1
3.547451042,1,1
3.547452042,0,1
3.547454208,1,1
3.547455250,0,1
3.547456292,1,1
3.547457333,0,1
3.547458375,1,1
3.547459458,0,1
3.547460500,1,1
3.547461583,0,1
3.547462625,1,1
3.547463708,0,0
3.547464750,1,0
3.547465792,0,0
3.547466125,0,1
3.547466833,1,1
3.547467917,0,1
3.547469083,1,1
3.547470167,0,1
3.547471167,1,1
3.547472250,0,1
3.547473250,1,1
3.547474250,0,1
3.547475250,1,1
3.547476375,0,1
3.547477375,1,1
3.547478458,0,1
3.547479500,1,1
3.547480583,0,1
3.547481583,1,1
3.547482667,0,1
3.547483708,1,1
3.547484792,0,1
3.547485833,1,1
3.547486917,0,1
3.547487917,1,1
3.547489000,0,1
3.547490042,1,1
3.547491125,0,1
3.547492167,1,1
3.547493250,0,1
3.547494250,1,1
3.547495333,0,1
3.547496375,1,1
3.547497458,0,1
3.547498458,1,1
3.547499583,0,1
3.547500583,1,1
3.547501667,0,1
3.547502708,1,1
3.547503792,0,1
3.547504792,1,1
3.547505917,0,1
3.547506917,1,1
3.547508000,0,1
3.547509042,1,1
3.547510125,0,1
3.547511125,1,1
3.547512250,0,1
3.547513250,1,1
3.547514333,0,1
3.547515375,1,1
3.547516458,0,1
3.547517458,1,1
3.547518542,0,1
3.547519583,1,1
3.547520667,0,1
3.547521708,1,1
3.547522792,0,1
3.547523792,1,1
3.547524875,0,1
3.547525917,1,1
3.547527000,0,1
3.547528000,1,1
3.547529125,0,1
3.547530125,1,1
3.547531208,0,1
3.547532250,1,1
3.547533333,0,1
3.547534333,1,1
3.547535458,0,1
3.547536667,1,1
3.547537667,0,1
3.547538750,1,1
3.547539750,0,1
3.547541875,1,1
3.547542875,1,0
3.547543875,0,0
3.547545833,1,0
3.547546833,1,1
3.547549958,1,0
3.547550958,0,0
3.547553042,1,0
3.547554042,0,0
3.547556125,1,0
3.547557167,0,0
3.547558208,0,1
3.547559250,1,1
3.547560250,0,1
3.547561292,0,0
3.547562375,1,0
3.547563333,0,0
3.547565458,1,0
3.547566458,0,0
3.547568542,1,0
3.547569583,0,0
3.547570625,0,1
3.547571667,1,1
3.547572667,0,1
3.547573750,0,0
3.547574750,1,0
3.547575750,0,0
3.547577875,1,0
3.547578875,0,0
3.547580958,1,0
3.547581958,0,0
3.547584042,1,0
3.547585042,0,0
3.547587167,1,0
3.547588167,0,0
3.547590250,1,0
3.547591250,0,0
3.547593375,1,0
3.547594375,0,0
3.547596458,1,0
3.547597500,0,0
3.547599583,1,0
3.547600583,0,0
3.547602667,1,0
3.547603667,0,0
3.547605792,1,0
3.547606792,0,0
3.547608875,1,0
3.547609875,0,0
3.547612000,1,0
3.547613000,0,0
3.547615083,1,0
3.547616083,0,0
3.547618208,1,0
3.547619208,0,0
3.547621292,1,0
3.547622292,0,0
3.547624417,1,0
3.547625417,0,0
3.547627500,1,0
3.547628500,0,0
3.547630625,1,0
3.547631625,0,0
3.547633708,1,0
3.547634708,0,0
3.547636833,1,0
3.547637833,0,0
3.547639917,1,0
3.547640917,0,0
3.547643042,1,0
3.547644042,0,0
3.547646125,1,0
3.547647125,0,0
3.547649208,1,0
3.547650208,0,0
3.547652333,1,0
3.547653333,0,0
3.547655417,1,0
3.547656417,0,0
3.547658542,1,0
3.547659542,0,0
3.547661625,1,0
3.547662625,0,0
3.547664750,1,0
3.547665750,0,0
3.547667833,1,0
3.547668833,0,0
3.547670958,1,0
3.547671958,0,0
3.547674083,1,0
3.547675083,0,0
3.547676083,0,1
3.547677167,1,1
3.547678167,0,1
3.547679417,1,1
3.547680417,0,1
3.547682583,1,1
3.547683625,0,1
3.547684667,1,1
3.547685750,0,1
3.547686792,1,1
3.547687833,0,1
3.547688875,1,1
3.547689958,0,1
3.547691000,1,1
3.547692083,0,0
3.547693125,1,0
3.547694167,0,0
3.547694542,0,1
3.547695208,1,1
3.547696292,0,1
3.547697458,1,1
3.547698542,0,1
3.547699583,1,1
3.547700625,0,1
3.547701667,1,1
3.547702625,0,1
3.547703667,1,1
3.547704750,0,1
3.547705750,1,1
3.547706833,0,1
3.547707875,1,1
3.547708958,0,1
3.547709958,1,1
3.547711083,0,1
3.547712083,1,1
3.547713167,0,1
3.547714208,1,1
3.547715292,0,1
3.547716292,1,1
3.547717417,0,1
3.547718417,1,1
3.547719500,0,1
3.547720542,1,1
3.547721625,0,1
3.547722625,1,1
3.547723750,0,1
3.547724750,1,1
3.547725833,0,1
3.547726875,1,1
3.547727958,0,1
3.547728958,1,1
3.547730042,0,1
3.547731083,1,1
3.547732167,0,1
3.547733208,1,1
3.547734292,0,1
3.547735292,1,1
3.547736375,0,1
3.547737417,1,1
3.547738500,0,1
3.547739500,1,1
3.547740625,0,1
3.547741625,1,1
3.547742708,0,1
3.547743750,1,1
3.547744833,0,1
3.547745833,1,1
3.547746958,0,1
3.547747958,1,1
3.547749042,0,1
3.547750083,1,1
3.547751167,0,1
3.547752167,1,1
3.547753292,0,1
3.547754292,1,1
3.547755375,0,1
3.547756417,1,1
3.547757500,0,1
3.547758500,1,1
3.547759583,0,1
3.547760625,1,1
3.547761708,0,1
3.547762750,1,1
3.547763833,0,1
3.547765042,1,1
3.547766042,0,1
3.547767125,1,1
3.547768167,0,1
3.547770292,1,1
3.547771292,1,0
3.547772292,0,0
3.547774250,1,0
3.547775250,1,1
3.547778333,1,0
3.547779333,0,0
3.547781417,1,0
3.547782417,0,0
3.547784542,1,0
3.547785542,0,0
3.547786583,0,1
3.547787625,1,1
3.547788667,0,1
3.547789708,0,0
3.547790750,1,0
3.547791750,0,0
3.547793833,1,0
3.547794833,0,0
3.547796958,1,0
3.547797958,0,0
3.547799000,0,1
3.547800042,1,1
3.547801083,0,1
3.547802167,0,0
3.547803125,1,0
3.547804167,0,0
3.547806250,1,0
3.547807250,0,0
3.547809333,1,0
3.547810375,0,0
3.547812458,1,0
3.547813458,0,0
3.547815583,1,0
3.547816583,0,0
3.547818667,1,0
3.547819667,0,0
3.547821750,1,0
3.547822750,0,0
3.547824875,1,0
3.547825875,0,0
3.547827958,1,0
3.547829000,0,0
3.547831083,1,0
3.547832083,0,0
3.547834167,1,0
3.547835208,0,0
3.547837292,1,0
3.547838292,0,0
3.547840375,1,0
3.547841375,0,0
3.547843500,1,0
3.547844500,0,0
3.547846583,1,0
3.547847583,0,0
3.547849708,1,0
3.547850708,0,0
3.547852792,1,0
3.547853792,0,0
3.547855917,1,0
3.547856917,0,0
3.547859000,1,0
3.547860000,0,0
3.547862125,1,0
3.547863125,0,0
3.547865208,1,0
3.547866208,0,0
3.547868333,1,0
3.547869333,0,0
3.547871417,1,0
3.547872417,0,0
3.547874542,1,0
3.547875542,0,0
3.547877625,1,0
3.547878625,0,0
3.547880750,1,0
3.547881750,0,0
3.547883833,1,0
3.547884833,0,0
3.547886958,1,0
3.547887958,0,0
3.547890042,1,0
3.547891042,0,0
3.547893167,1,0
3.547894167,0,0
3.547896250,1,0
3.547897250,0,0
3.547899375,1,0
3.547900375,0,0
3.547902500,1,0
3.547903458,0,0
3.547904500,0,1
3.547905583,1,1
3.547906583,0,1
3.547907792,1,1
3.547908833,0,1
3.547910958,1,1
3.547912042,0,1
3.547913083,1,1
3.547914125,0,1
3.547915167,1,1
3.547916250,0,1
3.547917292,1,1
3.547918375,0,1
3.547919417,1,1
3.547920500,0,0
3.547921542,1,0
3.547922583,0,0
3.547922917,0,1
3.547923625,1,1
3.547924708,0,1
3.547925875,1,1
3.547926917,0,1
3.547927958,1,1
3.547929042,0,1
3.547930042,1,1
3.547931042,0,1
3.547932042,1,1
3.547933125,0,1
3.547934167,1,1
3.547935250,0,1
3.547936292,1,1
3.547937375,0,1
3.547938375,1,1
3.547939500,0,1
3.547940500,1,1
3.547941583,0,1
3.547942625,1,1
3.547943708,0,1
3.547944708,1,1
3.547945792,0,1
3.547946833,1,1
3.547947917,0,1
3.547948917,1,1
3.547950042,0,1
3.547951042,1,1
3.547952125,0,1
3.547953167,1,1
3.547954250,0,1
3.547955250,1,1
3.547956375,0,1
3.547957375,1,1
3.547958458,0,1
3.547959500,1,1
3.547960583,0,1
3.547961583,1,1
3.547962708,0,1
3.547963708,1,1
3.547964792,0,1
3.547965833,1,1
3.547966917,0,1
3.547967917,1,1
3.547969000,0,1
3.547970042,1,1
3.547971125,0,1
3.547972167,1,1
3.547973250,0,1
3.547974250,1,1
3.547975375,0,1
3.547976375,1,1
3.547977458,0,1
3.547978500,1,1
3.547979583,0,1
3.547980583,1,1
3.547981667,0,1
3.547982708,1,1
3.547983792,0,1
3.547984792,1,1
3.547985917,0,1
3.547986917,1,1
3.547988000,0,1
3.547989042,1,1
3.547990125,0,1
3.547991125,1,1
3.547992250,0,1
3.547993458,1,1
3.547994458,0,1
3.547995542,1,1
3.547996583,0,1
3.547998667,1,1
3.547999708,1,0
3.548000667,0,0
3.548002667,1,0
3.548003625,1,1
3.548006750,1,0
3.548007750,0,0
3.548009833,1,0
3.548010833,0,0
3.548012958,1,0
3.548013958,0,0
3.548015000,0,1
3.548016042,1,1
3.548017042,0,1
3.548018125,0,0
3.548019167,1,0
3.548020167,0,0
3.548022250,1,0
3.548023250,0,0
3.548025375,1,0
3.548026375,0,0
3.548027417,0,1
3.548028458,1,1
3.548029458,0,1
3.548030542,0,0
3.548031542,1,0
3.548032542,0,0
3.548034667,1,0
3.548035667,0,0
3.548037750,1,0
3.548038750,0,0
3.548040875,1,0
3.548041875,0,0
3.548043958,1,0
3.548044958,0,0
3.548047083,1,0
3.548048083,0,0
3.548050167,1,0
3.548051167,0,0
3.548053250,1,0
3.548054250,0,0
3.548056375,1,0
3.548057375,0,0
3.548059458,1,0
3.548060458,0,0
3.548062583,1,0
3.548063583,0,0
3.548065667,1,0
3.548066667,0,0
3.548068792,1,0
3.548069792,0,0
3.548071875,1,0
3.548072875,0,0
3.548075000,1,0
3.548076000,0,0
3.548078083,1,0
3.548079083,0,0
3.548081208,1,0
3.548082208,0,0
3.548084292,1,0
3.548085292,0,0
3.548087417,1,0
3.548088417,0,0
3.548090500,1,0
3.548091500,0,0
3.548093625,1,0
3.548094625,0,0
3.548096708,1,0
3.548097708,0,0
3.548099833,1,0
3.548100833,0,0
3.548102917,1,0
3.548103917,0,0
3.548106042,1,0
3.548107042,0,0
3.548109125,1,0
3.548110125,0,0
3.548112250,1,0
3.548113250,0,0
3.548115333,1,0
3.548116333,0,0
3.548118417,1,0
3.548119417,0,0
3.548121542,1,0
3.548122542,0,0
3.548124625,1,0
3.548125625,0,0
3.548127750,1,0
3.548128750,0,0
3.548130875,1,0
3.548131875,0,0
3.548132875,0,1
3.548134000,1,1
3.548135000,0,1
3.548136208,1,1
3.548137208,0,1
3.548139375,1,1
3.548140417,0,1
3.548141458,1,1
3.548142542,0,1
3.548143583,1,1
3.548144625,0,1
3.548145667,1,1
3.548146750,0,1
3.548147792,1,1
3.548148875,0,0
3.548149917,1,0
3.548151000,0,0
3.548151292,0,1
3.548152042,1,1
3.548153083,0,1
3.548154250,1,1
3.548155333,0,1
3.548156375,1,1
3.548157417,0,1
3.548158458,1,1
3.548159417,0,1
3.548160458,1,1
3.548161542,0,1
3.548162542,1,1
3.548163667,0,1
3.548164667,1,1
3.548165750,0,1
3.548166792,1,1
3.548167875,0,1
3.548168875,1,1
3.548170000,0,1
3.548171000,1,1
3.548172083,0,1
3.548173125,1,1
3.548174208,0,1
3.548175208,1,1
3.548176333,0,1
3.548177333,1,1
3.548178417,0,1
3.548179458,1,1
3.548180542,0,1
3.548181542,1,1
3.548182625,0,1
3.548183667,1,1
3.548184750,0,1
3.548185792,1,1
3.548186875,0,1
3.548187875,1,1
3.548188958,0,1
3.548190000,1,1
3.548191083,0,1
3.548192083,1,1
3.548193208,0,1
3.548194208,1,1
3.548195292,0,1
3.548196333,1,1
3.548197417,0,1
3.548198417,1,1
3.548199542,0,1
3.548200542,1,1
3.548201625,0,1
3.548202667,1,1
3.548203750,0,1
3.548204750,1,1
3.548205875,0,1
3.548206875,1,1
3.548207958,0,1
3.548209000,1,1
3.548210083,0,1
3.548211083,1,1
3.548212208,0,1
3.548213208,1,1
3.548214292,0,1
3.548215333,1,1
3.548216417,0,1
3.548217417,1,1
3.548218542,0,1
3.548219542,1,1
3.548220625,0,1
3.548221833,1,1
3.548222833,0,1
3.548223958,1,1
3.548224958,0,1
3.548227083,1,1
3.548228083,1,0
3.548229083,0,0
3.548231042,1,0
3.548232042,1,1
3.548235167,1,0
3.548236125,0,0
3.548238250,1,0
3.548239250,0,0
3.548241333,1,0
3.548242333,0,0
3.548243417,0,1
3.548244458,1,1
3.548245458,0,1
3.548246500,0,0
3.548247583,1,0
3.548248542,0,0
3.548250667,1,0
3.548251667,0,0
3.548253750,1,0
3.548254750,0,0
3.548255833,0,1
3.548256875,1,1
3.548257875,0,1
3.548258958,0,0
3.548259958,1,0
3.548260958,0,0
3.548263042,1,0
3.548264042,0,0
3.548266167,1,0
3.548267167,0,0
3.548269250,1,0
3.548270250,0,0
3.548272375,1,0
3.548273375,0,0
3.548275458,1,0
3.548276458,0,0
3.548278583,1,0
3.548279583,0,0
3.548281667,1,0
3.548282667,0,0
3.548284792,1,0
3.548285792,0,0
3.548287875,1,0
3.548288875,0,0
3.548291000,1,0
3.548292000,0,0
3.548294083,1,0
3.548295083,0,0
3.548297208,1,0
3.548298208,0,0
3.548300292,1,0
3.548301292,0,0
3.548303417,1,0
3.548304417,0,0
3.548306500,1,0
3.548307500,0,0
3.548309583,1,0
3.548310583,0,0
3.548312708,1,0
3.548313708,0,0
3.548315792,1,0
3.548316792,0,0
3.548318917,1,0
3.548319917,0,0
3.548322000,1,0
3.548323000,0,0
3.548325125,1,0
3.548326125,0,0
3.548328208,1,0
3.548329208,0,0
3.548331333,1,0
3.548332333,0,0
3.548334417,1,0
3.548335417,0,0
3.548337542,1,0
3.548338542,0,0
3.548340625,1,0
3.548341625,0,0
3.548343708,1,0
3.548344750,0,0
3.548346833,1,0
3.548347833,0,0
3.548349917,1,0
3.548350917,0,0
3.548353042,1,0
3.548354042,0,0
3.548356125,1,0
3.548357125,0,0
3.548359250,1,0
3.548360250,0,0
3.548361292,0,1
3.548362375,1,1
3.548363375,0,1
3.548364583,1,1
3.548365625,0,1
3.548367750,1,1
3.548368833,0,1
3.548369875,1,1
3.548370917,0,1
3.548371958,1,1
3.548373042,0,1
3.548374083,1,1
3.548375167,0,1
3.548376208,1,1
3.548377250,0,1
3.548377292,0,0
3.548378333,1,0
3.548379375,0,0
3.548379708,0,1
3.548380417,1,1
3.548381500,0,1
3.548382667,1,1
3.548383708,0,1
3.548384750,1,1
3.548385833,0,1
3.548386833,1,1
3.548387833,0,1
3.548388833,1,1
3.548389917,0,1
3.548390958,1,1
3.548392042,0,1
3.548393042,1,1
3.548394125,0,1
3.548395167,1,1
3.548396250,0,1
3.548397292,1,1
3.548398375,0,1
3.548399375,1,1
3.548400458,0,1
3.548401500,1,1
3.548402583,0,1
3.548403625,1,1
3.548404708,0,1
3.548405708,1,1
3.548406792,0,1
3.548407833,1,1
3.548408917,0,1
3.548409917,1,1
3.548411042,0,1
3.548412042,1,1
3.548413125,0,1
3.548414167,1,1
3.548415250,0,1
3.548416250,1,1
3.548417375,0,1
3.548418375,1,1
3.548419458,0,1
3.548420500,1,1
3.548421583,0,1
3.548422583,1,1
3.548423708,0,1
3.548424708,1,1
3.548425792,0,1
3.548426833,1,1
3.548427917,0,1
3.548428917,1,1
3.548430042,0,1
3.548431042,1,1
3.548432125,0,1
3.548433167,1,1
3.548434250,0,1
3.548435250,1,1
3.548436333,0,1
3.548437375,1,1
3.548438458,0,1
3.548439500,1,1
3.548440583,0,1
3.548441583,1,1
3.548442667,0,1
3.548443708,1,1
3.548444792,0,1
3.548445833,1,1
3.548446917,0,1
3.548447917,1,1
3.548449000,0,1
3.548450208,1,1
3.548451250,0,1
3.548452333,1,1
3.548453333,0,1
3.548455458,1,1
3.548456458,1,0
3.548457458,0,0
3.548459417,1,0
3.548460417,1,1
3.548463542,1,0
3.548464500,0,0
3.548466625,1,0
3.548467625,0,0
3.548469708,1,0
3.548470750,0,0
3.548471792,0,1
3.548472833,1,1
3.548473833,0,1
3.548474875,0,0
3.548475958,1,0
3.548476917,0,0
3.548479000,1,0
3.548480042,0,0
3.548482125,1,0
3.548483125,0,0
3.548484208,0,1
3.548485250,1,1
3.548486250,0,1
3.548487333,0,0
3.548488333,1,0
3.548489333,0,0
3.548491417,1,0
3.548492417,0,0
3.548494542,1,0
3.548495542,0,0
3.548497625,1,0
3.548498625,0,0
3.548500750,1,0
3.548501750,0,0
3.548503833,1,0
3.548504833,0,0
3.548506958,1,0
3.548507958,0,0
3.548510042,1,0
3.548511042,0,0
3.548513167,1,0
3.548514167,0,0
3.548516250,1,0
3.548517250,0,0
3.548519333,1,0
3.548520375,0,0
3.548522458,1,0
3.548523458,0,0
3.548525542,1,0
3.548526542,0,0
3.548528667,1,0
3.548529667,0,0
3.548531750,1,0
3.548532792,0,0
3.548534875,1,0
3.548535875,0,0
3.548537958,1,0
3.548538958,0,0
3.548541083,1,0
3.548542083,0,0
3.548544167,1,0
3.548545167,0,0
3.548547292,1,0
3.548548292,0,0
3.548550375,1,0
3.548551375,0,0
3.548553500,1,0
3.548554500,0,0
3.548556583,1,0
3.548557583,0,0
3.548559708,1,0
3.548560708,0,0
3.548562792,1,0
3.548563792,0,0
3.548565875,1,0
3.548566875,0,0
3.548569000,1,0
3.548570000,0,0
3.548572083,1,0
3.548573083,0,0
3.548575208,1,0
3.548576208,0,0
3.548578292,1,0
3.548579292,0,0
3.548581417,1,0
3.548582417,0,0
3.548584500,1,0
3.548585500,0,0
3.548587625,1,0
3.548588625,0,0
3.548589625,0,1
3.548590750,1,1
3.548591750,0,1
3.548592958,1,1
3.548593958,0,1
3.548596125,1,1
3.548597208,0,1
3.548598208,1,1
3.548599292,0,1
3.548600333,1,1
3.548601417,0,1
3.548602417,1,1
3.548603542,0,1
3.548604583,1,1
3.548605625,0,0
3.548606667,1,0
3.548607750,0,0
3.548608167,0,1
3.548608792,1,1
3.548609833,0,1
3.548611000,1,1
3.548612083,0,1
3.548613125,1,1
3.548614167,0,1
3.548615208,1,1
3.548616167,0,1
3.548617208,1,1
3.548618292,0,1
3.548619333,1,1
3.548620417,0,1
3.548621417,1,1
3.548622500,0,1
3.548623542,1,1
3.548624625,0,1
3.548625667,1,1
3.548626750,0,1
3.548627750,1,1
3.548628833,0,1
3.548629875,1,1
3.548630958,0,1
3.548631958,1,1
3.548633083,0,1
3.548634083,1,1
3.548635167,0,1
3.548636208,1,1
3.548637292,0,1
3.548638292,1,1
3.548639417,0,1
3.548640417,1,1
3.548641500,0,1
3.548642542,1,1
3.548643625,0,1
3.548644625,1,1
3.548645708,0,1
3.548646750,1,1
3.548647833,0,1
3.548648833,1,1
3.548649958,0,1
3.548650958,1,1
3.548652042,0,1
3.548653083,1,1
3.548654167,0,1
3.548655167,1,1
3.548656292,0,1
3.548657292,1,1
3.548658375,0,1
3.548659417,1,1
3.548660500,0,1
3.548661500,1,1
3.548662583,0,1
3.548663625,1,1
3.548664708,0,1
3.548665750,1,1
3.548666833,0,1
3.548667833,1,1
3.548668917,0,1
3.548669958,1,1
3.548671042,0,1
3.548672042,1,1
3.548673167,0,1
3.548674167,1,1
3.548675250,0,1
3.548676292,1,1
3.548677375,0,1
3.548678583,1,1
3.548679583,0,1
3.548680667,1,1
3.548681708,0,1
3.548683833,1,1
3.548684833,1,0
3.548685833,0,0
3.548687792,1,0
3.548688792,1,1
3.548691875,1,0
3.548692875,0,0
3.548694958,1,0
3.548695958,0,0
3.548698083,1,0
3.548699083,0,0
3.548700125,0,1
3.548701167,1,1
3.548702208,0,1
3.548703250,0,0
3.548704292,1,0
3.548705292,0,0
3.548707375,1,0
3.548708375,0,0
3.548710500,1,0
3.548711500,0,0
3.548712542,0,1
3.548713583,1,1
3.548714625,0,1
3.548715708,0,0
3.548716708,1,0
3.548717708,0,0
3.548719792,1,0
3.548720792,0,0
3.548722917,1,0
3.548723917,0,0
3.548726000,1,0
3.548727000,0,0
3.548729125,1,0
3.548730125,0,0
3.548732208,1,0
3.548733208,0,0
3.548735292,1,0
3.548736292,0,0
3.548738417,1,0
3.548739417,0,0
3.548741500,1,0
3.548742500,0,0
3.548744625,1,0
3.548745625,0,0
3.548747708,1,0
3.548748708,0,0
3.548750833,1,0
3.548751833,0,0
3.548753917,1,0
3.548754917,0,0
3.548757042,1,0
3.548758042,0,0
3.548760125,1,0
3.548761125,0,0
3.548763250,1,0
3.548764250,0,0
3.548766333,1,0
3.548767333,0,0
3.548769458,1,0
3.548770458,0,0
3.548772542,1,0
3.548773542,0,0
3.548775667,1,0
3.548776667,0,0
3.548778750,1,0
3.548779750,0,0
3.548781833,1,0
3.548782833,0,0
3.548784958,1,0
3.548785958,0,0
3.548788042,1,0
3.548789042,0,0
3.548791167,1,0
3.548792167,0,0
3.548794250,1,0
3.548795250,0,0
3.548797375,1,0
3.548798375,0,0
3.548800458,1,0
3.548801458,0,0
3.548803583,1,0
3.548804583,0,0
3.548806667,1,0
3.548807667,0,0
3.548809792,1,0
3.548810792,0,0
3.548812875,1,0
3.548813875,0,0
3.548816000,1,0
3.548817000,0,0
3.548818000,0,1
3.548819125,1,1
3.548820125,0,1
3.548821333,1,1
3.548822333,0,1
3.548824500,1,1
3.548825542,0,1
3.548826583,1,1
3.548827667,0,1
3.548828708,1,1
3.548829750,0,1
3.548830792,1,1
3.548831917,0,1
3.548832958,1,1
3.548834000,0,0
3.548835042,1,0
3.548836125,0,0
3.548836417,0,1
3.548837167,1,1
3.548838208,0,1
3.548839375,1,1
3.548840458,0,1
3.548841500,1,1
3.548842542,0,1
3.548843583,1,1
3.548844542,0,1
3.548845583,1,1
3.548846667,0,1
3.548847667,1,1
3.548848792,0,1
3.548849792,1,1
3.548850875,0,1
3.548851917,1,1
3.548853000,0,1
3.548854000,1,1
3.548855125,0,1
3.548856125,1,1
3.548857208,0,1
3.548858250,1,1
3.548859333,0,1
3.548860333,1,1
3.548861417,0,1
3.548862458,1,1
3.548863542,0,1
3.548864542,1,1
3.548865667,0,1
3.548866667,1,1
3.548867750,0,1
3.548868792,1,1
3.548869875,0,1
3.548870875,1,1
3.548872000,0,1
3.548873000,1,1
3.548874083,0,1
3.548875125,1,1
3.548876208,0,1
3.548877208,1,1
3.548878333,0,1
3.548879333,1,1
3.548880417,0,1
3.548881458,1,1
3.548882542,0,1
3.548883542,1,1
3.548884625,0,1
3.548885667,1,1
3.548886750,0,1
3.548887792,1,1
3.548888875,0,1
3.548889875,1,1
3.548890958,0,1
3.548892000,1,1
3.548893083,0,1
3.548894083,1,1
3.548895208,0,1
3.548896208,1,1
3.548897292,0,1
3.548898333,1,1
3.548899417,0,1
3.548900417,1,1
3.548901542,0,1
3.548902542,1,1
3.548903625,0,1
3.548904667,1,1
3.548905750,0,1
3.548906958,1,1
3.548907958,0,1
3.548909042,1,1
3.548910083,0,1
3.548912167,1,1
3.548913208,1,0
3.548914208,0,0
3.548916167,1,0
3.548917125,1,1
3.548920250,1,0
3.548921250,0,0
3.548923333,1,0
3.548924333,0,0
3.548926458,1,0
3.548927458,0,0
3.548928500,0,1
3.548929542,1,1
3.548930583,0,1
3.548931625,0,0
3.548932667,1,0
3.548933667,0,0
3.548935750,1,0
3.548936750,0,0
3.548938875,1,0
3.548939875,0,0
3.548940917,0,1
3.548941958,1,1
3.548943000,0,1
3.548944083,0,0
3.548945083,1,0
3.548946083,0,0
3.548948167,1,0
3.548949167,0,0
3.548951250,1,0
3.548952250,0,0
3.548954375,1,0
3.548955375,0,0
3.548957458,1,0
3.548958500,0,0
3.548960583,1,0
3.548961583,0,0
3.548963667,1,0
3.548964667,0,0
3.548966792,1,0
3.548967792,0,0
3.548969875,1,0
3.548970875,0,0
3.548973000,1,0
3.548974000,0,0
3.548976083,1,0
3.548977083,0,0
3.548979208,1,0
3.548980208,0,0
3.548982292,1,0
3.548983292,0,0
3.548985417,1,0
3.548986417,0,0
3.548988500,1,0
3.548989500,0,0
3.548991625,1,0
3.548992625,0,0
3.548994708,1,0
3.548995708,0,0
3.548997833,1,0
3.548998833,0,0
3.549000917,1,0
3.549001917,0,0
3.549004042,1,0
3.549005042,0,0
3.549007125,1,0
3.549008125,0,0
3.549010250,1,0
3.549011250,0,0
3.549013333,1,0
3.549014333,0,0
3.549016458,1,0
3.549017458,0,0
3.549019542,1,0
3.549020542,0,0
3.549022667,1,0
3.549023667,0,0
3.549025750,1,0
3.549026750,0,0
3.549028875,1,0
3.549029875,0,0
3.549031958,1,0
3.549032958,0,0
3.549035042,1,0
3.549036042,0,0
3.549038167,1,0
3.549039167,0,0
3.549041250,1,0
3.549042250,0,0
3.549044375,1,0
3.549045375,0,0
3.549046417,0,1
3.549047500,1,1
3.549048500,0,1
3.549049708,1,1
3.549050750,0,1
3.549052875,1,1
3.549053958,0,1
3.549055000,1,1
3.549056042,0,1
3.549057083,1,1
3.549058167,0,1
3.549059208,1,1
3.549060292,0,1
3.549061333,1,1
3.549062375,0,1
3.549062417,0,0
3.549063458,1,0
3.549064500,0,0
3.549064833,0,1
3.549065542,1,1
3.549066625,0,1
3.549067792,1,1
3.549068833,0,1
3.549069875,1,1
3.549070958,0,1
3.549071958,1,1
3.549072958,0,1
3.549073958,1,1
3.549075083,0,1
3.549076083,1,1
3.549077167,0,1
3.549078208,1,1
3.549079292,0,1
3.549080292,1,1
3.549081375,0,1
3.549082417,1,1
3.549083500,0,1
3.549084542,1,1
3.549085625,0,1
3.549086625,1,1
3.549087708,0,1
3.549088750,1,1
3.549089833,0,1
3.549090833,1,1
3.549091958,0,1
3.549092958,1,1
3.549094042,0,1
3.549095083,1,1
3.549096167,0,1
3.549097167,1,1
3.549098292,0,1
3.549099292,1,1
3.549100375,0,1
3.549101417,1,1
3.549102500,0,1
3.549103500,1,1
3.549104583,0,1
3.549105625,1,1
3.549106708,0,1
3.549107750,1,1
3.549108833,0,1
3.549109833,1,1
3.549110917,0,1
3.549111958,1,1
3.549113042,0,1
3.549114083,1,1
3.549115167,0,1
3.549116167,1,1
3.549117250,0,1
3.549118292,1,1
3.549119375,0,1
3.549120375,1,1
3.549121458,0,1
3.549122500,1,1
3.549123583,0,1
3.549124625,1,1
3.549125708,0,1
3.549126708,1,1
3.549127792,0,1
3.549128833,1,1
3.549129917,0,1
3.549130958,1,1
3.549132042,0,1
3.549133042,1,1
3.549134167,0,1
3.549135333,1,1
3.549136375,0,1
3.549137458,1,1
3.549138458,0,1
3.549140583,1,1
3.549141583,1,0
3.549142583,0,0
3.549144542,1,0
3.549145542,1,1
3.549148667,1,0
3.549149625,0,0
3.549151750,1,0
3.549152750,0,0
3.549154833,1,0
3.549155875,0,0
3.549156917,0,1
3.549157958,1,1
3.549158958,0,1
3.549160000,0,0
3.549161083,1,0
3.549162042,0,0
3.549164167,1,0
3.549165167,0,0
3.549167250,1,0
3.549168250,0,0
3.549169333,0,1
3.549170375,1,1
3.549171375,0,1
3.549172458,0,0
3.549173458,1,0
3.549174458,0,0
3.549176583,1,0
3.549177583,0,0
3.549179667,1,0
3.549180667,0,0
3.549182792,1,0
3.549183792,0,0
3.549185875,1,0
3.549186875,0,0
3.549188958,1,0
3.549189958,0,0
3.549192083,1,0
3.549193083,0,0
3.549195167,1,0
3.549196167,0,0
3.549198292,1,0
3.549199292,0,0
3.549201375,1,0
3.549202375,0,0
3.549204500,1,0
3.549205500,0,0
3.549207583,1,0
3.549208583,0,0
3.549210708,1,0
3.549211708,0,0
3.549213792,1,0
3.549214792,0,0
3.549216917,1,0
3.549217917,0,0
3.549220000,1,0
3.549221000,0,0
3.549223125,1,0
3.549224125,0,0
3.549226208,1,0
3.549227208,0,0
3.549229333,1,0
3.549230333,0,0
3.549232417,1,0
3.549233417,0,0
3.549235542,1,0
3.549236542,0,0
3.549238625,1,0
3.549239625,0,0
3.549241750,1,0
3.549242750,0,0
3.549244833,1,0
3.549245833,0,0
3.549247958,1,0
3.549248958,0,0
3.549251042,1,0
3.549252042,0,0
3.549254125,1,0
3.549255125,0,0
3.549257250,1,0
3.549258250,0,0
3.549260333,1,0
3.549261375,0,0
3.549263458,1,0
3.549264458,0,0
3.549266542,1,0
3.549267542,0,0
3.549269667,1,0
3.549270667,0,0
3.549272792,1,0
3.549273792,0,0
3.549274792,0,1
3.549275875,1,1
3.549276875,0,1
3.549278125,1,1
3.549279125,0,1
3.549281292,1,1
3.549282333,0,1
3.549283375,1,1
3.549284458,0,1
3.549285500,1,1
3.549286542,0,1
3.549287583,1,1
3.549288667,0,1
3.549289708,1,1
3.549290792,0,0
3.549291833,1,0
3.549292875,0,0
3.549293292,0,1
3.549293917,1,1
3.549295000,0,1
3.549296167,1,1
3.549297250,0,1
3.549298292,1,1
3.549299333,0,1
3.549300333,1,1
3.549301333,0,1
3.549302333,1,1
3.549303458,0,1
3.549304458,1,1
3.549305542,0,1
3.549306583,1,1
3.549307667,0,1
3.549308667,1,1
3.549309792,0,1
3.549310792,1,1
3.549311875,0,1
3.549312917,1,1
3.549314000,0,1
3.549315000,1,1
3.549316083,0,1
3.549317125,1,1
3.549318208,0,1
3.549319250,1,1
3.549320333,0,1
3.549321333,1,1
3.549322458,0,1
3.549323458,1,1
3.549324542,0,1
3.549325583,1,1
3.549326667,0,1
3.549327667,1,1
3.549328750,0,1
3.549329792,1,1
3.549330875,0,1
3.549331875,1,1
3.549333000,0,1
3.549334000,1,1
3.549335083,0,1
3.549336125,1,1
3.549337208,0,1
3.549338208,1,1
3.549339333,0,1
3.549340333,1,1
3.549341417,0,1
3.549342458,1,1
3.549343542,0,1
3.549344542,1,1
3.549345667,0,1
3.549346667,1,1
3.549347750,0,1
3.549348792,1,1
3.549349875,0,1
3.549350875,1,1
3.549351958,0,1
3.549353000,1,1
3.549354083,0,1
3.549355083,1,1
3.549356208,0,1
3.549357208,1,1
3.549358292,0,1
3.549359333,1,1
3.549360417,0,1
3.549361417,1,1
3.549362542,0,1
3.549363708,1,1
3.549364750,0,1
3.549365833,1,1
3.549366875,0,1
3.549368958,1,1
3.549370000,1,0
3.549370958,0,0
3.549372958,1,0
3.549373917,1,1
3.549377042,1,0
3.549378042,0,0
3.549380125,1,0
3.549381125,0,0
3.549383250,1,0
3.549384250,0,0
3.549385292,0,1
3.549386333,1,1
3.549387333,0,1
3.549388417,0,0
3.549389458,1,0
3.549390417,0,0
3.549392542,1,0
3.549393542,0,0
3.549395625,1,0
3.549396667,0,0
3.549397708,0,1
3.549398750,1,1
3.549399750,0,1
3.549400833,0,0
3.549401833,1,0
3.549402833,0,0
3.549404958,1,0
3.549405958,0,0
3.549408042,1,0
3.549409042,0,0
3.549411167,1,0
3.549412167,0,0
3.549414250,1,0
3.549415250,0,0
3.549417375,1,0
3.549418375,0,0
3.549420458,1,0
3.549421458,0,0
3.549423583,1,0
3.549424583,0,0
3.549426667,1,0
3.549427667,0,0
3.549429792,1,0
3.549430792,0,0
3.549432875,1,0
3.549433875,0,0
3.549435958,1,0
3.549436958,0,0
3.549439083,1,0
3.549440083,0,0
3.549442167,1,0
3.549443167,0,0
3.549445292,1,0
3.549446292,0,0
3.549448375,1,0
3.549449375,0,0
3.549451500,1,0
3.549452500,0,0
3.549454583,1,0
3.549455583,0,0
3.549457708,1,0
3.549458708,0,0
3.549460792,1,0
3.549461792,0,0
3.549463917,1,0
3.549464917,0,0
3.549467000,1,0
3.549468000,0,0
3.549470125,1,0
3.549471125,0,0
3.549473208,1,0
3.549474208,0,0
3.549476333,1,0
3.549477333,0,0
3.549479417,1,0
3.549480417,0,0
3.549482500,1,0
3.549483500,0,0
3.549485625,1,0
3.549486625,0,0
3.549488708,1,0
3.549489708,0,0
3.549491833,1,0
3.549492833,0,0
3.549494917,1,0
3.549495917,0,0
3.549498042,1,0
3.549499042,0,0
3.549501167,1,0
3.549502167,0,0
3.549503167,0,1
3.549504250,1,1
3.549505250,0,1
3.549506500,1,1
3.549507500,0,1
3.549509667,1,1
3.549510708,0,1
3.549511750,1,1
3.549512833,0,1
3.549513875,1,1
3.549514917,0,1
3.549515958,1,1
3.549517042,0,1
3.549518083,1,1
3.549519167,0,0
3.549520208,1,0
3.549521292,0,0
3.549521583,0,1
3.549522333,1,1
3.549523375,0,1
3.549524542,1,1
3.549525625,0,1
3.549526667,1,1
3.549527708,0,1
3.549528750,1,1
3.549529708,0,1
3.549530750,1,1
3.549531833,0,1
3.549532833,1,1
3.549533917,0,1
3.549534958,1,1
3.549536042,0,1
3.549537083,1,1
3.549538167,0,1
3.549539167,1,1
3.549540250,0,1
3.549541292,1,1
3.549542375,0,1
3.549543375,1,1
3.549544500,0,1
3.549545500,1,1
3.549546583,0,1
3.549547625,1,1
3.549548708,0,1
3.549549708,1,1
3.549550833,0,1
3.549551833,1,1
3.549552917,0,1
3.549553958,1,1
3.549555042,0,1
3.549556042,1,1
3.549557167,0,1
3.549558167,1,1
3.549559250,0,1
3.549560292,1,1
3.549561375,0,1
3.549562375,1,1
3.549563500,0,1
3.549564500,1,1
3.549565583,0,1
3.549566625,1,1
3.549567708,0,1
3.549568708,1,1
3.549569792,0,1
3.549570833,1,1
3.549571917,0,1
3.549572917,1,1
3.549574042,0,1
3.549575042,1,1
3.549576125,0,1
3.549577167,1,1
3.549578250,0,1
3.549579250,1,1
3.549580375,0,1
3.549581375,1,1
3.549582458,0,1
3.549583500,1,1
3.549584583,0,1
3.549585583,1,1
3.549586708,0,1
3.549587708,1,1
3.549588792,0,1
3.549589833,1,1
3.549590917,0,1
3.549592125,1,1
3.549593125,0,1
3.549594208,1,1
3.549595250,0,1
3.549597333,1,1
3.549598375,1,0
3.549599333,0,0
3.549601333,1,0
3.549602292,1,1
3.549605417,1,0
3.549606417,0,0
3.549608500,1,0
3.549609500,0,0
3.549611625,1,0
3.549612625,0,0
3.549613667,0,1
3.549614708,1,1
3.549615708,0,1
3.549616792,0,0
3.549617833,1,0
3.549618792,0,0
3.549620917,1,0
3.549621917,0,0
3.549624042,1,0
3.549625042,0,0
3.549626083,0,1
3.549627125,1,1
3.549628125,0,1
3.549629208,0,0
3.549630208,1,0
3.549631208,0,0
3.549633333,1,0
3.549634333,0,0
3.549636417,1,0
3.549637417,0,0
3.549639542,1,0
3.549640542,0,0
3.549642625,1,0
3.549643625,0,0
3.549645750,1,0
3.549646750,0,0
3.549648833,1,0
3.549649833,0,0
3.549651958,1,0
3.549652958,0,0
3.549655042,1,0
3.549656042,0,0
3.549658167,1,0
3.549659167,0,0
3.549661250,1,0
3.549662250,0,0
3.549664375,1,0
3.549665375,0,0
3.549667458,1,0
3.549668458,0,0
3.549670583,1,0
3.549671583,0,0
3.549673667,1,0
3.549674667,0,0
3.549676792,1,0
3.549677792,0,0
3.549679875,1,0
3.549680875,0,0
3.549683000,1,0
3.549684000,0,0
3.549686083,1,0
3.549687083,0,0
3.549689208,1,0
3.549690208,0,0
3.549692292,1,0
3.549693292,0,0
3.549695417,1,0
3.549696417,0,0
3.549698500,1,0
3.549699500,0,0
3.549701583,1,0
3.549702583,0,0
3.549704708,1,0
3.549705708,0,0
3.549707792,1,0
3.549708792,0,0
3.549710917,1,0
3.549711917,0,0
3.549714000,1,0
3.549715000,0,0
3.549717125,1,0
3.549718125,0,0
3.549720208,1,0
3.549721208,0,0
3.549723333,1,0
3.549724333,0,0
3.549726417,1,0
3.549727417,0,0
3.549729542,1,0
3.549730542,0,0
3.549731542,0,1
3.549732667,1,1
3.549733667,0,1
3.549734875,1,1
3.549735875,0,1
3.549738042,1,1
3.549739083,0,1
3.549740125,1,1
3.549741208,0,1
3.549742250,1,1
3.549743333,0,1
3.549744333,1,1
3.549745458,0,1
3.549746500,1,1
3.549747542,0,0
3.549748583,1,0
3.549749667,0,0
3.549749958,0,1
3.549750708,1,1
3.549751792,0,1
3.549752958,1,1
3.549754000,0,1
3.549755042,1,1
3.549756125,0,1
3.549757125,1,1
3.549758125,0,1
3.549759125,1,1
3.549760208,0,1
3.549761250,1,1
3.549762333,0,1
3.549763333,1,1
3.549764458,0,1
3.549765458,1,1
3.549766542,0,1
3.549767583,1,1
3.549768667,0,1
3.549769667,1,1
3.549770792,0,1
3.549771792,1,1
3.549772875,0,1
3.549773917,1,1
3.549775000,0,1
3.549776000,1,1
3.549777125,0,1
3.549778125,1,1
3.549779208,0,1
3.549780250,1,1
3.549781333,0,1
3.549782333,1,1
3.549783417,0,1
3.549784458,1,1
3.549785542,0,1
3.549786542,1,1
3.549787667,0,1
3.549788667,1,1
3.549789750,0,1
3.549790792,1,1
3.549791875,0,1
3.549792875,1,1
3.549794000,0,1
3.549795000,1,1
3.549796083,0,1
3.549797125,1,1
3.549798208,0,1
3.549799208,1,1
3.549800333,0,1
3.549801333,1,1
3.549802417,0,1
3.549803458,1,1
3.549804542,0,1
3.549805542,1,1
3.549806625,0,1
3.549807667,1,1
3.549808750,0,1
3.549809792,1,1
3.549810875,0,1
3.549811875,1,1
3.549812958,0,1
3.549814000,1,1
3.549815083,0,1
3.549816083,1,1
3.549817208,0,1
3.549818208,1,1
3.549819292,0,1
3.549820500,1,1
3.549821542,0,1
3.549822625,1,1
3.549823625,0,1
3.549825750,1,1
3.549826750,1,0
3.549827750,0,0
3.549829708,1,0
3.549830708,1,1
3.549833833,1,0
3.549834792,0,0
3.549836917,1,0
3.549837917,0,0
3.549840000,1,0
3.549841000,0,0
3.549842083,0,1
3.549843125,1,1
3.549844125,0,1
3.549845167,0,0
3.549846250,1,0
3.549847208,0,0
3.549849292,1,0
3.549850333,0,0
3.549852417,1,0
3.549853417,0,0
3.549854500,0,1
3.549855542,1,1
3.549856542,0,1
3.549857625,0,0
3.549858625,1,0
3.549859625,0,0
3.549861708,1,0
3.549862708,0,0
3.549864833,1,0
3.549865833,0,0
3.549867917,1,0
3.549868917,0,0
3.549871042,1,0
3.549872042,0,0
3.549874125,1,0
3.549875125,0,0
3.549877250,1,0
3.549878250,0,0
3.549880333,1,0
3.549881333,0,0
3.549883458,1,0
3.549884458,0,0
3.549886542,1,0
3.549887542,0,0
3.549889667,1,0
3.549890667,0,0
3.549892750,1,0
3.549893750,0,0
3.549895875,1,0
3.549896875,0,0
3.549898958,1,0
3.549899958,0,0
3.549902083,1,0
3.549903083,0,0
3.549905167,1,0
3.549906167,0,0
3.549908250,1,0
3.549909250,0,0
3.549911375,1,0
3.549912375,0,0
3.549914458,1,0
3.549915458,0,0
3.549917583,1,0
3.549918583,0,0
3.549920667,1,0
3.549921667,0,0
3.549923792,1,0
3.549924792,0,0
3.549926875,1,0
3.549927875,0,0
3.549930000,1,0
3.549931000,0,0
3.549933083,1,0
3.549934083,0,0
3.549936208,1,0
3.549937208,0,0
3.549939292,1,0
3.549940292,0,0
3.549942417,1,0
3.549943417,0,0
3.549945500,1,0
3.549946500,0,0
3.549948625,1,0
3.549949625,0,0
3.549951708,1,0
3.549952708,0,0
3.549954792,1,0
3.549955792,0,0
3.549957958,1,0
3.549958917,0,0
3.549959958,0,1
3.549961042,1,1
3.549962042,0,1
3.549963250,1,1
3.549964292,0,1
3.549966417,1,1
3.549967500,0,1
3.549968542,1,1
3.549969583,0,1
3.549970625,1,1
3.549971708,0,1
3.549972750,1,1
3.549973833,0,1
3.549974875,1,1
3.549975917,0,1
3.549975958,0,0
3.549977000,1,0
3.549978042,0,0
3.549978417,0,1
3.549979083,1,1
3.549980167,0,1
3.549981333,1,1
3.549982375,0,1
3.549983417,1,1
3.549984500,0,1
3.549985500,1,1
3.549986500,0,1
3.549987500,1,1
3.549988583,0,1
3.549989625,1,1
3.549990708,0,1
3.549991708,1,1
3.549992833,0,1
3.549993833,1,1
3.549994917,0,1
3.549995958,1,1
3.549997042,0,1
3.549998042,1,1
3.549999125,0,1
3.550000167,1,1
3.550001250,0,1
3.550002292,1,1
3.550003375,0,1
3.550004375,1,1
3.550005458,0,1
3.550006500,1,1
3.550007583,0,1
3.550008583,1,1
3.550009708,0,1
3.550010708,1,1
3.550011792,0,1
3.550012833,1,1
3.550013917,0,1
3.550014917,1,1
3.550016000,0,1
3.550017042,1,1
3.550018125,0,1
3.550019167,1,1
3.550020250,0,1
3.550021250,1,1
3.550022333,0,1
3.550023375,1,1
3.550024458,0,1
3.550025458,1,1
3.550026583,0,1
3.550027583,1,1
3.550028667,0,1
3.550029708,1,1
3.550030792,0,1
3.550031792,1,1
3.550032917,0,1
3.550033917,1,1
3.550035000,0,1
3.550036042,1,1
3.550037125,0,1
3.550038125,1,1
3.550039208,0,1
3.550040250,1,1
3.550041333,0,1
3.550042333,1,1
3.550043458,0,1
3.550044458,1,1
3.550045542,0,1
3.550046583,1,1
3.550047667,0,1
3.550048875,1,1
3.550049875,0,1
3.550051000,1,1
3.550052000,0,1
3.550054125,1,1
3.550055125,1,0
3.550056125,0,0
3.550058083,1,0
3.550059083,1,1
3.550062167,1,0
3.550063167,0,0
3.550065250,1,0
3.550066250,0,0
3.550068375,1,0
3.550069375,0,0
3.550070417,0,1
3.550071458,1,1
3.550072500,0,1
3.550073542,0,0
3.550074583,1,0
3.550075583,0,0
3.550077667,1,0
3.550078667,0,0
3.550080792,1,0
3.550081792,0,0
3.550082833,0,1
3.550083875,1,1
3.550084917,0,1
3.550086000,0,0
3.550086958,1,0
3.550088000,0,0
3.550090083,1,0
3.550091083,0,0
3.550093167,1,0
3.550094208,0,0
3.550096292,1,0
3.550097292,0,0
3.550099375,1,0
3.550100375,0,0
3.550102500,1,0
3.550103500,0,0
3.550105583,1,0
3.550106583,0,0
3.550108708,1,0
3.550109708,0,0
3.550111792,1,0
3.550112792,0,0
3.550114917,1,0
3.550115917,0,0
3.550118000,1,0
3.550119000,0,0
3.550121125,1,0
3.550122125,0,0
3.550124208,1,0
3.550125208,0,0
3.550127333,1,0
3.550128333,0,0
3.550130417,1,0
3.550131417,0,0
3.550133542,1,0
3.550134542,0,0
3.550136625,1,0
3.550137625,0,0
3.550139750,1,0
3.550140750,0,0
3.550142833,1,0
3.550143833,0,0
3.550145917,1,0
3.550146917,0,0
3.550149042,1,0
3.550150042,0,0
3.550152125,1,0
3.550153125,0,0
3.550155250,1,0
3.550156250,0,0
3.550158333,1,0
3.550159333,0,0
3.550161458,1,0
3.550162458,0,0
3.550164542,1,0
3.550165542,0,0
3.550167667,1,0
3.550168667,0,0
3.550170750,1,0
3.550171750,0,0
3.550173875,1,0
3.550174875,0,0
3.550176958,1,0
3.550177958,0,0
3.550180083,1,0
3.550181083,0,0
3.550183167,1,0
3.550184167,0,0
3.550186292,1,0
3.550187292,0,0
3.550188292,0,1
3.550189417,1,1
3.550190417,0,1
3.550191625,1,1
3.550192625,0,1
3.550194792,1,1
3.550195833,0,1
3.550196875,1,1
3.550197958,0,1
3.550199000,1,1
3.550200042,0,1
3.550201083,1,1
3.550202208,0,1
3.550203208,1,1
3.550204292,0,0
3.550205333,1,0
3.550206417,0,0
3.550206792,0,1
3.550207458,1,1
3.550208500,0,1
3.550209667,1,1
3.550210750,0,1
3.550211792,1,1
3.550212833,0,1
3.550213875,1,1
3.550214833,0,1
3.550215875,1,1
3.550216958,0,1
3.550217958,1,1
3.550219083,0,1
3.550220083,1,1
3.550221167,0,1
3.550222208,1,1
3.550223292,0,1
3.550224292,1,1
3.550225417,0,1
3.550226417,1,1
3.550227500,0,1
3.550228542,1,1
3.550229625,0,1
3.550230625,1,1
3.550231708,0,1
3.550232750,1,1
3.550233833,0,1
3.550234833,1,1
3.550235958,0,1
3.550236958,1,1
3.550238042,0,1
3.550239083,1,1
3.550240167,0,1
3.550241167,1,1
3.550242292,0,1
3.550243292,1,1
3.550244375,0,1
3.550245417,1,1
3.550246500,0,1
3.550247500,1,1
3.550248625,0,1
3.550249625,1,1
3.550250708,0,1
3.550251750,1,1
3.550252833,0,1
3.550253833,1,1
3.550254958,0,1
3.550255958,1,1
3.550257042,0,1
3.550258083,1,1
3.550259167,0,1
3.550260167,1,1
3.550261292,0,1
3.550262292,1,1
3.550263375,0,1
3.550264417,1,1
3.550265500,0,1
3.550266500,1,1
3.550267625,0,1
3.550268625,1,1
3.550269708,0,1
3.550270750,1,1
3.550271833,0,1
3.550272833,1,1
3.550273917,0,1
3.550274958,1,1
3.550276042,0,1
3.550277250,1,1
3.550278250,0,1
3.550279375,1,1
3.550280375,0,1
3.550282500,1,1
3.550283500,1,0
3.550284500,0,0
3.550286458,1,0
3.550287458,1,1
3.550290542,1,0
3.550291542,0,0
3.550293625,1,0
3.550294625,0,0
3.550296750,1,0
3.550297750,0,0
3.550298792,0,1
3.550299875,1,1
3.550300875,0,1
3.550301917,0,0
3.550302958,1,0
3.550303958,0,0
3.550306042,1,0
3.550307083,0,0
3.550309167,1,0
3.550310167,0,0
3.550311208,0,1
3.550312292,1,1
3.550313292,0,1
3.550314375,0,0
3.550315375,1,0
3.550316375,0,0
3.550318458,1,0
3.550319458,0,0
3.550321583,1,0
3.550322583,0,0
3.550324667,1,0
3.550325667,0,0
3.550327792,1,0
3.550328792,0,0
3.550330875,1,0
3.550331875,0,0
3.550333958,1,0
3.550334958,0,0
3.550337083,1,0
3.550338083,0,0
3.550340167,1,0
3.550341167,0,0
3.550343292,1,0
3.550344292,0,0
3.550346375,1,0
3.550347375,0,0
3.550349500,1,0
3.550350500,0,0
3.550352583,1,0
3.550353583,0,0
3.550355708,1,0
3.550356708,0,0
3.550358792,1,0
3.550359792,0,0
3.550361917,1,0
3.550362917,0,0
3.550365000,1,0
3.550366000,0,0
3.550368125,1,0
3.550369125,0,0
3.550371208,1,0
3.550372208,0,0
3.550374333,1,0
3.550375333,0,0
3.550377417,1,0
3.550378417,0,0
3.550380500,1,0
3.550381500,0,0
3.550383625,1,0
3.550384625,0,0
3.550386708,1,0
3.550387708,0,0
3.550389833,1,0
3.550390833,0,0
3.550392917,1,0
3.550393917,0,0
3.550396042,1,0
3.550397042,0,0
3.550399125,1,0
3.550400125,0,0
3.550402250,1,0
3.550403250,0,0
3.550405333,1,0
3.550406333,0,0
3.550408458,1,0
3.550409458,0,0
3.550411542,1,0
3.550412542,0,0
3.550414667,1,0
3.550415667,0,0
3.550416667,0,1
3.550417792,1,1
3.550418792,0,1
3.550420000,1,1
3.550421000,0,1
3.550423167,1,1
3.550424208,0,1
3.550425250,1,1
3.550426333,0,1
3.550427375,1,1
3.550428417,0,1
3.550429458,1,1
3.550430542,0,1
3.550431583,1,1
3.550432667,0,0
3.550433708,1,0
3.550434792,0,0
3.550435083,0,1
3.550435833,1,1
3.550436875,0,1
3.550438042,1,1
3.550439125,0,1
3.550440167,1,1
3.550441208,0,1
3.550442250,1,1
3.550443208,0,1
3.550444250,1,1
3.550445333,0,1
3.550446333,1,1
3.550447458,0,1
3.550448458,1,1
3.550449542,0,1
3.550450583,1,1
3.550451667,0,1
3.550452667,1,1
3.550453792,0,1
3.550454792,1,1
3.550455875,0,1
3.550456917,1,1
3.550458000,0,1
3.550459000,1,1
3.550460083,0,1
3.550461125,1,1
3.550462208,0,1
3.550463250,1,1
3.550464333,0,1
3.550465333,1,1
3.550466417,0,1
3.550467458,1,1
3.550468542,0,1
3.550469542,1,1
3.550470667,0,1
3.550471667,1,1
3.550472750,0,1
3.550473792,1,1
3.550474875,0,1
3.550475875,1,1
3.550477000,0,1
3.550478000,1,1
3.550479083,0,1
3.550480125,1,1
3.550481208,0,1
3.550482208,1,1
3.550483333,0,1
3.550484333,1,1
3.550485417,0,1
3.550486458,1,1
3.550487542,0,1
3.550488542,1,1
3.550489625,0,1
3.550490667,1,1
3.550491750,0,1
3.550492792,1,1
3.550493875,0,1
3.550494875,1,1
3.550495958,0,1
3.550497000,1,1
3.550498083,0,1
3.550499125,1,1
3.550500208,0,1
3.550501208,1,1
3.550502292,0,1
3.550503333,1,1
3.550504417,0,1
3.550505625,1,1
3.550506625,0,1
3.550507708,1,1
3.550508750,0,1
3.550510875,1,1
3.550511875,1,0
3.550512875,0,0
3.550514833,1,0
3.550515833,1,1
3.550518917,1,0
3.550519917,0,0
3.550522000,1,0
3.550523042,0,0
3.550525125,1,0
3.550526125,0,0
3.550527167,0,1
3.550528250,1,1
3.550529250,0,1
3.550530292,0,0
3.550531333,1,0
3.550532333,0,0
3.550534417,1,0
3.550535417,0,0
3.550537542,1,0
3.550538542,0,0
3.550539583,0,1
3.550540625,1,1
3.550541667,0,1
3.550542750,0,0
3.550543750,1,0
3.550544750,0,0
3.550546833,1,0
3.550547833,0,0
3.550549958,1,0
3.550550958,0,0
3.550553042,1,0
3.550554042,0,0
3.550556167,1,0
3.550557167,0,0
3.550559250,1,0
3.550560250,0,0
3.550562375,1,0
3.550563375,0,0
3.550565458,1,0
3.550566458,0,0
3.550568583,1,0
3.550569583,0,0
3.550571667,1,0
3.550572667,0,0
3.550574750,1,0
3.550575792,0,0
3.550577875,1,0
3.550578875,0,0
3.550581000,1,0
3.550582000,0,0
3.550584083,1,0
3.550585083,0,0
3.550587167,1,0
3.550588167,0,0
3.550590292,1,0
3.550591292,0,0
3.550593375,1,0
3.550594375,0,0
3.550596500,1,0
3.550597500,0,0
3.550599583,1,0
3.550600583,0,0
3.550602708,1,0
3.550603708,0,0
3.550605792,1,0
3.550606792,0,0
3.550608917,1,0
3.550609917,0,0
3.550612000,1,0
3.550613000,0,0
3.550615125,1,0
3.550616125,0,0
3.550618208,1,0
3.550619208,0,0
3.550621333,1,0
3.550622333,0,0
3.550624417,1,0
3.550625417,0,0
3.550627542,1,0
3.550628542,0,0
3.550630625,1,0
3.550631625,0,0
3.550633750,1,0
3.550634750,0,0
3.550636833,1,0
3.550637833,0,0
3.550639917,1,0
3.550640958,0,0
3.550643083,1,0
3.550644042,0,0
3.550645083,0,1
3.550646167,1,1
3.550647167,0,1
3.550648375,1,1
3.550649417,0,1
3.550651542,1,1
3.550652625,0,1
3.550653667,1,1
3.550654708,0,1
3.550655750,1,1
3.550656833,0,1
3.550657875,1,1
3.550658958,0,1
3.550660000,1,1
3.550661042,0,1
3.550661083,0,0
3.550662125,1,0
3.550663167,0,0
3.550663542,0,1
3.550664208,1,1
3.550665292,0,1
3.550666458,1,1
3.550667500,0,1
3.550668542,1,1
3.550669625,0,1
3.550670625,1,1
3.550671625,0,1
3.550672625,1,1
3.550673708,0,1
3.550674750,1,1
3.550675833,0,1
3.550676833,1,1
3.550677958,0,1
3.550678958,1,1
3.550680042,0,1
3.550681083,1,1
3.550682167,0,1
3.550683167,1,1
3.550684292,0,1
3.550685292,1,1
3.550686375,0,1
3.550687417,1,1
3.550688500,0,1
3.550689500,1,1
3.550690625,0,1
3.550691625,1,1
3.550692708,0,1
3.550693750,1,1
3.550694833,0,1
3.550695833,1,1
3.550696958,0,1
3.550697958,1,1
3.550699042,0,1
3.550700083,1,1
3.550701167,0,1
3.550702167,1,1
3.550703250,0,1
3.550704292,1,1
3.550705375,0,1
3.550706375,1,1
3.550707500,0,1
3.550708500,1,1
3.550709583,0,1
3.550710625,1,1
3.550711708,0,1
3.550712708,1,1
3.550713833,0,1
3.550714833,1,1
3.550715917,0,1
3.550716958,1,1
3.550718042,0,1
3.550719042,1,1
3.550720125,0,1
3.550721167,1,1
3.550722250,0,1
3.550723292,1,1
3.550724375,0,1
3.550725375,1,1
3.550726458,0,1
3.550727500,1,1
3.550728583,0,1
3.550729625,1,1
3.550730708,0,1
3.550731708,1,1
3.550732792,0,1
3.550734000,1,1
3.550735042,0,1
3.550736125,1,1
3.550737125,0,1
3.550739250,1,1
3.550740250,1,0
3.550741250,0,0
3.550743208,1,0
3.550744208,1,1
3.550747333,1,0
3.550748292,0,0
3.550750417,1,0
3.550751417,0,0
3.550753500,1,0
3.550754542,0,0
3.550755583,0,1
3.550756625,1,1
3.550757625,0,1
3.550758667,0,0
3.550759708,1,0
3.550760708,0,0
3.550762792,1,0
3.550763833,0,0
3.550765917,1,0
3.550766917,0,0
3.550768000,0,1
3.550769042,1,1
3.550770042,0,1
3.550771125,0,0
3.550772125,1,0
3.550773125,0,0
3.550775208,1,0
3.550776208,0,0
3.550778333,1,0
3.550779333,0,0
3.550781417,1,0
3.550782417,0,0
3.550784542,1,0
3.550785542,0,0
3.550787625,1,0
3.550788625,0,0
3.550790750,1,0
3.550791750,0,0
3.550793833,1,0
3.550794833,0,0
3.550796958,1,0
3.550797958,0,0
3.550800042,1,0
3.550801083,0,0
3.550803167,1,0
3.550804167,0,0
3.550806250,1,0
3.550807250,0,0
3.550809375,1,0
3.550810375,0,0
3.550812458,1,0
3.550813458,0,0
3.550815583,1,0
3.550816583,0,0
3.550818667,1,0
3.550819667,0,0
3.550821792,1,0
3.550822792,0,0
3.550824875,1,0
3.550825875,0,0
3.550828000,1,0
3.550829000,0,0
3.550831083,1,0
3.550832083,0,0
3.550834208,1,0
3.550835208,0,0
3.550837292,1,0
3.550838292,0,0
3.550840417,1,0
3.550841417,0,0
3.550843500,1,0
3.550844500,0,0
3.550846625,1,0
3.550847625,0,0
3.550849708,1,0
3.550850708,0,0
3.550852833,1,0
3.550853833,0,0
3.550855917,1,0
3.550856917,0,0
3.550859042,1,0
3.550860042,0,0
3.550862125,1,0
3.550863125,0,0
3.550865250,1,0
3.550866250,0,0
3.550868333,1,0
3.550869333,0,0
3.550871458,1,0
3.550872458,0,0
3.550873458,0,1
3.550874583,1,1
3.550875583,0,1
3.550876792,1,1
3.550877792,0,1
3.550879958,1,1
3.550881000,0,1
3.550882042,1,1
3.550883125,0,1
3.550884167,1,1
3.550885208,0,1
3.550886250,1,1
3.550887333,0,1
3.550888375,1,1
3.550889458,0,0
3.550890500,1,0
3.550891583,0,0
3.550891958,0,1
3.550892625,1,1
3.550893667,0,1
3.550894833,1,1
3.550895917,0,1
3.550896958,1,1
3.550898000,0,1
3.550899042,1,1
3.550900000,0,1
3.550901042,1,1
3.550902125,0,1
3.550903125,1,1
3.550904250,0,1
3.550905250,1,1
3.550906333,0,1
3.550907375,1,1
3.550908458,0,1
3.550909458,1,1
3.550910542,0,1
3.550911583,1,1
3.550912667,0,1
3.550913708,1,1
3.550914792,0,1
3.550915792,1,1
3.550916875,0,1
3.550917917,1,1
3.550919000,0,1
3.550920000,1,1
3.550921125,0,1
3.550922125,1,1
3.550923208,0,1
3.550924250,1,1
3.550925333,0,1
3.550926375,1,1
3.550927458,0,1
3.550928458,1,1
3.550929542,0,1
3.550930583,1,1
3.550931667,0,1
3.550932667,1,1
3.550933792,0,1
3.550934792,1,1
3.550935875,0,1
3.550936917,1,1
3.550938000,0,1
3.550939000,1,1
3.550940083,0,1
3.550941125,1,1
3.550942208,0,1
3.550943250,1,1
3.550944333,0,1
3.550945333,1,1
3.550946417,0,1
3.550947458,1,1
3.550948542,0,1
3.550949542,1,1
3.550950667,0,1
3.550951667,1,1
3.550952750,0,1
3.550953792,1,1
3.550954875,0,1
3.550955875,1,1
3.550956958,0,1
3.550958000,1,1
3.550959083,0,1
3.550960125,1,1
3.550961208,0,1
3.550962417,1,1
3.550963417,0,1
3.550964500,1,1
3.550965542,0,1
3.550967625,1,1
3.550968667,1,0
3.550969667,0,0
3.550971625,1,0
3.550972583,1,1
3.550977167,0,1
3.550978792,1,1
3.550979042,0,1
3.550980667,1,1
3.550981042,0,1
3.550982583,1,1
3.550983083,0,1
3.550984500,1,1
3.550985125,0,1
3.550986417,1,1
3.550987167,0,1
3.550988375,1,1
3.550989125,0,1
3.550990417,1,1
3.550991083,0,1
3.550992500,1,1
3.550993000,0,1
3.550994833,1,1
3.550994875,0,1
3.550995083,0,0
3.550997500,0,1
3.550998708,1,1
3.550998875,0,1
3.551000625,1,1
3.551000875,0,1
3.551002500,1,1
3.551002917,0,1
3.551004417,1,1
3.551004917,0,1
3.551006333,1,1
3.551006958,0,1
3.551008250,1,1
3.551009000,0,1
3.551010208,1,1
3.551011000,0,1
3.551012250,1,1
3.551012917,0,1
3.551014333,1,1
3.551014833,0,1
3.551016667,1,1
3.551016708,0,1
3.551020625,1,1
3.551020667,0,1
3.551022458,1,1
3.551022708,0,1
3.551024333,1,1
3.551024750,0,1
3.551026250,1,1
3.551026792,0,1
3.551028125,1,1
3.551028833,0,1
3.551030083,1,1
3.551030833,0,1
3.551032083,1,1
3.551032792,0,1
3.551034125,1,1
3.551034750,0,1
3.551036292,1,1
3.551036625,0,1
3.551042417,1,1
3.551042542,0,1
3.551044292,1,1
3.551044583,0,1
3.551046167,1,1
3.551046625,0,1
3.551048042,1,1
3.551048625,0,1
3.551050000,1,1
3.551050667,0,1
3.551051917,1,1
3.551052708,0,1
3.551053917,1,1
3.551054667,0,1
3.551055958,1,1
3.551056583,0,1
3.551058083,1,1
3.551058458,0,1
3.551064292,1,1
3.551064375,0,1
3.551066125,1,1
3.551066417,0,1
3.551068000,1,1
3.551068458,0,1
3.551069917,1,1
3.551070500,0,1
3.551071833,1,1
3.551072500,0,1
3.551073750,1,1
3.551074542,0,1
3.551075750,1,1
3.551076500,0,1
3.551077792,1,1
3.551078417,0,1
3.551079917,1,1
3.551080333,0,1
3.551086083,1,1
3.551086208,0,1
3.551087958,1,1
3.551088250,0,1
3.551089833,1,1
3.551090292,0,1
3.551091750,1,1
3.551092333,0,1
3.551093667,1,1
3.551094375,0,1
3.551095625,1,1
3.551096375,0,1
3.551097625,1,1
3.551098333,0,1
3.551099708,1,1
3.551100250,0,1
3.551101917,1,1
3.551102125,0,1
3.551107875,1,1
3.551108083,0,1
3.551109750,1,1
3.551110125,0,1
3.551111625,1,1
3.551112167,0,1
3.551113542,1,1
3.551114208,0,1
3.551115500,1,1
3.551116208,0,1
3.551117458,1,1
3.551118208,0,1
3.551119500,1,1
3.551120125,0,1
3.551121667,1,1
3.551122000,0,1
3.551127833,1,1
3.551127917,0,1
3.551129667,1,1
3.551129958,0,1
3.551131542,1,1
3.551132000,0,1
3.551133458,1,1
3.551134042,0,1
3.551135375,1,1
3.551136083,0,1
3.551137333,1,1
3.551138083,0,1
3.551139292,1,1
3.551140042,0,1
3.551141375,1,1
3.551141958,0,1
3.551143542,1,1
3.551143833,0,1
3.551149625,1,1
3.551149792,0,1
3.551151500,1,1
3.551151833,0,1
3.551153375,1,1
3.551153875,0,1
3.551155292,1,1
3.551155875,0,1
3.551157208,1,1
3.551157917,0,1
3.551159167,1,1
3.551159917,0,1
3.551161167,1,1
3.551161875,0,1
3.551163250,1,1
3.551163792,0,1
3.551165500,1,1
3.551165667,0,1
3.551171458,1,1
3.551171625,0,1
3.551173292,1,1
3.551173667,0,1
3.551176417,1,1
3.551183875,1,0
3.551184833,0,0
3.551185917,0,1
3.551186917,1,1
3.551187958,0,1
3.551189042,1,1
3.551190083,0,1
3.551191167,1,1
3.551192167,0,1
3.551193250,1,1
3.551194292,0,1
3.551195375,1,1
3.551196417,0,1
3.551197500,1,1
3.551198500,0,1
3.551198583,0,0
3.551199583,1,0
3.551200625,0,0
3.551200667,0,1
3.551201708,1,1
3.551202708,0,1
3.551203833,1,1
3.551204833,0,1
3.551205958,1,1
3.551206958,0,0
3.551208042,1,0
3.551209167,0,0
3.551209917,0,1
3.551210292,1,1
3.551211292,0,1
3.551211375,0,0
3.551212417,1,0
3.551213375,0,0
3.551214083,0,1
3.551214500,1,1
3.551215542,0,1
3.551215625,0,0
3.551217750,1,0
3.551218750,0,0
3.551218833,0,1
3.551219833,1,1
3.551220833,0,1
3.551220917,0,0
3.551221958,1,0
3.551222958,0,0
3.551223042,0,1
3.551224042,1,1
3.551225083,0,1
3.551226167,1,1
3.551227208,0,1
3.551227250,0,0
3.551228292,1,0
3.551229292,0,0
3.551229375,0,1
3.551230375,1,1
3.551231417,0,1
3.551231500,0,0
3.551232500,1,0
3.551233500,0,0
3.551233583,0,1
3.551234625,1,1
3.551235625,0,1
3.551235708,0,0
3.551236708,1,0
3.551237750,0,0
3.551237833,0,1
3.551238833,1,1
3.551239833,0,1
3.551239917,0,0
3.551240958,1,0
3.551241958,0,0
3.551243083,1,0
3.551244042,0,0
3.551244125,0,1
3.551245167,1,1
3.551246167,0,1
3.551246250,0,0
3.551247292,1,0
3.551248292,0,0
3.551248375,0,1
3.551249375,1,1
3.551250417,0,1
3.551250458,0,0
3.551251500,1,0
3.551252500,0,0
3.551253583,1,0
3.551254625,0,0
3.551255708,1,0
3.551256708,0,0
3.551257833,1,0
3.551258833,0,0
3.551259958,1,0
3.551260958,0,0
3.551261042,0,1
3.551262042,1,1
3.551263042,0,1
3.551263125,0,0
3.551264167,1,0
3.551265167,0,0
3.551266292,1,0
3.551267292,0,0
3.551268375,1,0
3.551269417,0,0
3.551270500,1,0
3.551271500,0,0
3.551272583,1,0
3.551273625,0,0
3.551274708,1,0
3.551275708,0,0
3.551276833,1,0
3.551277833,0,0
3.551278958,1,0
3.551279917,0,0
3.551281042,1,0
3.551282042,0,0
3.551283167,1,0
3.551284167,0,0
3.551284250,0,1
3.551285250,1,1
3.551286292,0,1
3.551287375,1,1
3.551288375,0,0
3.551289375,1,0
3.551290500,0,0
3.551291000,0,1
3.551291583,1,1
3.551292583,0,1
3.551293708,1,1
3.551294708,0,1
3.551295792,1,1
3.551296833,0,1
3.551297917,0,0
3.551298917,1,0
3.551299917,1,1
3.551308375,1,0
3.551309375,0,0
3.551310417,0,1
3.551311458,1,1
3.551312458,0,1
3.551313583,1,1
3.551314583,0,1
3.551315667,1,1
3.551316667,0,1
3.551317792,1,1
3.551318792,0,1
3.551319917,1,1
3.551320917,0,1
3.551321000,0,0
3.551322000,1,0
3.551323042,0,0
3.551323083,0,1
3.551324125,1,1
3.551325125,0,1
3.551326208,1,1
3.551327250,0,1
3.551328375,1,1
3.551329333,0,1
3.551330458,1,1
3.551331458,0,0
3.551332458,1,0
3.551333583,0,0
3.551334125,0,1
3.551334667,1,1
3.551335667,0,1
3.551335792,0,0
3.551336792,1,0
3.551337792,0,0
3.551338583,0,1
3.551338875,1,1
3.551339875,0,1
3.551340000,0,0
3.551342125,1,0
3.551343125,0,0
3.551343208,0,1
3.551344208,1,1
3.551345250,0,1
3.551345292,0,0
3.551346333,1,0
3.551347333,0,0
3.551347417,0,1
3.551348458,1,1
3.551349458,0,1
3.551350583,1,1
3.551351583,0,1
3.551351625,0,0
3.551352667,1,0
3.551353667,0,0
3.551353750,0,1
3.551354792,1,1
3.551355792,0,1
3.551355875,0,0
3.551356917,1,0
3.551357875,0,0
3.551357958,0,1
3.551359000,1,1
3.551360000,0,1
3.551360083,0,0
3.551361125,1,0
3.551362125,0,0
3.551362208,0,1
3.551363208,1,1
3.551364208,0,1
3.551364292,0,0
3.551365333,1,0
3.551366333,0,0
3.551367458,1,0
3.551368458,0,0
3.551368542,0,1
3.551369542,1,1
3.551370583,0,1
3.551370625,0,0
3.551371667,1,0
3.551372667,0,0
3.551372750,0,1
3.551373792,1,1
3.551374792,0,1
3.551374833,0,0
3.551375875,1,0
3.551376917,0,0
3.551378000,1,0
3.551379000,0,0
3.551380083,1,0
3.551381125,0,0
3.551382208,1,0
3.551383208,0,0
3.551384333,1,0
3.551385333,0,0
3.551385417,0,1
3.551386417,1,1
3.551387458,0,1
3.551387500,0,0
3.551388542,1,0
3.551389542,0,0
3.551390667,1,0
3.551391667,0,0
3.551392792,1,0
3.551393750,0,0
3.551394875,1,0
3.551395875,0,0
3.551397000,1,0
3.551398000,0,0
3.551399083,1,0
3.551400125,0,0
3.551401208,1,0
3.551402208,0,0
3.551403292,1,0
3.551404333,0,0
3.551405417,1,0
3.551406417,0,0
3.551407542,1,0
3.551408542,0,0
3.551408625,0,1
3.551409667,1,1
3.551410667,0,1
3.551411750,1,1
3.551412750,0,0
3.551413750,1,0
3.551414875,0,0
3.551415375,0,1
3.551415958,1,1
3.551417000,0,1
3.551418083,1,1
3.551419083,0,1
3.551420208,1,1
3.551421208,0,1
3.551422333,0,0
3.551423292,1,0
3.551424292,1,1
3.551430125,1,0
3.551431125,0,0
3.551433250,1,0
3.551434250,0,0
3.551435333,1,0
3.551436333,0,0
3.551436458,0,1
3.551437458,1,1
3.551438458,0,1
3.551438542,0,0
3.551439542,1,0
3.551440583,0,0
3.551441667,1,0
3.551442708,0,0
3.551443792,1,0
3.551444792,0,0
3.551444875,0,1
3.551445917,1,1
3.551446917,0,1
3.551446958,0,0
3.551448000,1,0
3.551449000,0,0
3.551449125,1,0
3.551450125,0,0
3.551450750,0,1
3.551451250,1,1
3.551452250,0,0
3.551453250,1,0
3.551454333,0,0
3.551454875,0,1
3.551455458,1,1
3.551456458,0,1
3.551456583,0,0
3.551457583,1,0
3.551458583,0,0
3.551459083,0,1
3.551459667,1,1
3.551460667,0,0
3.551462667,1,0
3.551463792,0,0
3.551464750,1,0
3.551465875,0,0
3.551466875,1,0
3.551467958,0,0
3.551468958,1,0
3.551470125,0,0
3.551471083,1,0
3.551472208,0,0
3.551473208,1,0
3.551474333,0,0
3.551475292,1,0
3.551476417,0,0
3.551477417,1,0
3.551478542,0,0
3.551479542,1,0
3.551480667,0,0
3.551481625,1,0
3.551482750,0,0
3.551483750,1,0
3.551484875,0,0
3.551485833,1,0
3.551487000,0,0
3.551488000,1,0
3.551489083,0,0
3.551490083,1,0
3.551491208,0,0
3.551492208,1,0
3.551493292,0,0
3.551494292,1,0
3.551495417,0,0
3.551496417,1,0
3.551497542,0,0
3.551498542,1,0
3.551499625,0,0
3.551500625,1,0
3.551501750,0,0
3.551502750,1,0
3.551503875,0,1
3.551504875,1,1
3.551505958,0,1
3.551506958,1,1
3.551508083,0,0
3.551509083,1,0
3.551510208,0,0
3.551511208,1,0
3.551512292,0,1
3.551513292,1,1
3.551514417,0,0
3.551515417,1,0
3.551516542,0,0
3.551517500,1,0
3.551518625,0,0
3.551519625,1,0
3.551520750,0,0
3.551521750,1,0
3.551522875,0,0
3.551523833,1,0
3.551524958,0,1
3.551525958,1,1
3.551527083,0,0
3.551528083,1,0
3.551529167,0,0
3.551530208,1,0
3.551531292,0,0
3.551532042,0,1
3.551532417,1,1
3.551533417,0,0
3.551534542,1,0
3.551535667,0,0
3.551536292,0,1
3.551537750,1,1
3.551538750,0,1
3.551539875,1,1
3.551540875,0,1
3.551541958,1,1
3.551542958,0,1
3.551544083,0,0
3.551545083,1,0
3.551546083,1,1
3.551554625,1,0
3.551555667,0,0
3.551557708,1,0
3.551558750,0,0
3.551559833,1,0
3.551560833,0,0
3.551560917,0,1
3.551561958,1,1
3.551562958,0,1
3.551563042,0,0
3.551564042,1,0
3.551565083,0,0
3.551566167,1,0
3.551567208,0,0
3.551568292,1,0
3.551569292,0,0
3.551570375,1,0
3.551571417,0,0
3.551571500,0,1
3.551572500,1,1
3.551573500,0,1
3.551573583,0,0
3.551574625,1,0
3.551575625,0,0
3.551576333,0,1
3.551576708,1,1
3.551577750,0,0
3.551578833,1,0
3.551580000,0,0
3.551580542,0,1
3.551581083,1,1
3.551582083,0,1
3.551582208,0,0
3.551583167,1,0
3.551584208,0,0
3.551584750,0,1
3.551585292,1,1
3.551586292,0,1
3.551586417,0,0
3.551587500,0,1
3.551588500,1,1
3.551589542,0,1
3.551589583,0,0
3.551590625,1,0
3.551591625,0,0
3.551592750,1,0
3.551593750,0,0
3.551594875,1,0
3.551595833,0,0
3.551596958,1,0
3.551597958,0,0
3.551599083,1,0
3.551600083,0,0
3.551601167,1,0
3.551602208,0,0
3.551603292,1,0
3.551604292,0,0
3.551605417,1,0
3.551606417,0,0
3.551607500,1,0
3.551608500,0,0
3.551609625,1,0
3.551610625,0,0
3.551611750,1,0
3.551612750,0,0
3.551613833,1,0
3.551614833,0,0
3.551615958,1,0
3.551616958,0,0
3.551618042,1,0
3.551619083,0,0
3.551620167,1,0
3.551621167,0,0
3.551622292,1,0
3.551623292,0,0
3.551624417,1,0
3.551625375,0,0
3.551626500,1,0
3.551627500,0,0
3.551628625,1,0
3.551629625,0,0
3.551630708,1,0
3.551631750,0,0
3.551632833,1,0
3.551633833,0,0
3.551634917,1,0
3.551635958,0,0
3.551637042,1,0
3.551638042,0,0
3.551639167,1,0
3.551640167,0,0
3.551641292,1,0
3.551642292,0,0
3.551643375,1,0
3.551644417,0,0
3.551645500,1,0
3.551646500,0,0
3.551647583,1,0
3.551648625,0,0
3.551649708,1,0
3.551650708,0,0
3.551651833,1,0
3.551652833,0,0
3.551652917,0,1
3.551653917,1,1
3.551654958,0,1
3.551655042,0,0
3.551656042,1,0
3.551657042,0,0
3.551657833,0,1
3.551658167,1,1
3.551659125,0,1
3.551659167,0,0
3.551660167,1,0
3.551661250,0,0
3.551661958,0,1
3.551662375,1,1
3.551663375,0,1
3.551664458,1,1
3.551665458,0,1
3.551666583,1,1
3.551667583,0,1
3.551668708,0,0
3.551669708,1,0
3.551670667,1,1
3.551679125,1,0
3.551680125,0,0
3.551682208,1,0
3.551683250,0,0
3.551684333,1,0
3.551685375,0,0
3.551685417,0,1
3.551686417,1,1
3.551687458,0,1
3.551687542,0,0
3.551688542,1,0
3.551689583,0,0
3.551690667,1,0
3.551691667,0,0
3.551692750,1,0
3.551693792,0,0
3.551694875,1,0
3.551695917,0,0
3.551695958,0,1
3.551697000,1,1
3.551698000,0,1
3.551698083,0,0
3.551699125,1,0
3.551700125,0,0
3.551700792,0,1
3.551701208,1,1
3.551702208,0,0
3.551703208,1,0
3.551704333,0,0
3.551705042,0,1
3.551705458,1,1
3.551706417,0,1
3.551706542,0,0
3.551707542,1,0
3.551708542,0,0
3.551709167,0,1
3.551709667,1,1
3.551710667,0,1
3.551710750,0,0
3.551711833,0,1
3.551712875,1,1
3.551713875,0,1
3.551713958,0,0
3.551715000,1,0
3.551716000,0,0
3.551717125,1,0
3.551718125,0,0
3.551719208,1,0
3.551720250,0,0
3.551721333,1,0
3.551722333,0,0
3.551723417,1,0
3.551724458,0,0
3.551725542,1,0
3.551726542,0,0
3.551727625,1,0
3.551728667,0,0
3.551729750,1,0
3.551730750,0,0
3.551731875,1,0
3.551732875,0,0
3.551734000,1,0
3.551735000,0,0
3.551736083,1,0
3.551737125,0,0
3.551738208,1,0
3.551739208,0,0
3.551740292,1,0
3.551741333,0,0
3.551742417,1,0
3.551743417,0,0
3.551744542,1,0
3.551745542,0,0
3.551746667,1,0
3.551747667,0,0
3.551748750,1,0
3.551749792,0,0
3.551750875,1,0
3.551751875,0,0
3.551752958,1,0
3.551754000,0,0
3.551755083,1,0
3.551756083,0,0
3.551757208,1,0
3.551758208,0,0
3.551759333,1,0
3.551760333,0,0
3.551761417,1,0
3.551762458,0,0
3.551763542,1,0
3.551764542,0,0
3.551765625,1,0
3.551766667,0,0
3.551767750,1,0
3.551768750,0,0
3.551769875,1,0
3.551770875,0,0
3.551772000,1,0
3.551772958,0,0
3.551774083,1,0
3.551775083,0,0
3.551776208,1,0
3.551777208,0,0
3.551777292,0,1
3.551778292,1,1
3.551779292,0,1
3.551779375,0,0
3.551780417,1,0
3.551781417,0,0
3.551782000,0,1
3.551782542,1,1
3.551783542,0,0
3.551784667,1,0
3.551785750,0,0
3.551786500,0,1
3.551786875,1,1
3.551787875,0,1
3.551788958,1,1
3.551789958,0,1
3.551791083,1,1
3.551792083,0,1
3.551793208,0,0
3.551794208,1,0
3.551795167,1,1
3.551801042,1,0
3.551802000,0,0
3.551804125,1,0
3.551805125,0,0
3.551806250,1,0
3.551807250,0,0
3.551807333,0,1
3.551808333,1,1
3.551809375,0,1
3.551809417,0,0
3.551810458,1,0
3.551811458,0,0
3.551812542,1,0
3.551813583,0,0
3.551814667,1,0
3.551815708,0,0
3.551815792,0,1
3.551816792,1,1
3.551817792,0,1
3.551817875,0,0
3.551818875,1,0
3.551819917,0,0
3.551820000,1,0
3.551821042,0,0
3.551821542,0,1
3.551822125,1,1
3.551823125,0,0
3.551824125,1,0
3.551825250,0,0
3.551825792,0,1
3.551826333,1,1
3.551827375,0,1
3.551827458,0,0
3.551828458,1,0
3.551829458,0,0
3.551830250,0,1
3.551830583,1,1
3.551831542,0,0
3.551833542,1,0
3.551834667,0,0
3.551835667,1,0
3.551836750,0,0
3.551837750,1,0
3.551838875,0,0
3.551839875,1,0
3.551841000,0,0
3.551842000,1,0
3.551843125,0,0
3.551844083,1,0
3.551845208,0,0
3.551846208,1,0
3.551847333,0,0
3.551848292,1,0
3.551849458,0,0
3.551850417,1,0
3.551851542,0,0
3.551852542,1,0
3.551853667,0,0
3.551854625,1,0
3.551855750,0,0
3.551856750,1,0
3.551857875,0,0
3.551858875,1,0
3.551860000,0,0
3.551861000,1,0
3.551862083,0,0
3.551863083,1,0
3.551864208,0,0
3.551865167,1,0
3.551866333,0,0
3.551867333,1,0
3.551868417,0,0
3.551869417,1,0
3.551870542,0,0
3.551871542,1,0
3.551872625,0,0
3.551873625,1,0
3.551874750,0,0
3.551875750,1,0
3.551876875,0,0
3.551877875,1,0
3.551878958,0,0
3.551879000,0,1
3.551879958,1,1
3.551881083,0,1
3.551882083,1,1
3.551883208,0,1
3.551884208,1,1
3.551885292,0,1
3.551885333,0,0
3.551886292,1,0
3.551887417,0,0
3.551888417,1,0
3.551889542,0,0
3.551890542,1,0
3.551891625,0,0
3.551892625,1,0
3.551893750,0,0
3.551894750,1,0
3.551895833,0,0
3.551895875,0,1
3.551896833,1,1
3.551897958,0,0
3.551898958,1,0
3.551900083,0,0
3.551901083,1,0
3.551902208,0,0
3.551902708,0,1
3.551903333,1,1
3.551904333,0,0
3.551905417,1,0
3.551906542,0,0
3.551907042,0,1
3.551908667,1,1
3.551909667,0,1
3.551910750,1,1
3.551911750,0,1
3.551912875,1,1
3.551913875,0,1
3.551915000,0,0
3.551915958,1,0
3.551916958,1,1
3.551923292,1,0
3.551924292,0,0
3.551925333,0,1
3.551926375,1,1
3.551927417,0,1
3.551928500,1,1
3.551929500,0,1
3.551930625,1,1
3.551931625,0,1
3.551932750,1,1
3.551933750,0,1
3.551934833,1,1
3.551935833,0,1
3.551936958,1,1
3.551937958,0,1
3.551939042,1,1
3.551940083,0,1
3.551940125,0,0
3.551941167,1,0
3.551942167,0,0
3.551942292,1,1
3.551943292,0,1
3.551944375,1,1
3.551945375,0,0
3.551946375,1,0
3.551947500,0,0
3.551947792,0,1
3.551948625,1,1
3.551949625,0,1
3.551949750,0,0
3.551950708,1,0
3.551951708,0,0
3.551952292,0,1
3.551952833,1,1
3.551953833,0,0
3.551955792,1,0
3.551956917,0,0
3.551957917,1,0
3.551959042,0,1
3.551960000,1,1
3.551961125,0,1
3.551962125,1,1
3.551963250,0,0
3.551964250,1,0
3.551965375,0,0
3.551966375,1,0
3.551967458,0,0
3.551968458,1,0
3.551969583,0,0
3.551970583,1,0
3.551971667,0,0
3.551972667,1,0
3.551973833,0,1
3.551974792,1,1
3.551975917,0,1
3.551976917,1,1
3.551978042,0,1
3.551979000,1,1
3.551980167,0,0
3.551981125,1,0
3.551982250,0,0
3.551983208,1,0
3.551984375,0,0
3.551985333,1,0
3.551986458,0,0
3.551987458,1,0
3.551988583,0,0
3.551989583,1,0
3.551990708,0,0
3.551991667,1,0
3.551992792,0,0
3.551993792,1,0
3.551994917,0,0
3.551995875,1,0
3.551997042,0,0
3.551998042,1,0
3.551999125,0,1
3.552000125,1,1
3.552001250,0,0
3.552002250,1,0
3.552003333,0,0
3.552003375,0,1
3.552004333,1,1
3.552005458,0,1
3.552005500,0,0
3.552006458,1,0
3.552007583,0,0
3.552008583,1,0
3.552009667,0,0
3.552009708,0,1
3.552010667,1,1
3.552011792,0,0
3.552012792,1,0
3.552013917,0,1
3.552014875,1,1
3.552016000,0,1
3.552016042,0,0
3.552017000,1,0
3.552018125,0,0
3.552019125,1,0
3.552020208,0,0
3.552021208,1,0
3.552022375,0,1
3.552023500,1,1
3.552024583,0,1
3.552025708,1,1
3.552026708,0,0
3.552027833,1,0
3.552028917,0,0
3.552029458,0,1
3.552031042,1,1
3.552032042,0,1
3.552033167,1,1
3.552034167,0,1
3.552035292,1,1
3.552036250,0,1
3.552037375,0,0
3.552038375,1,0
3.552039375,1,1
3.552049167,1,0
3.552050167,0,0
3.552052250,1,0
3.552053250,0,0
3.552054375,1,0
3.552055375,0,0
3.552056458,1,0
3.552057500,0,0
3.552058583,1,0
3.552059625,0,0
3.552059708,0,1
3.552060708,1,1
3.552061708,0,1
3.552061792,0,0
3.552062792,1,0
3.552063833,0,0
3.552063917,0,1
3.552064917,1,1
3.552065917,0,1
3.552067000,1,1
3.552068042,0,1
3.552069167,1,1
3.552070125,0,1
3.552071250,1,1
3.552072292,0,0
3.552073375,1,0
3.552074500,0,0
3.552075000,0,1
3.552075583,1,1
3.552076583,0,1
3.552076708,0,0
3.552077708,1,0
3.552078708,0,0
3.552079250,0,1
3.552079833,1,1
3.552080833,0,1
3.552080917,0,0
3.552083042,1,0
3.552084083,0,0
3.552085167,1,0
3.552086167,0,0
3.552087250,1,0
3.552088292,0,0
3.552088375,0,1
3.552089375,1,1
3.552090417,0,1
3.552091500,1,1
3.552092500,0,1
3.552093583,1,1
3.552094625,0,1
3.552095708,1,1
3.552096750,0,1
3.552097833,1,1
3.552098833,0,1
3.552099917,1,1
3.552100958,0,1
3.552102042,1,1
3.552103042,0,1
3.552104167,1,1
3.552105167,0,1
3.552106250,1,1
3.552107292,0,1
3.552108375,1,1
3.552109375,0,1
3.552110458,1,1
3.552111500,0,1
3.552112583,1,1
3.552113625,0,1
3.552114708,1,1
3.552115708,0,1
3.552116792,1,1
3.552117833,0,1
3.552118917,1,1
3.552119958,0,1
3.552121042,1,1
3.552122042,0,1
3.552123125,1,1
3.552124167,0,1
3.552124250,0,0
3.552125250,1,0
3.552126292,0,0
3.552126333,0,1
3.552127375,1,1
3.552128375,0,1
3.552129458,1,1
3.552130500,0,1
3.552131583,1,1
3.552132583,0,1
3.552132667,0,0
3.552133708,1,0
3.552134708,0,0
3.552135792,1,0
3.552136833,0,0
3.552137917,1,0
3.552138917,0,0
3.552140042,1,0
3.552141042,0,0
3.552142167,1,0
3.552143125,0,0
3.552143208,0,1
3.552144250,1,1
3.552145250,0,1
3.552145333,0,0
3.552146333,1,0
3.552147375,0,0
3.552148458,1,0
3.552149458,0,0
3.552149542,0,1
3.552150583,1,1
3.552151583,0,1
3.552152667,1,1
3.552153708,0,0
3.552154833,1,0
3.552155917,0,0
3.552156542,0,1
3.552157042,1,1
3.552158042,0,1
3.552159167,1,1
3.552160167,0,1
3.552161250,1,1
3.552162250,0,1
3.552163375,0,0
3.552164375,1,0
3.552165375,1,1
3.552173917,1,0
3.552174917,0,0
3.552177042,1,0
3.552178000,0,0
3.552179125,1,0
3.552180125,0,0
3.552180208,0,1
3.552181250,1,1
3.552182250,0,1
3.552182292,0,0
3.552183333,1,0
3.552184375,0,0
3.552184417,0,1
3.552185458,1,1
3.552186458,0,1
3.552187583,1,1
3.552188583,0,1
3.552189667,1,1
3.552190708,0,1
3.552191792,1,1
3.552192792,0,1
3.552193917,1,1
3.552194917,0,1
3.552196000,1,1
3.552197000,0,0
3.552198000,1,0
3.552199125,0,0
3.552199667,0,1
3.552200250,1,1
3.552201208,0,1
3.552201333,0,0
3.552202375,1,0
3.552203333,0,0
3.552203875,0,1
3.552204458,1,1
3.552205458,0,1
3.552205542,0,0
3.552207667,1,0
3.552208708,0,0
3.552209792,1,0
3.552210792,0,0
3.552211875,1,0
3.552212917,0,0
3.552214000,1,0
3.552215000,0,0
3.552216125,1,0
3.552217125,0,0
3.552218250,1,0
3.552219250,0,0
3.552219333,0,1
3.552220333,1,1
3.552221333,0,1
3.552221417,0,0
3.552222458,1,0
3.552223458,0,0
3.552224583,1,0
3.552225583,0,0
3.552226667,1,0
3.552227708,0,0
3.552227792,0,1
3.552228792,1,1
3.552229792,0,1
3.552229875,0,0
3.552230917,1,0
3.552231917,0,0
3.552233000,1,0
3.552234042,0,0
3.552235125,1,0
3.552236125,0,0
3.552237208,1,0
3.552238250,0,0
3.552239333,1,0
3.552240333,0,0
3.552241458,1,0
3.552242458,0,0
3.552243583,1,0
3.552244542,0,0
3.552245667,1,0
3.552246667,0,0
3.552247792,1,0
3.552248792,0,0
3.552249875,1,0
3.552250917,0,0
3.552252000,1,0
3.552253000,0,0
3.552254083,1,0
3.552255125,0,0
3.552256208,1,0
3.552257208,0,0
3.552258333,1,0
3.552259333,0,0
3.552260458,1,0
3.552261458,0,0
3.552262542,1,0
3.552263583,0,0
3.552264667,1,0
3.552265667,0,0
3.552266750,1,0
3.552267792,0,0
3.552268875,1,0
3.552269875,0,0
3.552271000,1,0
3.552272000,0,0
3.552273083,1,0
3.552274083,0,0
3.552275208,1,0
3.552276208,0,0
3.552277000,0,1
3.552277333,1,1
3.552278333,0,0
3.552279458,1,0
3.552280542,0,0
3.552281250,0,1
3.552281667,1,1
3.552282667,0,1
3.552283750,1,1
3.552284750,0,1
3.552285875,1,1
3.552286875,0,1
3.552288000,0,0
3.552289000,1,0
3.552289958,1,1
3.552295833,1,0
3.552296792,0,0
3.552298917,1,0
3.552299917,0,0
3.552301042,1,0
3.552302042,0,0
3.552303125,1,0
3.552304125,0,0
3.552305250,1,0
3.552306250,0,0
3.552306333,0,1
3.552307333,1,1
3.552308375,0,1
3.552308458,0,0
3.552309458,1,0
3.552310500,0,0
3.552311583,1,0
3.552312583,0,0
3.552313667,1,0
3.552314708,0,0
3.552314792,0,1
3.552314833,1,1
3.552315792,0,1
3.552316917,1,1
3.552317917,0,0
3.552318917,1,0
3.552320042,0,0
3.552320458,0,1
3.552321125,1,1
3.552322125,0,1
3.552322250,0,0
3.552323250,1,0
3.552324250,0,0
3.552324917,0,1
3.552325375,1,1
3.552326375,0,0
3.552328333,1,0
3.552329458,0,0
3.552330417,1,0
3.552331583,0,1
3.552332542,1,1
3.552333667,0,1
3.552334667,1,1
3.552335792,0,0
3.552336750,1,0
3.552337875,0,0
3.552338875,1,0
3.552340000,0,0
3.552341000,1,0
3.552342083,0,0
3.552343083,1,0
3.552344208,0,0
3.552345208,1,0
3.552346333,0,1
3.552347333,1,1
3.552348458,0,1
3.552349458,1,1
3.552350542,0,1
3.552351542,1,1
3.552352667,0,0
3.552353667,1,0
3.552354792,0,0
3.552355792,1,0
3.552356875,0,0
3.552357875,1,0
3.552359000,0,0
3.552360000,1,0
3.552361125,0,0
3.552362083,1,0
3.552363208,0,0
3.552364208,1,0
3.552365292,0,0
3.552366292,1,0
3.552367458,0,0
3.552368417,1,0
3.552369542,0,0
3.552370542,1,0
3.552371667,0,1
3.552372625,1,1
3.552373750,0,1
3.552373792,0,0
3.552374750,1,0
3.552375875,0,1
3.552376875,1,1
3.552378000,0,0
3.552378958,1,0
3.552380083,0,0
3.552381083,1,0
3.552382208,0,1
3.552383167,1,1
3.552384292,0,1
3.552384333,0,0
3.552385292,1,0
3.552386417,0,1
3.552387417,1,1
3.552388542,0,0
3.552389500,1,0
3.552390625,0,0
3.552391625,1,0
3.552392750,0,0
3.552393750,1,0
3.552394875,0,1
3.552396000,1,1
3.552397125,0,1
3.552398208,1,1
3.552399208,0,1
3.552399250,0,0
3.552400333,1,0
3.552401458,0,0
3.552402042,0,1
3.552403542,1,1
3.552404542,0,1
3.552405667,1,1
3.552406667,0,1
3.552407750,1,1
3.552408792,0,1
3.552409875,0,0
3.552410875,1,0
3.552411875,1,1
3.552420958,1,0
3.552421917,0,0
3.552424042,1,0
3.552425042,0,0
3.552426125,1,0
3.552427167,0,0
3.552428250,1,0
3.552429292,0,0
3.552430375,1,0
3.552431375,0,0
3.552431458,0,1
3.552432458,1,1
3.552433500,0,1
3.552433542,0,0
3.552434583,1,0
3.552435583,0,0
3.552436667,1,0
3.552437708,0,0
3.552437792,0,1
3.552438792,1,1
3.552439792,0,1
3.552439875,0,0
3.552440917,1,0
3.552441917,0,0
3.552442458,0,1
3.552443000,1,1
3.552444042,0,0
3.552445125,1,0
3.552446292,0,0
3.552446875,0,1
3.552447375,1,1
3.552448375,0,1
3.552448500,0,0
3.552449458,1,0
3.552450500,0,0
3.552451208,0,1
3.552451583,1,1
3.552452583,0,1
3.552452708,0,0
3.552454833,1,0
3.552455833,0,0
3.552456917,1,0
3.552457958,0,0
3.552459042,1,0
3.552460042,0,0
3.552461125,1,0
3.552462167,0,0
3.552463250,1,0
3.552464250,0,0
3.552465375,1,0
3.552466375,0,0
3.552467500,1,0
3.552468458,0,0
3.552469583,1,0
3.552470583,0,0
3.552471708,1,0
3.552472708,0,0
3.552473792,1,0
3.552474833,0,0
3.552475917,1,0
3.552476917,0,0
3.552478000,1,0
3.552479042,0,0
3.552480125,1,0
3.552481125,0,0
3.552482250,1,0
3.552483250,0,0
3.552484375,1,0
3.552485375,0,0
3.552486458,1,0
3.552487458,0,0
3.552488583,1,0
3.552489583,0,0
3.552490667,1,0
3.552491708,0,0
3.552492792,1,0
3.552493792,0,0
3.552494875,1,0
3.552495917,0,0
3.552497000,1,0
3.552498000,0,0
3.552499125,1,0
3.552500125,0,0
3.552500208,0,1
3.552501208,1,1
3.552502250,0,1
3.552503333,1,1
3.552504333,0,1
3.552504417,0,0
3.552505458,1,0
3.552506458,0,0
3.552507583,1,0
3.552508542,0,0
3.552509667,1,0
3.552510667,0,0
3.552511792,1,0
3.552512792,0,0
3.552513875,1,0
3.552514917,0,0
3.552516000,1,0
3.552517000,0,0
3.552518083,1,0
3.552519125,0,0
3.552520208,1,0
3.552521208,0,0
3.552522333,1,0
3.552523333,0,0
3.552523833,0,1
3.552524458,1,1
3.552525417,0,1
3.552525458,0,0
3.552526542,1,0
3.552527667,0,0
3.552528208,0,1
3.552528792,1,1
3.552529792,0,1
3.552530875,1,1
3.552531875,0,1
3.552533000,1,1
3.552534000,0,1
3.552535125,0,0
3.552536083,1,0
3.552537083,1,1
3.552546042,1,0
3.552547042,0,0
3.552549125,1,0
3.552550125,0,0
3.552551250,1,0
3.552552250,0,0
3.552552333,0,1
3.552553333,1,1
3.552554375,0,1
3.552554417,0,0
3.552555458,1,0
3.552556458,0,0
3.552556542,0,1
3.552557542,1,1
3.552558583,0,1
3.552559667,1,1
3.552560667,0,1
3.552561792,1,1
3.552562792,0,1
3.552563917,1,1
3.552564917,0,1
3.552566000,1,1
3.552567000,0,1
3.552568125,1,1
3.552569125,0,1
3.552569167,0,0
3.552570250,1,0
3.552571375,0,0
3.552571875,0,1
3.552572458,1,1
3.552573458,0,1
3.552573583,0,0
3.552574583,1,0
3.552575583,0,0
3.552576333,0,1
3.552576667,1,1
3.552577667,0,1
3.552577792,0,0
3.552579917,1,0
3.552580917,0,0
3.552582042,1,0
3.552583042,0,0
3.552584125,1,0
3.552585167,0,0
3.552586250,1,0
3.552587250,0,0
3.552588333,1,0
3.552589375,0,0
3.552590458,1,0
3.552591458,0,0
3.552592583,1,0
3.552593583,0,0
3.552594708,1,0
3.552595667,0,0
3.552596792,1,0
3.552597792,0,0
3.552598917,1,0
3.552599917,0,0
3.552600000,0,1
3.552601000,1,1
3.552602000,0,1
3.552602083,0,0
3.552603125,1,0
3.552604125,0,0
3.552605250,1,0
3.552606250,0,0
3.552607333,1,0
3.552608375,0,0
3.552608417,0,1
3.552609458,1,1
3.552610458,0,1
3.552611542,1,1
3.552612583,0,1
3.552612667,0,0
3.552613667,1,0
3.552614667,0,0
3.552615792,1,0
3.552616792,0,0
3.552617875,1,0
3.552618917,0,0
3.552620000,1,0
3.552621000,0,0
3.552622083,1,0
3.552623125,0,0
3.552623208,0,1
3.552624208,1,1
3.552625250,0,1
3.552626333,1,1
3.552627333,0,1
3.552628417,1,1
3.552629458,0,1
3.552630542,1,1
3.552631583,0,1
3.552632667,1,1
3.552633667,0,1
3.552633750,0,0
3.552634750,1,0
3.552635792,0,0
3.552636875,1,0
3.552637875,0,0
3.552639000,1,0
3.552640000,0,0
3.552641083,1,0
3.552642125,0,0
3.552643208,1,0
3.552644208,0,0
3.552645292,1,0
3.552646333,0,0
3.552647417,1,0
3.552648417,0,0
3.552648958,0,1
3.552649542,1,1
3.552650542,0,0
3.552651542,1,0
3.552652667,0,0
3.552653125,0,1
3.552653750,1,1
3.552654750,0,1
3.552655875,1,1
3.552656875,0,1
3.552657958,1,1
3.552659000,0,1
3.552660083,0,0
3.552661083,1,0
3.552662042,1,1
3.552671500,1,0
3.552672500,0,0
3.552674583,1,0
3.552675625,0,0
3.552676708,1,0
3.552677708,0,0
3.552678833,1,0
3.552679833,0,0
3.552680917,1,0
3.552681958,0,0
3.552682042,0,1
3.552683042,1,1
3.552684042,0,1
3.552684125,0,0
3.552685167,1,0
3.552686167,0,0
3.552686250,0,1
3.552687250,1,1
3.552688292,0,1
3.552689375,1,1
3.552690375,0,1
3.552691500,1,1
3.552692500,0,1
3.552693625,1,1
3.552694625,0,0
3.552695708,1,0
3.552696833,0,0
3.552697333,0,1
3.552697958,1,1
3.552698958,0,1
3.552699042,0,0
3.552700083,1,0
3.552701042,0,0
3.552701667,0,1
3.552702167,1,1
3.552703167,0,1
3.552703250,0,0
3.552705375,1,0
3.552706417,0,0
3.552706500,0,1
3.552707500,1,1
3.552708542,0,1
3.552708583,0,0
3.552709625,1,0
3.552710625,0,0
3.552711708,1,0
3.552712750,0,0
3.552713833,1,0
3.552714833,0,0
3.552715958,1,0
3.552716958,0,0
3.552718083,1,0
3.552719083,0,0
3.552720167,1,0
3.552721208,0,0
3.552722292,1,0
3.552723292,0,0
3.552724375,1,0
3.552725417,0,0
3.552726500,1,0
3.552727500,0,0
3.552728625,1,0
3.552729625,0,0
3.552730750,1,0
3.552731750,0,0
3.552732833,1,0
3.552733875,0,0
3.552733958,0,1
3.552734958,1,1
3.552735958,0,1
3.552736042,0,0
3.552737083,1,0
3.552738083,0,0
3.552739167,1,0
3.552740208,0,0
3.552741292,1,0
3.552742292,0,0
3.552743375,1,0
3.552744417,0,0
3.552744500,0,1
3.552745500,1,1
3.552746500,0,1
3.552746583,0,0
3.552747625,1,0
3.552748625,0,0
3.552749708,1,0
3.552750750,0,0
3.552751833,1,0
3.552752833,0,0
3.552753958,1,0
3.552754958,0,0
3.552756083,1,0
3.552757083,0,0
3.552758167,1,0
3.552759208,0,0
3.552760292,1,0
3.552761292,0,0
3.552762375,1,0
3.552763417,0,0
3.552764500,1,0
3.552765500,0,0
3.552766625,1,0
3.552767625,0,0
3.552768708,1,0
3.552769708,0,0
3.552770833,1,0
3.552771833,0,0
3.552771917,0,1
3.552772958,1,1
3.552773958,0,1
3.552775042,1,1
3.552776042,0,0
3.552777042,1,0
3.552778167,0,0
3.552778667,0,1
3.552779292,1,1
3.552780292,0,1
3.552781375,1,1
3.552782375,0,1
3.552783500,1,1
3.552784500,0,1
3.552785625,0,0
3.552786625,1,0
3.552787583,1,1
3.552796167,1,0
3.552797167,0,0
3.552799250,1,0
3.552800250,0,0
3.552801375,1,0
3.552802375,0,0
3.552802458,0,1
3.552803458,1,1
3.552804500,0,1
3.552804583,0,0
3.552805583,1,0
3.552806625,0,0
3.552806708,0,1
3.552807708,1,1
3.552808708,0,1
3.552809833,1,1
3.552810833,0,1
3.552811917,1,1
3.552812917,0,1
3.552814042,1,1
3.552815042,0,1
3.552816167,1,1
3.552817125,0,1
3.552818292,1,1
3.552819250,0,1
3.552819292,0,0
3.552820375,1,0
3.552821500,0,0
3.552822000,0,1
3.552822625,1,1
3.552823583,0,1
3.552823708,0,0
3.552824708,1,0
3.552825708,0,0
3.552826250,0,1
3.552826833,1,1
3.552827833,0,1
3.552827917,0,0
3.552830042,1,0
3.552831083,0,0
3.552832167,1,0
3.552833167,0,0
3.552834250,1,0
3.552835292,0,0
3.552836375,1,0
3.552837375,0,0
3.552838500,1,0
3.552839500,0,0
3.552840625,1,0
3.552841625,0,0
3.552841708,0,1
3.552842708,1,1
3.552843708,0,1
3.552843792,0,0
3.552844833,1,0
3.552845833,0,0
3.552846958,1,0
3.552847958,0,0
3.552849042,1,0
3.552850083,0,0
3.552850167,0,1
3.552851167,1,1
3.552852167,0,1
3.552852250,0,0
3.552853292,1,0
3.552854250,0,0
3.552855375,1,0
3.552856375,0,0
3.552857500,1,0
3.552858500,0,0
3.552859583,1,0
3.552860625,0,0
3.552861708,1,0
3.552862708,0,0
3.552863833,1,0
3.552864833,0,0
3.552865958,1,0
3.552866917,0,0
3.552868042,1,0
3.552869042,0,0
3.552870167,1,0
3.552871167,0,0
3.552872250,1,0
3.552873292,0,0
3.552874375,1,0
3.552875375,0,0
3.552876458,1,0
3.552877500,0,0
3.552878583,1,0
3.552879583,0,0
3.552880708,1,0
3.552881708,0,0
3.552882833,1,0
3.552883792,0,0
3.552884917,1,0
3.552885958,0,0
3.552887042,1,0
3.552888042,0,0
3.552889125,1,0
3.552890167,0,0
3.552891250,1,0
3.552892250,0,0
3.552893333,1,0
3.552894375,0,0
3.552895458,1,0
3.552896458,0,0
3.552897583,1,0
3.552898583,0,0
3.552899292,0,1
3.552899708,1,1
3.552900708,0,0
3.552901833,1,0
3.552902917,0,0
3.552903458,0,1
3.552904042,1,1
3.552905042,0,1
3.552906125,1,1
3.552907125,0,1
3.552908250,1,1
3.552909250,0,1
3.552910375,0,0
3.552911375,1,0
3.552912333,1,1
3.552918208,1,0
3.552919167,0,0
3.552921292,1,0
3.552922292,0,0
3.552923417,1,0
3.552924417,0,0
3.552925500,1,0
3.552926500,0,0
3.552927625,1,0
3.552928625,0,0
3.552928708,0,1
3.552929708,1,1
3.552930750,0,1
3.552930833,0,0
3.552931833,1,0
3.552932875,0,0
3.552933958,1,0
3.552934958,0,0
3.552936042,1,0
3.552937083,0,0
3.552937167,0,1
3.552937208,1,1
3.552938167,0,1
3.552939292,1,1
3.552940292,0,0
3.552941292,1,0
3.552942375,0,0
3.552942792,0,1
3.552943500,1,1
3.552944500,0,1
3.552944625,0,0
3.552945625,1,0
3.552946625,0,0
3.552947208,0,1
3.552947750,1,1
3.552948708,0,1
3.552948750,0,0
3.552950708,1,0
3.552951833,0,0
3.552952792,1,0
3.552953958,0,0
3.552954917,1,0
3.552956042,0,0
3.552957042,1,0
3.552958167,0,0
3.552959125,1,0
3.552960250,0,0
3.552961250,1,0
3.552962375,0,1
3.552963375,1,1
3.552964458,0,1
3.552965458,1,1
3.552966583,0,0
3.552967583,1,0
3.552968708,0,0
3.552969708,1,0
3.552970792,0,0
3.552971792,1,0
3.552972917,0,0
3.552973917,1,0
3.552975042,0,0
3.552976042,1,0
3.552977125,0,0
3.552978125,1,0
3.552979250,0,1
3.552980250,1,1
3.552981375,0,1
3.552982333,1,1
3.552983458,0,1
3.552984458,1,1
3.552985583,0,0
3.552986583,1,0
3.552987708,0,0
3.552988667,1,0
3.552989792,0,0
3.552990792,1,0
3.552991917,0,0
3.552992917,1,0
3.552994000,0,0
3.552995000,1,0
3.552996125,0,0
3.552997125,1,0
3.552998250,0,1
3.552999250,1,1
3.553000333,0,1
3.553001333,1,1
3.553002458,0,0
3.553003458,1,0
3.553004583,0,0
3.553005542,1,0
3.553006667,0,0
3.553007667,1,0
3.553008792,0,0
3.553009750,1,0
3.553010917,0,0
3.553011917,1,0
3.553013000,0,1
3.553014000,1,1
3.553015125,0,1
3.553016125,1,1
3.553017208,0,1
3.553018250,1,1
3.553019333,0,1
3.553020458,1,1
3.553021458,0,0
3.553022583,1,0
3.553023667,0,0
3.553024417,0,1
3.553025792,1,1
3.553026792,0,1
3.553027917,1,1
3.553028917,0,1
3.553030000,1,1
3.553031042,0,1
3.553032125,0,0
3.553033125,1,0
3.553034083,1,1
3.553043042,1,0
3.553044042,0,0
3.553046125,1,0
3.553047167,0,0
3.553048250,1,0
3.553049250,0,0
3.553050333,1,0
3.553051375,0,0
3.553052458,1,0
3.553053500,0,0
3.553053583,0,1
3.553054583,1,1
3.553055583,0,1
3.553055667,0,0
3.553056708,1,0
3.553057708,0,0
3.553057792,0,1
3.553058792,1,1
3.553059833,0,1
3.553060917,1,1
3.553061917,0,1
3.553063042,1,1
3.553064000,0,1
3.553065167,1,1
3.553066167,0,0
3.553067250,1,0
3.553068375,0,0
3.553069042,0,1
3.553069500,1,1
3.553070458,0,1
3.553070583,0,0
3.553071625,1,0
3.553072583,0,0
3.553073167,0,1
3.553073708,1,1
3.553074708,0,1
3.553074792,0,0
3.553076917,1,0
3.553077958,0,0
3.553078042,0,1
3.553079042,1,1
3.553080042,0,1
3.553080125,0,0
3.553081167,1,0
3.553082167,0,0
3.553083250,1,0
3.553084292,0,0
3.553085375,1,0
3.553086375,0,0
3.553087458,1,0
3.553088500,0,0
3.553089583,1,0
3.553090583,0,0
3.553091708,1,0
3.553092708,0,0
3.553093833,1,0
3.553094833,0,0
3.553095917,1,0
3.553096958,0,0
3.553098042,1,0
3.553099042,0,0
3.553100125,1,0
3.553101167,0,0
3.553102250,1,0
3.553103250,0,0
3.553104375,1,0
3.553105375,0,0
3.553105458,0,1
3.553106458,1,1
3.553107500,0,1
3.553107542,0,0
3.553108583,1,0
3.553109583,0,0
3.553110667,1,0
3.553111708,0,0
3.553112792,1,0
3.553113792,0,0
3.553114917,1,0
3.553115917,0,0
3.553116000,0,1
3.553117000,1,1
3.553118042,0,1
3.553118125,0,0
3.553119125,1,0
3.553120125,0,0
3.553121250,1,0
3.553122250,0,0
3.553123375,1,0
3.553124375,0,0
3.553125458,1,0
3.553126500,0,0
3.553127583,1,0
3.553128583,0,0
3.553129667,1,0
3.553130708,0,0
3.553131792,1,0
3.553132792,0,0
3.553133917,1,0
3.553134917,0,0
3.553136042,1,0
3.553137042,0,0
3.553138125,1,0
3.553139167,0,0
3.553140250,1,0
3.553141250,0,0
3.553142333,1,0
3.553143375,0,0
3.553143458,0,1
3.553144458,1,1
3.553145458,0,1
3.553146583,1,1
3.553147542,0,1
3.553147583,0,0
3.553148583,1,0
3.553149667,0,0
3.553150417,0,1
3.553150792,1,1
3.553151792,0,1
3.553152875,1,1
3.553153875,0,1
3.553155000,1,1
3.553156000,0,1
3.553157125,0,0
3.553158125,1,0
3.553159083,1,1
3.553167583,1,0
3.553168542,0,0
3.553170667,1,0
3.553171667,0,0
3.553172750,1,0
3.553173750,0,0
3.553174875,1,0
3.553175875,0,0
3.553176958,1,0
3.553178000,0,0
3.553178083,0,1
3.553179083,1,1
3.553180083,0,1
3.553180167,0,0
3.553181208,1,0
3.553182208,0,0
3.553183333,1,0
3.553184333,0,0
3.553184375,0,1
3.553185417,1,1
3.553186458,0,1
3.553186542,0,0
3.553187542,1,0
3.553188542,0,0
3.553189083,0,1
3.553189667,1,1
3.553190667,0,0
3.553191667,1,0
3.553192750,0,0
3.553193417,0,1
3.553193875,1,1
3.553194875,0,1
3.553194958,0,0
3.553196000,1,0
3.553196958,0,0
3.553197708,0,1
3.553198083,1,1
3.553199083,0,1
3.553199167,0,0
3.553201292,1,0
3.553202333,0,0
3.553203417,1,0
3.553204417,0,0
3.553205542,1,0
3.553206542,0,0
3.553207667,1,0
3.553208667,0,0
3.553209750,1,0
3.553210792,0,0
3.553211875,1,0
3.553212875,0,0
3.553212958,0,1
3.553214000,1,1
3.553215000,0,1
3.553216083,1,1
3.553217083,0,1
3.553217167,0,0
3.553218208,1,0
3.553219208,0,0
3.553220292,1,0
3.553221333,0,0
3.553222417,1,0
3.553223417,0,0
3.553224542,1,0
3.553225542,0,0
3.553226667,1,0
3.553227667,0,0
3.553228750,1,0
3.553229792,0,0
3.553229833,0,1
3.553230875,1,1
3.553231875,0,1
3.553232958,1,1
3.553234000,0,1
3.553235083,1,1
3.553236083,0,1
3.553236167,0,0
3.553237208,1,0
3.553238208,0,0
3.553239292,1,0
3.553240333,0,0
3.553241417,1,0
3.553242417,0,0
3.553243500,1,0
3.553244542,0,0
3.553245625,1,0
3.553246625,0,0
3.553247750,1,0
3.553248750,0,0
3.553248833,0,1
3.553249833,1,1
3.553250875,0,1
3.553251958,1,1
3.553253000,0,1
3.553253042,0,0
3.553254083,1,0
3.553255083,0,0
3.553256208,1,0
3.553257208,0,0
3.553258292,1,0
3.553259333,0,0
3.553260417,1,0
3.553261417,0,0
3.553262500,1,0
3.553263542,0,0
3.553263625,0,1
3.553264625,1,1
3.553265667,0,1
3.553266750,1,1
3.553267750,0,1
3.553268875,1,1
3.553269875,0,1
3.553270958,1,1
3.553271958,0,0
3.553272958,1,0
3.553274083,0,0
3.553274583,0,1
3.553275167,1,1
3.553276208,0,1
3.553277292,1,1
3.553278292,0,1
3.553279417,1,1
3.553280417,0,1
3.553281542,0,0
3.553282500,1,0
3.553283500,1,1
3.553292083,1,0
3.553293042,0,0
3.553295167,1,0
3.553296167,0,0
3.553297292,1,0
3.553298292,0,0
3.553298375,0,1
3.553299375,1,1
3.553300417,0,1
3.553300458,0,0
3.553301500,1,0
3.553302500,0,0
3.553302583,0,1
3.553303583,1,1
3.553304625,0,1
3.553305708,1,1
3.553306708,0,1
3.553307792,1,1
3.553308833,0,1
3.553309917,1,1
3.553310958,0,1
3.553312042,1,1
3.553313042,0,1
3.553314167,1,1
3.553315167,0,1
3.553315208,0,0
3.553316250,1,0
3.553317417,0,0
3.553317917,0,1
3.553318542,1,1
3.553319500,0,1
3.553319625,0,0
3.553320625,1,0
3.553321625,0,0
3.553322375,0,1
3.553322750,1,1
3.553323750,0,1
3.553323833,0,0
3.553325958,1,0
3.553326958,0,0
3.553328042,1,0
3.553329083,0,0
3.553330167,1,0
3.553331167,0,0
3.553332292,1,0
3.553333292,0,0
3.553334417,1,0
3.553335417,0,0
3.553336500,1,0
3.553337542,0,0
3.553337583,0,1
3.553338625,1,1
3.553339625,0,1
3.553339708,0,0
3.553340750,1,0
3.553341750,0,0
3.553342833,1,0
3.553343833,0,0
3.553344958,1,0
3.553345958,0,0
3.553346042,0,1
3.553347083,1,1
3.553348042,0,1
3.553348125,0,0
3.553349167,1,0
3.553350167,0,0
3.553351292,1,0
3.553352292,0,0
3.553353375,1,0
3.553354417,0,0
3.553355500,1,0
3.553356500,0,0
3.553356583,0,1
3.553357625,1,1
3.553358625,0,1
3.553358667,0,0
3.553359708,1,0
3.553360750,0,0
3.553361833,1,0
3.553362833,0,0
3.553363917,1,0
3.553364958,0,0
3.553366042,1,0
3.553367042,0,0
3.553368167,1,0
3.553369167,0,0
3.553370292,1,0
3.553371292,0,0
3.553372375,1,0
3.553373375,0,0
3.553374500,1,0
3.553375500,0,0
3.553376583,1,0
3.553377625,0,0
3.553378708,1,0
3.553379708,0,0
3.553380833,1,0
3.553381833,0,0
3.553382917,1,0
3.553383917,0,0
3.553385042,1,0
3.553386042,0,0
3.553387167,1,0
3.553388167,0,0
3.553389250,1,0
3.553390292,0,0
3.553391375,1,0
3.553392375,0,0
3.553392458,0,1
3.553393458,1,1
3.553394458,0,1
3.553395625,1,1
3.553396583,0,1
3.553396625,0,0
3.553397708,1,0
3.553398833,0,0
3.553399292,0,1
3.553399917,1,1
3.553400958,0,1
3.553402042,1,1
3.553403042,0,1
3.553404167,1,1
3.553405167,0,1
3.553406292,0,0
3.553407250,1,0
3.553408250,1,1
3.553417208,1,0
3.553418167,0,0
3.553420292,1,0
3.553421292,0,0
3.553422375,1,0
3.553423417,0,0
3.553424500,1,0
3.553425542,0,0
3.553426625,1,0
3.553427625,0,0
3.553427708,0,1
3.553428708,1,1
3.553429750,0,1
3.553429792,0,0
3.553430833,1,0
3.553431875,0,0
3.553431958,0,1
3.553432958,1,1
3.553433958,0,1
3.553435042,1,1
3.553436083,0,1
3.553437167,1,1
3.553438167,0,1
3.553439292,1,1
3.553440292,0,1
3.553440333,0,0
3.553441375,1,0
3.553442542,0,0
3.553443000,0,1
3.553443625,1,1
3.553444625,0,1
3.553444750,0,0
3.553445750,1,0
3.553446750,0,0
3.553447292,0,1
3.553447833,1,1
3.553448833,0,1
3.553448958,0,0
3.553451083,1,0
3.553452083,0,0
3.553452167,0,1
3.553453167,1,1
3.553454208,0,1
3.553454250,0,0
3.553455292,1,0
3.553456292,0,0
3.553457417,1,0
3.553458417,0,0
3.553459542,1,0
3.553460542,0,0
3.553461625,1,0
3.553462667,0,0
3.553463750,1,0
3.553464750,0,0
3.553465833,1,0
3.553466875,0,0
3.553467958,1,0
3.553468958,0,0
3.553470083,1,0
3.553471083,0,0
3.553472208,1,0
3.553473167,0,0
3.553474292,1,0
3.553475333,0,0
3.553476417,1,0
3.553477417,0,0
3.553478500,1,0
3.553479542,0,0
3.553479625,0,1
3.553480625,1,1
3.553481625,0,1
3.553481708,0,0
3.553482750,1,0
3.553483750,0,0
3.553484833,1,0
3.553485875,0,0
3.553486958,1,0
3.553487958,0,0
3.553489083,1,0
3.553490083,0,0
3.553490167,0,1
3.553491167,1,1
3.553492208,0,1
3.553492250,0,0
3.553493292,1,0
3.553494292,0,0
3.553495375,1,0
3.553496417,0,0
3.553497500,1,0
3.553498500,0,0
3.553499625,1,0
3.553500625,0,0
3.553501750,1,0
3.553502750,0,0
3.553503833,1,0
3.553504875,0,0
3.553505958,1,0
3.553506958,0,0
3.553508042,1,0
3.553509083,0,0
3.553510167,1,0
3.553511167,0,0
3.553511250,0,1
3.553512292,1,1
3.553513292,0,1
3.553513333,0,0
3.553514375,1,0
3.553515417,0,0
3.553516500,1,0
3.553517500,0,0
3.553518625,1,0
3.553519625,0,0
3.553520250,0,1
3.553520750,1,1
3.553521708,0,1
3.553521750,0,0
3.553522750,1,0
3.553523833,0,0
3.553524333,0,1
3.553524958,1,1
3.553525958,0,1
3.553527042,1,1
3.553528042,0,1
3.553529167,1,1
3.553530167,0,1
3.553531292,0,0
3.553532292,1,0
3.553533250,1,1
3.553541708,1,0
3.553542708,0,0
3.553544792,1,0
3.553545833,0,0
3.553546917,1,0
3.553547917,0,0
3.553548000,0,1
3.553549042,1,1
3.553550042,0,1
3.553550125,0,0
3.553551167,1,0
3.553552167,0,0
3.553552208,0,1
3.553553250,1,1
3.553554292,0,1
3.553555375,1,1
3.553556375,0,1
3.553557458,1,1
3.553558500,0,1
3.553559583,1,1
3.553560583,0,1
3.553561708,1,1
3.553562708,0,1
3.553563792,1,1
3.553564792,0,1
3.553564833,0,0
3.553565792,1,0
3.553566917,0,0
3.553567458,0,1
3.553568042,1,1
3.553569042,0,1
3.553569125,0,0
3.553570167,1,0
3.553571125,0,0
3.553571667,0,1
3.553572250,1,1
3.553573250,0,1
3.553573333,0,0
3.553575458,1,0
3.553576500,0,0
3.553577583,1,0
3.553578583,0,0
3.553579708,1,0
3.553580708,0,0
3.553581833,1,0
3.553582792,0,0
3.553583917,1,0
3.553584917,0,0
3.553586042,1,0
3.553587042,0,0
3.553587125,0,1
3.553588167,1,1
3.553589125,0,1
3.553589208,0,0
3.553590250,1,0
3.553591292,0,0
3.553592375,1,0
3.553593375,0,0
3.553594458,1,0
3.553595500,0,0
3.553595583,0,1
3.553596583,1,1
3.553597583,0,1
3.553597667,0,0
3.553598708,1,0
3.553599708,0,0
3.553600792,1,0
3.553601833,0,0
3.553602917,1,0
3.553603917,0,0
3.553605000,1,0
3.553606042,0,0
3.553607125,1,0
3.553608125,0,0
3.553609250,1,0
3.553610250,0,0
3.553611375,1,0
3.553612375,0,0
3.553613458,1,0
3.553614500,0,0
3.553615583,1,0
3.553616583,0,0
3.553617667,1,0
3.553618708,0,0
3.553619792,1,0
3.553620792,0,0
3.553621917,1,0
3.553622917,0,0
3.553624042,1,0
3.553625000,0,0
3.553626125,1,0
3.553627125,0,0
3.553628250,1,0
3.553629250,0,0
3.553630333,1,0
3.553631375,0,0
3.553632458,1,0
3.553633458,0,0
3.553634583,1,0
3.553635583,0,0
3.553636708,1,0
3.553637667,0,0
3.553638792,1,0
3.553639792,0,0
3.553640917,1,0
3.553641917,0,0
3.553643042,1,0
3.553644042,0,0
3.553644750,0,1
3.553645125,1,1
3.553646125,0,0
3.553647125,1,0
3.553648250,0,0
3.553648833,0,1
3.553649333,1,1
3.553650333,0,1
3.553651458,1,1
3.553652458,0,1
3.553653542,1,1
3.553654542,0,1
3.553655708,0,0
3.553656667,1,0
3.553657667,1,1
3.553663375,1,0
3.553664375,0,0
3.553666458,1,0
3.553667458,0,0
3.553668583,1,0
3.553669583,0,0
3.553670708,1,0
3.553671708,0,0
3.553672792,1,0
3.553673792,0,0
3.553673917,0,1
3.553674917,1,1
3.553675917,0,1
3.553676000,0,0
3.553677000,1,0
3.553678042,0,0
3.553679125,1,0
3.553680167,0,0
3.553681250,1,0
3.553682250,0,0
3.553682333,0,1
3.553682375,1,1
3.553683375,0,1
3.553684458,1,1
3.553685458,0,0
3.553686458,1,0
3.553687583,0,0
3.553688000,0,1
3.553688667,1,1
3.553689667,0,1
3.553689792,0,0
3.553690792,1,0
3.553691792,0,0
3.553692417,0,1
3.553692917,1,1
3.553693917,0,0
3.553695875,1,0
3.553697000,0,0
3.553698000,1,0
3.553699125,0,0
3.553700125,1,0
3.553701208,0,0
3.553702208,1,0
3.553703333,0,0
3.553704333,1,0
3.553705458,0,0
3.553706458,1,0
3.553707542,0,0
3.553708542,1,0
3.553709667,0,0
3.553710667,1,0
3.553711750,0,0
3.553712750,1,0
3.553713875,0,0
3.553714875,1,0
3.553716000,0,0
3.553717000,1,0
3.553718083,0,0
3.553719083,1,0
3.553720208,0,0
3.553721208,1,0
3.553722333,0,0
3.553723333,1,0
3.553724458,0,0
3.553725417,1,0
3.553726542,0,1
3.553727542,1,1
3.553728667,0,0
3.553729667,1,0
3.553730750,0,0
3.553731750,1,0
3.553732875,0,0
3.553733875,1,0
3.553735000,0,0
3.553736000,1,0
3.553737083,0,0
3.553738083,1,0
3.553739208,0,0
3.553740208,1,0
3.553741292,0,0
3.553742292,1,0
3.553743417,0,0
3.553744417,1,0
3.553745542,0,0
3.553746542,1,0
3.553747625,0,0
3.553748625,1,0
3.553749750,0,0
3.553750750,1,0
3.553751875,0,0
3.553752875,1,0
3.553753958,0,0
3.553754000,0,1
3.553754958,1,1
3.553756083,0,1
3.553756125,0,0
3.553757083,1,0
3.553758208,0,1
3.553759208,1,1
3.553760333,0,0
3.553761292,1,0
3.553762417,0,1
3.553763542,1,1
3.553764667,0,1
3.553765792,1,1
3.553766750,0,1
3.553766792,0,0
3.553767875,1,0
3.553769000,0,0
3.553769750,0,1
3.553771125,1,1
3.553772125,0,1
3.553773208,1,1
3.553774208,0,1
3.553775333,1,1
3.553776333,0,1
3.553777458,0,0
3.553778417,1,0
3.553779417,1,1
3.553788375,1,0
3.553789333,0,0
3.553791458,1,0
3.553792458,0,0
3.553793542,1,0
3.553794583,0,0
3.553795667,1,0
3.553796708,0,0
3.553797792,1,0
3.553798833,0,0
3.553798875,0,1
3.553799875,1,1
3.553800917,0,1
3.553801000,0,0
3.553802000,1,0
3.553803042,0,0
3.553803125,0,1
3.553804125,1,1
3.553805125,0,1
3.553806208,1,1
3.553807250,0,1
3.553808375,1,1
3.553809333,0,1
3.553810458,1,1
3.553811458,0,1
3.553811500,0,0
3.553812542,1,0
3.553813708,0,0
3.553814417,0,1
3.553814833,1,1
3.553815792,0,1
3.553815917,0,0
3.553816917,1,0
3.553817917,0,0
3.553818542,0,1
3.553819042,1,1
3.553820042,0,1
3.553820125,0,0
3.553822250,1,0
3.553823250,0,0
3.553823333,0,1
3.553824375,1,1
3.553825375,0,1
3.553825417,0,0
3.553826458,1,0
3.553827500,0,0
3.553828583,1,0
3.553829583,0,0
3.553830708,1,0
3.553831708,0,0
3.553832792,1,0
3.553833792,0,0
3.553834917,1,0
3.553835917,0,0
3.553837042,1,0
3.553838042,0,0
3.553839125,1,0
3.553840167,0,0
3.553841250,1,0
3.553842250,0,0
3.553843333,1,0
3.553844375,0,0
3.553845458,1,0
3.553846458,0,0
3.553847583,1,0
3.553848583,0,0
3.553849708,1,0
3.553850708,0,0
3.553850750,0,1
3.553851792,1,1
3.553852792,0,1
3.553852875,0,0
3.553853917,1,0
3.553854917,0,0
3.553856042,1,0
3.553857000,0,0
3.553858125,1,0
3.553859125,0,0
3.553860250,1,0
3.553861250,0,0
3.553861333,0,1
3.553862333,1,1
3.553863333,0,1
3.553863417,0,0
3.553864458,1,0
3.553865458,0,0
3.553866583,1,0
3.553867583,0,0
3.553868667,1,0
3.553869708,0,0
3.553870792,1,0
3.553871792,0,0
3.553872875,1,0
3.553873917,0,0
3.553875000,1,0
3.553876000,0,0
3.553877125,1,0
3.553878125,0,0
3.553879250,1,0
3.553880208,0,0
3.553881333,1,0
3.553882333,0,0
3.553882417,0,1
3.553883458,1,1
3.553884458,0,1
3.553884542,0,0
3.553885583,1,0
3.553886542,0,0
3.553887667,1,0
3.553888667,0,0
3.553889792,1,0
3.553890792,0,0
3.553891292,0,1
3.553891875,1,1
3.553892917,0,0
3.553894000,1,0
3.553895125,0,0
3.553895708,0,1
3.553896250,1,1
3.553897250,0,1
3.553898333,1,1
3.553899333,0,1
3.553900458,1,1
3.553901417,0,1
3.553902583,0,0
3.553903542,1,0
3.553904542,1,1
3.553913000,1,0
3.553914000,0,0
3.553916083,1,0
3.553917125,0,0
3.553918208,1,0
3.553919208,0,0
3.553920292,1,0
3.553921333,0,0
3.553922417,1,0
3.553923417,0,0
3.553923500,0,1
3.553924500,1,1
3.553925542,0,1
3.553925583,0,0
3.553926625,1,0
3.553927667,0,0
3.553928750,1,0
3.553929750,0,0
3.553929833,0,1
3.553930833,1,1
3.553931875,0,1
3.553931958,0,0
3.553933000,1,0
3.553933958,0,0
3.553934500,0,1
3.553935083,1,1
3.553936083,0,1
3.553936125,0,0
3.553937167,1,0
3.553938333,0,0
3.553938958,0,1
3.553939458,1,1
3.553940417,0,1
3.553940542,0,0
3.553941542,1,0
3.553942542,0,0
3.553943292,0,1
3.553943667,1,1
3.553944667,0,1
3.553944750,0,0
3.553946875,1,0
3.553947875,0,0
3.553948958,1,0
3.553950000,0,0
3.553951083,1,0
3.553952083,0,0
3.553953208,1,0
3.553954208,0,0
3.553955333,1,0
3.553956333,0,0
3.553957417,1,0
3.553958458,0,0
3.553959542,1,0
3.553960542,0,0
3.553961625,1,0
3.553962667,0,0
3.553963750,1,0
3.553964750,0,0
3.553965875,1,0
3.553966875,0,0
3.553968000,1,0
3.553968958,0,0
3.553970083,1,0
3.553971083,0,0
3.553972208,1,0
3.553973208,0,0
3.553974292,1,0
3.553975333,0,0
3.553976417,1,0
3.553977417,0,0
3.553977500,0,1
3.553978542,1,1
3.553979542,0,1
3.553979583,0,0
3.553980625,1,0
3.553981667,0,0
3.553982750,1,0
3.553983750,0,0
3.553984833,1,0
3.553985875,0,0
3.553986958,1,0
3.553987958,0,0
3.553989083,1,0
3.553990083,0,0
3.553991208,1,0
3.553992208,0,0
3.553993292,1,0
3.553994333,0,0
3.553995417,1,0
3.553996417,0,0
3.553997500,1,0
3.553998542,0,0
3.553999625,1,0
3.554000625,0,0
3.554001750,1,0
3.554002750,0,0
3.554003875,1,0
3.554004833,0,0
3.554005958,1,0
3.554006958,0,0
3.554008083,1,0
3.554009083,0,0
3.554010167,1,0
3.554011208,0,0
3.554012292,1,0
3.554013292,0,0
3.554013375,0,1
3.554014375,1,1
3.554015417,0,1
3.554016542,1,1
3.554017500,0,1
3.554017542,0,0
3.554018625,1,0
3.554019750,0,0
3.554020250,0,1
3.554020833,1,1
3.554021875,0,1
3.554022958,1,1
3.554023958,0,1
3.554025083,1,1
3.554026083,0,1
3.554027208,0,0
3.554028167,1,0
3.554029167,1,1
3.554037750,1,0
3.554038750,0,0
3.554040833,1,0
3.554041833,0,0
3.554042917,1,0
3.554043958,0,0
3.554044042,0,1
3.554045042,1,1
3.554046042,0,1
3.554046125,0,0
3.554047125,1,0
3.554048167,0,0
3.554048250,0,1
3.554049292,1,1
3.554050250,0,1
3.554051375,1,1
3.554052417,0,1
3.554053500,1,1
3.554054500,0,1
3.554055583,1,1
3.554056625,0,1
3.554057708,1,1
3.554058708,0,1
3.554059833,1,1
3.554060833,0,0
3.554061958,1,0
3.554063042,0,0
3.554063542,0,1
3.554064167,1,1
3.554065167,0,1
3.554065292,0,0
3.554066292,1,0
3.554067250,0,0
3.554067958,0,1
3.554068417,1,1
3.554069417,0,1
3.554069500,0,0
3.554071583,1,0
3.554072625,0,0
3.554073708,1,0
3.554074708,0,0
3.554075833,1,0
3.554076833,0,0
3.554077958,1,0
3.554078958,0,0
3.554080042,1,0
3.554081083,0,0
3.554082167,1,0
3.554083167,0,0
3.554083250,0,1
3.554084250,1,1
3.554085250,0,1
3.554085333,0,0
3.554086375,1,0
3.554087375,0,0
3.554088500,1,0
3.554089500,0,0
3.554090583,1,0
3.554091625,0,0
3.554091667,0,1
3.554092708,1,1
3.554093708,0,1
3.554093792,0,0
3.554094833,1,0
3.554095792,0,0
3.554096917,1,0
3.554097917,0,0
3.554099042,1,0
3.554100042,0,0
3.554101125,1,0
3.554102167,0,0
3.554102250,0,1
3.554103250,1,1
3.554104250,0,1
3.554104333,0,0
3.554105375,1,0
3.554106375,0,0
3.554107458,1,0
3.554108500,0,0
3.554109583,1,0
3.554110583,0,0
3.554111667,1,0
3.554112708,0,0
3.554113792,1,0
3.554114792,0,0
3.554115917,1,0
3.554116917,0,0
3.554118042,1,0
3.554119000,0,0
3.554120125,1,0
3.554121125,0,0
3.554122250,1,0
3.554123250,0,0
3.554124333,1,0
3.554125375,0,0
3.554126458,1,0
3.554127458,0,0
3.554128542,1,0
3.554129583,0,0
3.554130667,1,0
3.554131667,0,0
3.554132792,1,0
3.554133792,0,0
3.554134917,1,0
3.554135917,0,0
3.554137000,1,0
3.554138000,0,0
3.554138125,0,1
3.554139125,1,1
3.554140125,0,1
3.554141208,1,1
3.554142250,0,0
3.554143375,1,0
3.554144458,0,0
3.554144958,0,1
3.554145583,1,1
3.554146583,0,1
3.554147667,1,1
3.554148708,0,1
3.554149792,1,1
3.554150792,0,1
3.554151917,0,0
3.554152917,1,0
3.554153875,1,1
3.554162833,1,0
3.554163833,0,0
3.554165917,1,0
3.554166958,0,0
3.554168042,1,0
3.554169042,0,0
3.554170167,1,0
3.554171167,0,0
3.554172250,1,0
3.554173250,0,0
3.554173333,0,1
3.554174375,1,1
3.554175375,0,1
3.554175458,0,0
3.554176500,1,0
3.554177458,0,0
3.554177542,0,1
3.554178583,1,1
3.554179625,0,1
3.554180667,1,1
3.554181708,0,1
3.554182833,1,1
3.554183792,0,1
3.554184917,1,1
3.554185917,0,0
3.554186917,1,0
3.554188042,0,0
3.554188542,0,1
3.554189125,1,1
3.554190167,0,1
3.554190250,0,0
3.554191250,1,0
3.554192250,0,0
3.554192792,0,1
3.554193375,1,1
3.554194375,0,1
3.554194458,0,0
3.554196583,1,0
3.554197583,0,0
3.554197667,0,1
3.554198667,1,1
3.554199708,0,1
3.554199750,0,0
3.554200792,1,0
3.554201792,0,0
3.554202917,1,0
3.554203917,0,0
3.554205042,1,0
3.554206042,0,0
3.554207125,1,0
3.554208167,0,0
3.554209250,1,0
3.554210250,0,0
3.554211333,1,0
3.554212375,0,0
3.554213458,1,0
3.554214458,0,0
3.554215583,1,0
3.554216583,0,0
3.554217667,1,0
3.554218667,0,0
3.554219792,1,0
3.554220792,0,0
3.554221917,1,0
3.554222917,0,0
3.554224000,1,0
3.554225042,0,0
3.554225125,0,1
3.554226125,1,1
3.554227125,0,1
3.554227208,0,0
3.554228250,1,0
3.554229250,0,0
3.554230333,1,0
3.554231375,0,0
3.554232458,1,0
3.554233458,0,0
3.554234542,1,0
3.554235583,0,0
3.554235667,0,1
3.554236667,1,1
3.554237708,0,1
3.554237750,0,0
3.554238792,1,0
3.554239792,0,0
3.554240875,1,0
3.554241917,0,0
3.554243000,1,0
3.554244000,0,0
3.554245125,1,0
3.554246125,0,0
3.554247250,1,0
3.554248250,0,0
3.554249333,1,0
3.554250375,0,0
3.554251458,1,0
3.554252458,0,0
3.554253542,1,0
3.554254583,0,0
3.554255667,1,0
3.554256667,0,0
3.554257750,1,0
3.554258792,0,0
3.554259875,1,0
3.554260875,0,0
3.554262000,1,0
3.554263000,0,0
3.554263083,0,1
3.554264125,1,1
3.554265125,0,1
3.554266208,1,1
3.554267250,0,0
3.554268333,1,0
3.554269458,0,0
3.554270000,0,1
3.554270583,1,1
3.554271583,0,1
3.554272667,1,1
3.554273667,0,1
3.554274792,1,1
3.554275792,0,1
3.554276917,0,0
3.554277917,1,0
3.554278875,1,1
3.554287333,1,0
3.554288333,0,0
3.554290417,1,0
3.554291458,0,0
3.554292542,1,0
3.554293542,0,0
3.554293625,0,1
3.554294625,1,1
3.554295667,0,1
3.554295750,0,0
3.554296750,1,0
3.554297750,0,0
3.554297833,0,1
3.554298875,1,1
3.554299875,0,1
3.554300958,1,1
3.554302000,0,1
3.554303083,1,1
3.554304083,0,1
3.554305167,1,1
3.554306208,0,1
3.554307333,1,1
3.554308292,0,1
3.554309417,1,1
3.554310417,0,0
3.554311417,1,0
3.554312542,0,0
3.554313083,0,1
3.554313625,1,1
3.554314625,0,1
3.554314750,0,0
3.554315750,1,0
3.554316750,0,0
3.554317292,0,1
3.554317833,1,1
3.554318833,0,1
3.554318958,0,0
3.554321083,1,0
3.554322083,0,0
3.554323208,1,0
3.554324208,0,0
3.554325292,1,0
3.554326333,0,0
3.554327417,1,0
3.554328417,0,0
3.554329500,1,0
3.554330542,0,0
3.554331625,1,0
3.554332625,0,0
3.554332708,0,1
3.554333750,1,1
3.554334750,0,1
3.554334792,0,0
3.554335833,1,0
3.554336875,0,0
3.554337958,1,0
3.554338958,0,0
3.554340083,1,0
3.554341083,0,0
3.554341167,0,1
3.554342167,1,1
3.554343208,0,1
3.554343250,0,0
3.554344292,1,0
3.554345292,0,0
3.554346375,1,0
3.554347417,0,0
3.554348500,1,0
3.554349500,0,0
3.554350625,1,0
3.554351625,0,0
3.554352750,1,0
3.554353750,0,0
3.554354833,1,0
3.554355875,0,0
3.554356958,1,0
3.554357958,0,0
3.554359042,1,0
3.554360083,0,0
3.554361167,1,0
3.554362167,0,0
3.554363292,1,0
3.554364292,0,0
3.554365417,1,0
3.554366375,0,0
3.554367500,1,0
3.554368500,0,0
3.554369625,1,0
3.554370625,0,0
3.554371708,1,0
3.554372750,0,0
3.554373833,1,0
3.554374833,0,0
3.554375917,1,0
3.554376958,0,0
3.554378042,1,0
3.554379042,0,0
3.554380167,1,0
3.554381167,0,0
3.554382292,1,0
3.554383292,0,0
3.554384375,1,0
3.554385417,0,0
3.554386500,1,0
3.554387500,0,0
3.554388625,1,0
3.554389625,0,0
3.554390375,0,1
3.554390708,1,1
3.554391708,0,0
3.554392708,1,0
3.554393833,0,0
3.554394417,0,1
3.554394917,1,1
3.554395958,0,1
3.554397042,1,1
3.554398042,0,1
3.554399167,1,1
3.554400125,0,1
3.554401292,0,0
3.554402250,1,0
3.554403250,1,1
3.554408958,1,0
3.554409958,0,0
3.554412083,1,0
3.554413083,0,0
3.554414167,1,0
3.554415167,0,0
3.554416292,1,0
3.554417292,0,0
3.554418417,1,0
3.554419417,0,0
3.554419500,0,1
3.554420500,1,1
3.554421542,0,1
3.554421583,0,0
3.554422583,1,0
3.554423625,0,0
3.554424708,1,0
3.554425750,0,0
3.554426833,1,0
3.554427833,0,0
3.554427958,1,1
3.554428958,0,1
3.554430042,1,1
3.554431042,0,0
3.554432042,1,0
3.554433167,0,0
3.554433583,0,1
3.554434250,1,1
3.554435250,0,1
3.554435375,0,0
3.554436375,1,0
3.554437417,0,0
3.554438083,0,1
3.554438500,1,1
3.554439500,0,0
3.554441458,1,0
3.554442583,0,0
3.554443583,1,0
3.554444708,0,0
3.554445708,1,0
3.554446792,0,0
3.554447792,1,0
3.554448917,0,0
3.554449917,1,0
3.554451042,0,0
3.554452042,1,0
3.554453125,0,0
3.554453167,0,1
3.554454125,1,1
3.554455250,0,1
3.554456250,1,1
3.554457333,0,0
3.554458333,1,0
3.554459458,0,0
3.554460458,1,0
3.554461542,0,0
3.554462542,1,0
3.554463708,0,0
3.554464667,1,0
3.554465792,0,0
3.554466792,1,0
3.554467917,0,0
3.554468875,1,0
3.554470000,0,1
3.554471000,1,1
3.554472125,0,1
3.554473125,1,1
3.554474250,0,1
3.554475208,1,1
3.554476333,0,0
3.554477333,1,0
3.554478458,0,0
3.554479417,1,0
3.554480583,0,0
3.554481542,1,0
3.554482667,0,0
3.554483667,1,0
3.554484792,0,0
3.554485750,1,0
3.554486917,0,0
3.554487875,1,0
3.554489000,0,1
3.554490000,1,1
3.554491125,0,1
3.554492125,1,1
3.554493208,0,0
3.554494208,1,0
3.554495333,0,0
3.554496333,1,0
3.554497417,0,0
3.554498417,1,0
3.554499542,0,0
3.554500542,1,0
3.554501667,0,0
3.554502667,1,0
3.554503750,0,0
3.554503792,0,1
3.554504750,1,1
3.554505875,0,1
3.554506875,1,1
3.554508000,0,1
3.554509125,1,1
3.554510208,0,1
3.554511375,1,1
3.554512333,0,1
3.554512375,0,0
3.554513458,1,0
3.554514583,0,0
3.554515292,0,1
3.554516667,1,1
3.554517667,0,1
3.554518792,1,1
3.554519792,0,1
3.554520917,1,1
3.554521875,0,1
3.554523042,0,0
3.554524000,1,0
3.554525000,1,1
3.554533958,1,0
3.554534917,0,0
3.554537042,1,0
3.554538042,0,0
3.554539125,1,0
3.554540167,0,0
3.554541250,1,0
3.554542250,0,0
3.554543333,1,0
3.554544375,0,0
3.554544458,0,1
3.554545458,1,1
3.554546458,0,1
3.554546542,0,0
3.554547542,1,0
3.554548583,0,0
3.554548667,0,1
3.554549708,1,1
3.554550708,0,1
3.554551792,1,1
3.554552833,0,1
3.554553917,1,1
3.554554917,0,1
3.554556042,1,1
3.554557042,0,0
3.554558125,1,0
3.554559250,0,0
3.554559958,0,1
3.554560375,1,1
3.554561375,0,1
3.554561500,0,0
3.554562458,1,0
3.554563458,0,0
3.554564167,0,1
3.554564583,1,1
3.554565625,0,1
3.554565708,0,0
3.554567792,1,0
3.554568833,0,0
3.554568917,0,1
3.554569917,1,1
3.554570958,0,1
3.554571000,0,0
3.554572042,1,0
3.554573042,0,0
3.554574125,1,0
3.554575167,0,0
3.554576250,1,0
3.554577250,0,0
3.554578375,1,0
3.554579375,0,0
3.554580458,1,0
3.554581458,0,0
3.554582583,1,0
3.554583583,0,0
3.554584708,1,0
3.554585708,0,0
3.554586792,1,0
3.554587833,0,0
3.554588917,1,0
3.554589917,0,0
3.554591000,1,0
3.554592042,0,0
3.554593125,1,0
3.554594125,0,0
3.554595250,1,0
3.554596250,0,0
3.554596333,0,1
3.554597333,1,1
3.554598375,0,1
3.554598417,0,0
3.554599458,1,0
3.554600458,0,0
3.554601542,1,0
3.554602583,0,0
3.554603667,1,0
3.554604667,0,0
3.554605792,1,0
3.554606792,0,0
3.554606875,0,1
3.554607875,1,1
3.554608917,0,1
3.554608958,0,0
3.554610000,1,0
3.554611000,0,0
3.554612125,1,0
3.554613125,0,0
3.554614250,1,0
3.554615250,0,0
3.554616333,1,0
3.554617375,0,0
3.554618458,1,0
3.554619458,0,0
3.554620542,1,0
3.554621583,0,0
3.554622667,1,0
3.554623667,0,0
3.554624792,1,0
3.554625792,0,0
3.554626875,1,0
3.554627875,0,0
3.554629000,1,0
3.554630000,0,0
3.554631125,1,0
3.554632125,0,0
3.554633208,1,0
3.554634250,0,0
3.554634333,0,1
3.554635333,1,1
3.554636333,0,1
3.554637458,1,1
3.554638458,0,0
3.554639583,1,0
3.554640708,0,0
3.554641292,0,1
3.554641792,1,1
3.554642792,0,1
3.554643917,1,1
3.554644917,0,1
3.554646000,1,1
3.554647000,0,1
3.554648125,0,0
3.554649125,1,0
3.554650125,1,1
3.554658583,1,0
3.554659542,0,0
3.554661667,1,0
3.554662667,0,0
3.554663750,1,0
3.554664750,0,0
3.554665875,1,0
3.554666875,0,0
3.554667958,1,0
3.554669000,0,0
3.554669083,0,1
3.554670083,1,1
3.554671083,0,1
3.554671167,0,0
3.554672208,1,0
3.554673208,0,0
3.554674333,1,0
3.554675333,0,0
3.554675417,0,1
3.554676417,1,1
3.554677458,0,1
3.554677542,0,0
3.554678542,1,0
3.554679542,0,0
3.554680042,0,1
3.554680667,1,1
3.554681667,0,0
3.554682750,1,0
3.554683917,0,0
3.554684500,0,1
3.554685000,1,1
3.554686000,0,1
3.554686125,0,0
3.554687083,1,0
3.554688125,0,0
3.554688875,0,1
3.554689208,1,1
3.554690208,0,1
3.554690333,0,0
3.554692458,1,0
3.554693458,0,0
3.554694542,1,0
3.554695583,0,0
3.554696667,1,0
3.554697667,0,0
3.554698792,1,0
3.554699792,0,0
3.554700917,1,0
3.554701917,0,0
3.554703000,1,0
3.554704042,0,0
3.554704083,0,1
3.554705125,1,1
3.554706125,0,1
3.554706208,0,0
3.554707250,1,0
3.554708208,0,0
3.554709333,1,0
3.554710333,0,0
3.554711458,1,0
3.554712458,0,0
3.554713542,1,0
3.554714583,0,0
3.554715667,1,0
3.554716667,0,0
3.554717750,1,0
3.554718792,0,0
3.554719917,1,0
3.554720875,0,0
3.554720958,0,1
3.554722000,1,1
3.554723000,0,1
3.554723083,0,0
3.554724125,1,0
3.554725125,0,0
3.554725208,0,1
3.554726208,1,1
3.554727250,0,1
3.554727292,0,0
3.554728333,1,0
3.554729333,0,0
3.554730417,1,0
3.554731458,0,0
3.554732542,1,0
3.554733542,0,0
3.554734667,1,0
3.554735667,0,0
3.554736792,1,0
3.554737792,0,0
3.554738875,1,0
3.554739917,0,0
3.554740000,0,1
3.554741000,1,1
3.554742000,0,1
3.554743083,1,1
3.554744125,0,1
3.554744208,0,0
3.554745208,1,0
3.554746250,0,0
3.554747333,1,0
3.554748333,0,0
3.554749417,1,0
3.554750458,0,0
3.554751542,1,0
3.554752542,0,0
3.554753667,1,0
3.554754667,0,0
3.554754750,0,1
3.554755750,1,1
3.554756792,0,1
3.554757875,1,1
3.554758875,0,1
3.554760000,1,1
3.554761000,0,1
3.554762083,1,1
3.554763083,0,0
3.554764083,1,0
3.554765208,0,0
3.554765708,0,1
3.554766333,1,1
3.554767333,0,1
3.554768417,1,1
3.554769417,0,1
3.554770542,1,1
3.554771542,0,1
3.554772667,0,0
3.554773625,1,0
3.554774625,1,1
3.554783208,1,0
3.554784167,0,0
3.554786292,1,0
3.554787292,0,0
3.554788417,1,0
3.554789417,0,0
3.554789500,0,1
3.554790500,1,1
3.554791542,0,1
3.554791583,0,0
3.554792625,1,0
3.554793667,0,0
3.554793708,0,1
3.554794708,1,1
3.554795750,0,1
3.554796833,1,1
3.554797833,0,1
3.554798958,1,1
3.554799958,0,1
3.554801042,1,1
3.554802083,0,1
3.554803208,1,1
3.554804167,0,1
3.554805292,1,1
3.554806292,0,1
3.554806333,0,0
3.554807375,1,0
3.554808542,0,0
3.554809083,0,1
3.554809667,1,1
3.554810625,0,1
3.554810750,0,0
3.554811750,1,0
3.554812750,0,0
3.554813500,0,1
3.554813875,1,1
3.554814875,0,1
3.554814958,0,0
3.554817083,1,0
3.554818083,0,0
3.554819167,1,0
3.554820208,0,0
3.554821292,1,0
3.554822292,0,0
3.554823417,1,0
3.554824417,0,0
3.554825542,1,0
3.554826542,0,0
3.554827625,1,0
3.554828667,0,0
3.554828750,0,1
3.554829750,1,1
3.554830750,0,1
3.554830833,0,0
3.554831875,1,0
3.554832833,0,0
3.554833958,1,0
3.554834958,0,0
3.554836083,1,0
3.554837083,0,0
3.554837167,0,1
3.554838167,1,1
3.554839167,0,1
3.554839250,0,0
3.554840292,1,0
3.554841292,0,0
3.554842417,1,0
3.554843417,0,0
3.554844500,1,0
3.554845542,0,0
3.554846625,1,0
3.554847625,0,0
3.554847708,0,1
3.554848750,1,1
3.554849750,0,1
3.554849792,0,0
3.554850833,1,0
3.554851875,0,0
3.554852958,1,0
3.554853958,0,0
3.554855042,1,0
3.554856083,0,0
3.554857167,1,0
3.554858167,0,0
3.554859292,1,0
3.554860292,0,0
3.554861417,1,0
3.554862375,0,0
3.554863500,1,0
3.554864500,0,0
3.554865625,1,0
3.554866625,0,0
3.554867708,1,0
3.554868750,0,0
3.554869833,1,0
3.554870833,0,0
3.554871917,1,0
3.554872958,0,0
3.554874042,1,0
3.554875042,0,0
3.554876167,1,0
3.554877167,0,0
3.554878292,1,0
3.554879292,0,0
3.554880375,1,0
3.554881417,0,0
3.554882500,1,0
3.554883500,0,0
3.554883583,0,1
3.554884583,1,1
3.554885583,0,1
3.554886708,1,1
3.554887708,0,0
3.554888833,1,0
3.554889958,0,0
3.554890417,0,1
3.554891042,1,1
3.554892042,0,1
3.554893167,1,1
3.554894167,0,1
3.554895250,1,1
3.554896292,0,1
3.554897375,0,0
3.554898375,1,0
3.554899375,1,1
3.554908333,1,0
3.554909292,0,0
3.554911417,1,0
3.554912417,0,0
3.554913500,1,0
3.554914542,0,0
3.554915625,1,0
3.554916625,0,0
3.554917708,1,0
3.554918750,0,0
3.554918833,0,1
3.554919875,1,1
3.554920833,0,1
3.554920917,0,0
3.554921958,1,0
3.554922958,0,0
3.554923042,0,1
3.554924083,1,1
3.554925083,0,1
3.554926167,1,1
3.554927208,0,1
3.554928292,1,1
3.554929292,0,1
3.554930417,1,1
3.554931417,0,0
3.554932500,1,0
3.554933667,0,0
3.554934167,0,1
3.554934750,1,1
3.554935750,0,1
3.554935875,0,0
3.554936833,1,0
3.554937875,0,0
3.554938417,0,1
3.554938958,1,1
3.554939958,0,1
3.554940083,0,0
3.554942208,1,0
3.554943208,0,0
3.554943292,0,1
3.554944292,1,1
3.554945292,0,1
3.554945375,0,0
3.554946417,1,0
3.554947417,0,0
3.554948542,1,0
3.554949542,0,0
3.554950625,1,0
3.554951667,0,0
3.554952750,1,0
3.554953750,0,0
3.554954833,1,0
3.554955875,0,0
3.554956958,1,0
3.554957958,0,0
3.554959042,1,0
3.554960083,0,0
3.554961167,1,0
3.554962167,0,0
3.554963292,1,0
3.554964292,0,0
3.554965417,1,0
3.554966417,0,0
3.554967500,1,0
3.554968500,0,0
3.554969625,1,0
3.554970625,0,0
3.554970708,0,1
3.554971750,1,1
3.554972750,0,1
3.554972792,0,0
3.554973833,1,0
3.554974875,0,0
3.554975958,1,0
3.554976958,0,0
3.554978042,1,0
3.554979083,0,0
3.554980167,1,0
3.554981167,0,0
3.554981250,0,1
3.554982292,1,1
3.554983292,0,1
3.554983333,0,0
3.554984375,1,0
3.554985417,0,0
3.554986500,1,0
3.554987500,0,0
3.554988583,1,0
3.554989625,0,0
3.554990708,1,0
3.554991708,0,0
3.554992833,1,0
3.554993833,0,0
3.554994958,1,0
3.554995958,0,0
3.554997042,1,0
3.554998083,0,0
3.554999167,1,0
3.555000167,0,0
3.555001250,1,0
3.555002292,0,0
3.555003375,1,0
3.555004375,0,0
3.555005500,1,0
3.555006500,0,0
3.555007625,1,0
3.555008583,0,0
3.555008708,0,1
3.555009708,1,1
3.555010708,0,1
3.555011833,1,1
3.555012833,0,0
3.555013958,1,0
3.555015042,0,0
3.555015625,0,1
3.555016167,1,1
3.555017167,0,1
3.555018250,1,1
3.555019292,0,1
3.555020375,1,1
3.555021417,0,1
3.555022500,0,0
3.555023500,1,0
3.555024458,1,1
3.555033042,1,0
3.555034042,0,0
3.555036125,1,0
3.555037167,0,0
3.555038250,1,0
3.555039250,0,0
3.555039333,0,1
3.555040375,1,1
3.555041375,0,1
3.555041458,0,0
3.555042500,1,0
3.555043500,0,0
3.555043542,0,1
3.555044583,1,1
3.555045625,0,1
3.555046708,1,1
3.555047708,0,1
3.555048792,1,1
3.555049833,0,1
3.555050917,1,1
3.555051917,0,1
3.555053042,1,1
3.555054042,0,1
3.555055167,1,1
3.555056125,0,1
3.555056167,0,0
3.555057167,1,0
3.555058250,0,0
3.555058875,0,1
3.555059375,1,1
3.555060375,0,1
3.555060458,0,0
3.555061500,1,0
3.555062458,0,0
3.555063042,0,1
3.555063583,1,1
3.555064583,0,1
3.555064667,0,0
3.555066792,1,0
3.555067833,0,0
3.555068917,1,0
3.555069917,0,0
3.555071042,1,0
3.555072042,0,0
3.555073167,1,0
3.555074167,0,0
3.555075250,1,0
3.555076250,0,0
3.555077375,1,0
3.555078375,0,0
3.555078458,0,1
3.555079500,1,1
3.555080458,0,1
3.555080542,0,0
3.555081583,1,0
3.555082583,0,0
3.555083708,1,0
3.555084708,0,0
3.555085792,1,0
3.555086833,0,0
3.555086917,0,1
3.555087917,1,1
3.555088917,0,1
3.555089000,0,0
3.555090042,1,0
3.555091042,0,0
3.555092125,1,0
3.555093167,0,0
3.555094250,1,0
3.555095250,0,0
3.555096333,1,0
3.555097375,0,0
3.555098458,1,0
3.555099458,0,0
3.555100583,1,0
3.555101583,0,0
3.555102708,1,0
3.555103708,0,0
3.555104792,1,0
3.555105833,0,0
3.555106917,1,0
3.555107917,0,0
3.555109000,1,0
3.555110042,0,0
3.555111125,1,0
3.555112125,0,0
3.555113250,1,0
3.555114250,0,0
3.555115375,1,0
3.555116333,0,0
3.555117458,1,0
3.555118458,0,0
3.555119583,1,0
3.555120583,0,0
3.555121667,1,0
3.555122708,0,0
3.555123792,1,0
3.555124792,0,0
3.555125917,1,0
3.555126917,0,0
3.555128042,1,0
3.555129000,0,0
3.555130125,1,0
3.555131125,0,0
3.555132250,1,0
3.555133250,0,0
3.555134375,1,0
3.555135375,0,0
3.555136125,0,1
3.555136458,1,1
3.555137458,0,0
3.555138458,1,0
3.555139583,0,0
3.555140208,0,1
3.555140667,1,1
3.555141708,0,1
3.555142792,1,1
3.555143792,0,1
3.555144917,1,1
3.555145875,0,1
3.555147042,0,0
3.555148000,1,0
3.555149000,1,1
3.555154708,1,0
3.555155708,0,0
3.555157833,1,0
3.555158833,0,0
3.555159917,1,0
3.555160917,0,0
3.555162042,1,0
3.555163042,0,0
3.555164167,1,0
3.555165167,0,0
3.555165250,0,1
3.555166250,1,1
3.555167292,0,1
3.555167333,0,0
3.555168375,1,0
3.555169375,0,0
3.555170458,1,0
3.555171500,0,0
3.555172583,1,0
3.555173625,0,0
3.555173708,1,1
3.555174708,0,1
3.555175792,1,1
3.555176792,0,1
3.555176833,0,0
3.555177792,1,0
3.555178917,0,0
3.555179292,0,1
3.555180042,1,1
3.555181042,0,1
3.555181125,0,0
3.555182167,1,0
3.555183167,0,0
3.555183875,0,1
3.555184250,1,1
3.555185250,0,0
3.555187208,1,0
3.555188375,0,0
3.555189333,1,0
3.555190458,0,0
3.555191458,1,0
3.555192583,0,0
3.555193542,1,0
3.555194667,0,0
3.555195667,1,0
3.555196792,0,0
3.555197792,1,0
3.555198917,0,0
3.555199875,1,0
3.555201000,0,0
3.555202000,1,0
3.555203083,0,0
3.555204083,1,0
3.555205250,0,0
3.555206208,1,0
3.555207333,0,0
3.555208333,1,0
3.555209458,0,0
3.555210417,1,0
3.555211542,0,0
3.555212542,1,0
3.555213667,0,0
3.555214667,1,0
3.555215792,0,0
3.555216750,1,0
3.555217875,0,0
3.555218875,1,0
3.555220000,0,1
3.555220958,1,1
3.555222083,0,1
3.555222125,0,0
3.555223083,1,0
3.555224208,0,0
3.555225208,1,0
3.555226333,0,0
3.555227333,1,0
3.555228458,0,0
3.555229417,1,0
3.555230542,0,0
3.555231542,1,0
3.555232667,0,0
3.555233625,1,0
3.555234792,0,1
3.555235750,1,1
3.555236875,0,1
3.555237875,1,1
3.555239000,0,0
3.555239958,1,0
3.555241083,0,0
3.555242083,1,0
3.555243208,0,0
3.555244208,1,0
3.555245292,0,0
3.555246292,1,0
3.555247458,0,0
3.555248417,1,0
3.555249542,0,1
3.555250542,1,1
3.555251667,0,1
3.555252667,1,1
3.555253750,0,1
3.555254792,1,1
3.555255875,0,1
3.555257000,1,1
3.555258000,0,0
3.555259125,1,0
3.555260208,0,0
3.555260875,0,1
3.555262333,1,1
3.555263333,0,1
3.555264417,1,1
3.555265417,0,1
3.555266542,1,1
3.555267542,0,1
3.555268667,0,0
3.555269667,1,0
3.555270625,1,1
3.555279583,1,0
3.555280583,0,0
3.555282667,1,0
3.555283708,0,0
3.555284792,1,0
3.555285792,0,0
3.555286917,1,0
3.555287917,0,0
3.555289000,1,0
3.555290000,0,0
3.555290083,0,1
3.555291125,1,1
3.555292125,0,1
3.555292208,0,0
3.555293250,1,0
3.555294208,0,0
3.555294292,0,1
3.555295333,1,1
3.555296375,0,1
3.555297458,1,1
3.555298458,0,1
3.555299583,1,1
3.555300583,0,1
3.555301667,1,1
3.555302667,0,0
3.555303667,1,0
3.555304792,0,0
3.555305333,0,1
3.555305875,1,1
3.555306875,0,1
3.555307000,0,0
3.555308000,1,0
3.555309000,0,0
3.555309750,0,1
3.555310125,1,1
3.555311125,0,1
3.555311208,0,0
3.555313333,1,0
3.555314375,0,0
3.555314458,0,1
3.555315458,1,1
3.555316458,0,1
3.555316542,0,0
3.555317583,1,0
3.555318583,0,0
3.555319667,1,0
3.555320708,0,0
3.555321792,1,0
3.555322792,0,0
3.555323875,1,0
3.555324917,0,0
3.555326000,1,0
3.555327000,0,0
3.555328125,1,0
3.555329125,0,0
3.555330250,1,0
3.555331208,0,0
3.555332333,1,0
3.555333333,0,0
3.555334458,1,0
3.555335458,0,0
3.555336542,1,0
3.555337583,0,0
3.555338667,1,0
3.555339667,0,0
3.555340792,1,0
3.555341792,0,0
3.555341875,0,1
3.555342875,1,1
3.555343917,0,1
3.555343958,0,0
3.555345000,1,0
3.555346000,0,0
3.555347083,1,0
3.555348125,0,0
3.555349208,1,0
3.555350208,0,0
3.555351333,1,0
3.555352333,0,0
3.555352417,0,1
3.555353417,1,1
3.555354458,0,1
3.555354500,0,0
3.555355542,1,0
3.555356542,0,0
3.555357667,1,0
3.555358667,0,0
3.555359792,1,0
3.555360792,0,0
3.555361875,1,0
3.555362917,0,0
3.555364000,1,0
3.555365000,0,0
3.555366083,1,0
3.555367125,0,0
3.555368208,1,0
3.555369208,0,0
3.555370292,1,0
3.555371333,0,0
3.555372417,1,0
3.555373417,0,0
3.555374542,1,0
3.555375542,0,0
3.555376667,1,0
3.555377667,0,0
3.555378750,1,0
3.555379792,0,0
3.555379875,0,1
3.555380875,1,1
3.555381875,0,1
3.555383000,1,1
3.555383958,0,1
3.555384000,0,0
3.555384958,1,0
3.555386083,0,0
3.555386625,0,1
3.555387208,1,1
3.555388208,0,1
3.555389292,1,1
3.555390292,0,1
3.555391417,1,1
3.555392417,0,1
3.555393542,0,0
3.555394500,1,0
3.555395500,1,1
3.555403958,1,0
3.555404958,0,0
3.555407042,1,0
3.555408042,0,0
3.555409167,1,0
3.555410167,0,0
3.555411250,1,0
3.555412292,0,0
3.555413375,1,0
3.555414417,0,0
3.555414500,0,1
3.555415500,1,1
3.555416500,0,1
3.555416583,0,0
3.555417583,1,0
3.555418625,0,0
3.555419708,1,0
3.555420708,0,0
3.555420792,0,1
3.555421833,1,1
3.555422833,0,1
3.555422917,0,0
3.555423958,1,0
3.555424958,0,0
3.555425458,0,1
3.555426042,1,1
3.555427042,0,0
3.555428042,1,0
3.555429167,0,0
3.555429625,0,1
3.555430292,1,1
3.555431250,0,1
3.555431375,0,0
3.555432375,1,0
3.555433375,0,0
3.555434042,0,1
3.555434500,1,1
3.555435500,0,1
3.555435583,0,0
3.555437708,1,0
3.555438750,0,0
3.555439833,1,0
3.555440833,0,0
3.555441917,1,0
3.555442958,0,0
3.555444042,1,0
3.555445042,0,0
3.555446167,1,0
3.555447167,0,0
3.555448292,1,0
3.555449292,0,0
3.555450375,1,0
3.555451417,0,0
3.555452500,1,0
3.555453500,0,0
3.555454583,1,0
3.555455625,0,0
3.555456708,1,0
3.555457708,0,0
3.555458792,1,0
3.555459833,0,0
3.555460917,1,0
3.555461917,0,0
3.555463042,1,0
3.555464042,0,0
3.555465167,1,0
3.555466167,0,0
3.555467250,1,0
3.555468292,0,0
3.555469375,1,0
3.555470375,0,0
3.555470458,0,1
3.555471500,1,1
3.555472500,0,1
3.555472542,0,0
3.555473583,1,0
3.555474625,0,0
3.555475708,1,0
3.555476708,0,0
3.555477792,1,0
3.555478833,0,0
3.555479917,1,0
3.555480917,0,0
3.555482042,1,0
3.555483042,0,0
3.555484167,1,0
3.555485167,0,0
3.555485208,0,1
3.555486250,1,1
3.555487250,0,1
3.555488375,1,1
3.555489375,0,1
3.555489458,0,0
3.555490500,1,0
3.555491500,0,0
3.555492583,1,0
3.555493625,0,0
3.555494708,1,0
3.555495708,0,0
3.555496792,1,0
3.555497833,0,0
3.555498917,1,0
3.555499917,0,0
3.555500000,0,1
3.555501042,1,1
3.555502042,0,1
3.555503125,1,1
3.555504125,0,1
3.555505250,1,1
3.555506250,0,1
3.555507375,1,1
3.555508375,0,0
3.555509458,1,0
3.555510583,0,0
3.555511042,0,1
3.555511708,1,1
3.555512708,0,1
3.555513792,1,1
3.555514792,0,1
3.555515917,1,1
3.555516917,0,1
3.555518042,0,0
3.555519042,1,0
3.555520000,1,1
3.555528583,1,0
3.555529583,0,0
3.555531667,1,0
3.555532708,0,0
3.555533792,1,0
3.555534833,0,0
3.555534875,0,1
3.555535875,1,1
3.555536917,0,1
3.555537000,0,0
3.555538000,1,0
3.555539042,0,0
3.555539125,0,1
3.555540125,1,1
3.555541125,0,1
3.555542208,1,1
3.555543250,0,1
3.555544333,1,1
3.555545333,0,1
3.555546417,1,1
3.555547458,0,1
3.555548583,1,1
3.555549583,0,1
3.555550667,1,1
3.555551708,0,0
3.555552792,1,0
3.555553917,0,0
3.555554417,0,1
3.555555042,1,1
3.555556042,0,1
3.555556125,0,0
3.555557125,1,0
3.555558125,0,0
3.555558750,0,1
3.555559250,1,1
3.555560250,0,1
3.555560333,0,0
3.555562458,1,0
3.555563458,0,0
3.555564583,1,0
3.555565583,0,0
3.555566708,1,0
3.555567708,0,0
3.555568792,1,0
3.555569833,0,0
3.555570917,1,0
3.555571917,0,0
3.555573000,1,0
3.555574042,0,0
3.555574125,0,1
3.555575125,1,1
3.555576167,0,1
3.555576208,0,0
3.555577250,1,0
3.555578250,0,0
3.555579333,1,0
3.555580375,0,0
3.555581458,1,0
3.555582458,0,0
3.555582542,0,1
3.555583583,1,1
3.555584583,0,1
3.555584625,0,0
3.555585667,1,0
3.555586708,0,0
3.555587792,1,0
3.555588792,0,0
3.555589917,1,0
3.555590917,0,0
3.555592042,1,0
3.555593042,0,0
3.555593083,0,1
3.555594125,1,1
3.555595125,0,1
3.555595208,0,0
3.555596250,1,0
3.555597250,0,0
3.555598375,1,0
3.555599375,0,0
3.555600458,1,0
3.555601458,0,0
3.555602583,1,0
3.555603583,0,0
3.555604667,1,0
3.555605708,0,0
3.555606792,1,0
3.555607792,0,0
3.555608875,1,0
3.555609917,0,0
3.555611000,1,0
3.555612000,0,0
3.555613125,1,0
3.555614125,0,0
3.555615250,1,0
3.555616250,0,0
3.555617333,1,0
3.555618375,0,0
3.555619458,1,0
3.555620458,0,0
3.555621542,1,0
3.555622583,0,0
3.555623667,1,0
3.555624667,0,0
3.555625792,1,0
3.555626792,0,0
3.555627917,1,0
3.555628875,0,0
3.555629000,0,1
3.555630000,1,1
3.555631000,0,1
3.555632125,1,1
3.555633125,0,0
3.555634250,1,0
3.555635333,0,0
3.555635875,0,1
3.555636458,1,1
3.555637458,0,1
3.555638583,1,1
3.555639583,0,1
3.555640667,1,1
3.555641708,0,1
3.555642792,0,0
3.555643792,1,0
3.555644750,1,1
3.555653583,1,0
3.555654583,0,0
3.555656667,1,0
3.555657708,0,0
3.555658792,1,0
3.555659792,0,0
3.555660917,1,0
3.555661917,0,0
3.555663042,1,0
3.555664000,0,0
3.555664083,0,1
3.555665125,1,1
3.555666167,0,1
3.555666208,0,0
3.555667250,1,0
3.555668250,0,0
3.555668333,0,1
3.555669333,1,1
3.555670375,0,1
3.555671458,1,1
3.555672458,0,1
3.555673583,1,1
3.555674583,0,1
3.555675667,1,1
3.555676667,0,0
3.555677667,1,0
3.555678792,0,0
3.555679333,0,1
3.555679875,1,1
3.555680917,0,1
3.555681042,0,0
3.555682000,1,0
3.555683000,0,0
3.555683542,0,1
3.555684125,1,1
3.555685125,0,1
3.555685250,0,0
3.555687333,1,0
3.555688375,0,0
3.555688458,0,1
3.555689458,1,1
3.555690458,0,1
3.555690542,0,0
3.555691583,1,0
3.555692583,0,0
3.555693667,1,0
3.555694708,0,0
3.555695792,1,0
3.555696792,0,0
3.555697875,1,0
3.555698917,0,0
3.555700000,1,0
3.555701000,0,0
3.555702125,1,0
3.555703125,0,0
3.555704250,1,0
3.555705250,0,0
3.555706333,1,0
3.555707333,0,0
3.555708458,1,0
3.555709458,0,0
3.555710542,1,0
3.555711583,0,0
3.555712667,1,0
3.555713667,0,0
3.555714792,1,0
3.555715792,0,0
3.555715875,0,1
3.555716875,1,1
3.555717917,0,1
3.555717958,0,0
3.555719000,1,0
3.555720000,0,0
3.555721125,1,0
3.555722125,0,0
3.555723250,1,0
3.555724208,0,0
3.555725333,1,0
3.555726333,0,0
3.555726417,0,1
3.555727458,1,1
3.555728458,0,1
3.555728542,0,0
3.555729542,1,0
3.555730542,0,0
3.555731667,1,0
3.555732667,0,0
3.555733792,1,0
3.555734792,0,0
3.555735875,1,0
3.555736917,0,0
3.555738000,1,0
3.555739000,0,0
3.555740125,1,0
3.555741125,0,0
3.555742250,1,0
3.555743208,0,0
3.555744333,1,0
3.555745333,0,0
3.555746458,1,0
3.555747458,0,0
3.555747542,0,1
3.555748542,1,1
3.555749542,0,1
3.555749625,0,0
3.555750667,1,0
3.555751667,0,0
3.555752792,1,0
3.555753792,0,0
3.555754917,1,0
3.555755917,0,0
3.555756625,0,1
3.555757000,1,1
3.555758000,0,0
3.555759000,1,0
3.555760125,0,0
3.555760708,0,1
3.555761208,1,1
3.555762208,0,1
3.555763333,1,1
3.555764333,0,1
3.555765417,1,1
3.555766458,0,1
3.555767583,0,0
3.555768542,1,0
3.555769542,1,1
3.555778125,1,0
3.555779083,0,0
3.555781208,1,0
3.555782208,0,0
3.555783333,1,0
3.555784333,0,0
3.555784375,0,1
3.555785417,1,1
3.555786458,0,1
3.555786500,0,0
3.555787542,1,0
3.555788542,0,0
3.555788625,0,1
3.555789625,1,1
3.555790667,0,1
3.555791750,1,1
3.555792750,0,1
3.555793875,1,1
3.555794875,0,1
3.555795958,1,1
3.555797000,0,1
3.555798125,1,1
3.555799083,0,1
3.555800208,1,1
3.555801208,0,0
3.555802208,1,0
3.555803292,0,0
3.555803917,0,1
3.555804417,1,1
3.555805417,0,1
3.555805542,0,0
3.555806542,1,0
3.555807542,0,0
3.555808083,0,1
3.555808625,1,1
3.555809625,0,1
3.555809750,0,0
3.555811875,1,0
3.555812875,0,0
3.555814000,1,0
3.555815000,0,0
3.555816083,1,0
3.555817125,0,0
3.555818208,1,0
3.555819208,0,0
3.555820292,1,0
3.555821333,0,0
3.555822417,1,0
3.555823417,0,0
3.555823500,0,1
3.555824542,1,1
3.555825542,0,1
3.555825583,0,0
3.555826625,1,0
3.555827667,0,0
3.555828750,1,0
3.555829750,0,0
3.555830875,1,0
3.555831875,0,0
3.555831958,0,1
3.555832958,1,1
3.555834000,0,1
3.555834042,0,0
3.555835083,1,0
3.555836083,0,0
3.555837167,1,0
3.555838208,0,0
3.555839292,1,0
3.555840292,0,0
3.555841417,1,0
3.555842417,0,0
3.555843542,1,0
3.555844542,0,0
3.555845625,1,0
3.555846667,0,0
3.555847750,1,0
3.555848750,0,0
3.555849833,1,0
3.555850875,0,0
3.555851958,1,0
3.555852958,0,0
3.555854083,1,0
3.555855083,0,0
3.555856208,1,0
3.555857208,0,0
3.555858292,1,0
3.555859292,0,0
3.555860417,1,0
3.555861417,0,0
3.555862500,1,0
3.555863542,0,0
3.555864625,1,0
3.555865625,0,0
3.555866750,1,0
3.555867750,0,0
3.555868875,1,0
3.555869833,0,0
3.555870958,1,0
3.555871958,0,0
3.555873083,1,0
3.555874083,0,0
3.555875167,1,0
3.555876208,0,0
3.555877292,1,0
3.555878292,0,0
3.555879417,1,0
3.555880417,0,0
3.555881208,0,1
3.555881500,1,1
3.555882500,0,0
3.555883500,1,0
3.555884625,0,0
3.555885292,0,1
3.555885750,1,1
3.555886750,0,1
3.555887833,1,1
3.555888833,0,1
3.555889958,1,1
3.555890958,0,1
3.555892083,0,0
3.555893083,1,0
3.555894042,1,1
3.555899792,1,0
3.555900750,0,0
3.555902875,1,0
3.555903875,0,0
3.555905000,1,0
3.555906000,0,0
3.555907083,1,0
3.555908083,0,0
3.555909208,1,0
3.555910208,0,0
3.555910292,0,1
3.555911292,1,1
3.555912333,0,1
3.555912417,0,0
3.555913417,1,0
3.555914417,0,0
3.555915500,1,0
3.555916542,0,0
3.555917625,1,0
3.555918667,0,0
3.555918750,1,1
3.555919750,0,1
3.555920875,1,1
3.555921875,0,0
3.555922875,1,0
3.555923958,0,0
3.555924292,0,1
3.555925083,1,1
3.555926083,0,1
3.555926208,0,0
3.555927208,1,0
3.555928208,0,0
3.555928958,0,1
3.555929292,1,1
3.555930292,0,0
3.555932250,1,0
3.555933417,0,0
3.555934375,1,0
3.555935500,0,0
3.555936500,1,0
3.555937625,0,0
3.555938583,1,0
3.555939708,0,0
3.555940708,1,0
3.555941833,0,0
3.555942833,1,0
3.555943958,0,0
3.555944958,1,0
3.555946042,0,0
3.555947042,1,0
3.555948167,0,0
3.555949125,1,0
3.555950292,0,0
3.555951292,1,0
3.555952375,0,0
3.555953375,1,0
3.555954500,0,0
3.555955500,1,0
3.555956583,0,0
3.555957583,1,0
3.555958750,0,0
3.555959708,1,0
3.555960833,0,0
3.555961833,1,0
3.555962917,0,0
3.555962958,0,1
3.555963917,1,1
3.555965042,0,0
3.555966042,1,0
3.555967167,0,0
3.555968125,1,0
3.555969250,0,0
3.555970250,1,0
3.555971375,0,0
3.555972375,1,0
3.555973500,0,0
3.555974500,1,0
3.555975583,0,0
3.555976583,1,0
3.555977708,0,0
3.555978667,1,0
3.555979833,0,0
3.555980833,1,0
3.555981917,0,0
3.555982917,1,0
3.555984042,0,0
3.555985000,1,0
3.555986125,0,0
3.555987125,1,0
3.555988250,0,0
3.555989250,1,0
3.555990375,0,0
3.555991333,1,0
3.555992458,0,0
3.555993458,1,0
3.555994583,0,0
3.555995542,1,0
3.555996708,0,0
3.555997708,1,0
3.555998792,0,1
3.555999917,1,1
3.556001042,0,1
3.556002167,1,1
3.556003167,0,0
3.556004250,1,0
3.556005375,0,0
3.556005917,0,1
3.556007500,1,1
3.556008500,0,1
3.556009583,1,1
3.556010583,0,1
3.556011708,1,1
3.556012708,0,1
3.556013833,0,0
3.556014792,1,0
3.556015792,1,1
3.556024750,1,0
3.556025750,0,0
3.556027833,1,0
3.556028833,0,0
3.556029958,1,0
3.556030958,0,0
3.556032042,1,0
3.556033042,0,0
3.556034167,1,0
3.556035167,0,0
3.556035250,0,1
3.556036292,1,1
3.556037292,0,1
3.556037333,0,0
3.556038375,1,0
3.556039375,0,0
3.556039458,0,1
3.556040500,1,1
3.556041500,0,1
3.556042625,1,1
3.556043625,0,1
3.556044708,1,1
3.556045750,0,1
3.556046833,1,1
3.556047833,0,0
3.556048958,1,0
3.556050083,0,0
3.556050583,0,1
3.556051167,1,1
3.556052167,0,1
3.556052292,0,0
3.556053292,1,0
3.556054292,0,0
3.556055083,0,1
3.556055417,1,1
3.556056417,0,1
3.556056500,0,0
3.556058625,1,0
3.556059625,0,0
3.556059708,0,1
3.556060708,1,1
3.556061750,0,1
3.556061792,0,0
3.556062833,1,0
3.556063833,0,0
3.556064958,1,0
3.556065958,0,0
3.556067083,1,0
3.556068042,0,0
3.556069167,1,0
3.556070167,0,0
3.556071292,1,0
3.556072292,0,0
3.556073375,1,0
3.556074417,0,0
3.556075500,1,0
3.556076500,0,0
3.556077583,1,0
3.556078625,0,0
3.556079708,1,0
3.556080708,0,0
3.556081833,1,0
3.556082833,0,0
3.556083958,1,0
3.556084958,0,0
3.556086042,1,0
3.556087083,0,0
3.556087125,0,1
3.556088167,1,1
3.556089167,0,1
3.556089250,0,0
3.556090292,1,0
3.556091250,0,0
3.556092375,1,0
3.556093375,0,0
3.556094500,1,0
3.556095500,0,0
3.556096583,1,0
3.556097625,0,0
3.556097708,0,1
3.556098708,1,1
3.556099708,0,1
3.556099792,0,0
3.556100833,1,0
3.556101833,0,0
3.556102917,1,0
3.556103958,0,0
3.556105042,1,0
3.556106042,0,0
3.556107125,1,0
3.556108167,0,0
3.556109250,1,0
3.556110250,0,0
3.556111375,1,0
3.556112375,0,0
3.556113500,1,0
3.556114458,0,0
3.556115583,1,0
3.556116583,0,0
3.556117708,1,0
3.556118708,0,0
3.556118792,0,1
3.556119792,1,1
3.556120792,0,1
3.556120875,0,0
3.556121917,1,0
3.556122917,0,0
3.556124042,1,0
3.556125042,0,0
3.556126167,1,0
3.556127167,0,0
3.556127667,0,1
3.556128250,1,1
3.556129250,0,0
3.556130250,1,0
3.556131375,0,0
3.556131833,0,1
3.556132458,1,1
3.556133458,0,1
3.556134583,1,1
3.556135583,0,1
3.556136667,1,1
3.556137708,0,1
3.556138792,0,0
3.556139792,1,0
3.556140792,1,1
3.556149125,1,0
3.556150083,0,0
3.556152208,1,0
3.556153208,0,0
3.556154333,1,0
3.556155333,0,0
3.556156417,1,0
3.556157417,0,0
3.556158542,1,0
3.556159542,0,0
3.556159625,0,1
3.556160625,1,1
3.556161667,0,1
3.556161708,0,0
3.556162750,1,0
3.556163750,0,0
3.556164875,1,0
3.556165875,0,0
3.556165958,0,1
3.556166958,1,1
3.556168000,0,1
3.556168083,0,0
3.556169083,1,0
3.556170083,0,0
3.556170667,0,1
3.556171208,1,1
3.556172208,0,0
3.556173292,1,0
3.556174458,0,0
3.556174917,0,1
3.556175542,1,1
3.556176542,0,1
3.556176667,0,0
3.556177667,1,0
3.556178667,0,0
3.556179208,0,1
3.556179792,1,1
3.556180792,0,1
3.556180875,0,0
3.556183000,1,0
3.556184000,0,0
3.556185083,1,0
3.556186125,0,0
3.556187208,1,0
3.556188208,0,0
3.556189292,1,0
3.556190333,0,0
3.556191458,1,0
3.556192417,0,0
3.556193542,1,0
3.556194542,0,0
3.556195667,1,0
3.556196667,0,0
3.556197750,1,0
3.556198792,0,0
3.556199875,1,0
3.556200875,0,0
3.556201958,1,0
3.556203000,0,0
3.556204083,1,0
3.556205083,0,0
3.556206208,1,0
3.556207208,0,0
3.556208333,1,0
3.556209333,0,0
3.556210417,1,0
3.556211458,0,0
3.556212542,1,0
3.556213542,0,0
3.556214625,1,0
3.556215667,0,0
3.556216750,1,0
3.556217750,0,0
3.556218875,1,0
3.556219875,0,0
3.556221000,1,0
3.556221958,0,0
3.556223083,1,0
3.556224083,0,0
3.556225208,1,0
3.556226208,0,0
3.556227292,1,0
3.556228333,0,0
3.556229417,1,0
3.556230417,0,0
3.556231500,1,0
3.556232542,0,0
3.556233625,1,0
3.556234625,0,0
3.556235750,1,0
3.556236750,0,0
3.556237875,1,0
3.556238875,0,0
3.556239958,1,0
3.556241000,0,0
3.556242083,1,0
3.556243083,0,0
3.556244167,1,0
3.556245208,0,0
3.556246292,1,0
3.556247292,0,0
3.556248417,1,0
3.556249417,0,0
3.556250500,1,0
3.556251500,0,0
3.556252125,0,1
3.556252625,1,1
3.556253625,0,1
3.556253667,0,0
3.556254750,1,0
3.556255875,0,0
3.556256333,0,1
3.556257000,1,1
3.556258000,0,1
3.556259083,1,1
3.556260083,0,1
3.556261208,1,1
3.556262167,0,1
3.556263333,0,0
3.556264292,1,0
3.556265292,1,1
3.556273875,1,0
3.556274833,0,0
3.556276958,1,0
3.556277958,0,0
3.556279083,1,0
3.556280083,0,0
3.556280167,0,1
3.556281167,1,1
3.556282208,0,1
3.556282250,0,0
3.556283292,1,0
3.556284292,0,0
3.556284375,0,1
3.556285375,1,1
3.556286417,0,1
3.556287500,1,1
3.556288500,0,1
3.556289625,1,1
3.556290625,0,1
3.556291708,1,1
3.556292750,0,1
3.556293875,1,1
3.556294833,0,1
3.556295958,1,1
3.556296958,0,0
3.556297958,1,0
3.556299083,0,0
3.556299542,0,1
3.556300167,1,1
3.556301167,0,1
3.556301292,0,0
3.556302292,1,0
3.556303292,0,0
3.556303792,0,1
3.556304417,1,1
3.556305417,0,1
3.556305500,0,0
3.556307625,1,0
3.556308667,0,0
3.556309750,1,0
3.556310750,0,0
3.556311833,1,0
3.556312875,0,0
3.556313958,1,0
3.556314958,0,0
3.556316083,1,0
3.556317083,0,0
3.556318208,1,0
3.556319167,0,0
3.556319250,0,1
3.556320292,1,1
3.556321292,0,1
3.556321375,0,0
3.556322417,1,0
3.556323417,0,0
3.556324542,1,0
3.556325500,0,0
3.556326625,1,0
3.556327625,0,0
3.556327708,0,1
3.556328750,1,1
3.556329750,0,1
3.556329833,0,0
3.556330875,1,0
3.556331833,0,0
3.556332958,1,0
3.556333958,0,0
3.556335083,1,0
3.556336083,0,0
3.556337167,1,0
3.556338208,0,0
3.556338292,0,1
3.556339292,1,1
3.556340292,0,1
3.556340375,0,0
3.556341417,1,0
3.556342417,0,0
3.556343500,1,0
3.556344542,0,0
3.556345625,1,0
3.556346625,0,0
3.556347708,1,0
3.556348750,0,0
3.556349833,1,0
3.556350833,0,0
3.556351958,1,0
3.556352958,0,0
3.556354083,1,0
3.556355042,0,0
3.556356167,1,0
3.556357167,0,0
3.556358292,1,0
3.556359292,0,0
3.556360375,1,0
3.556361417,0,0
3.556362500,1,0
3.556363500,0,0
3.556364625,1,0
3.556365625,0,0
3.556366708,1,0
3.556367708,0,0
3.556368833,1,0
3.556369833,0,0
3.556370958,1,0
3.556371958,0,0
3.556373042,1,0
3.556374083,0,0
3.556374167,0,1
3.556375167,1,1
3.556376167,0,1
3.556377292,1,1
3.556378250,0,1
3.556378292,0,0
3.556379292,1,0
3.556380375,0,0
3.556380917,0,1
3.556381500,1,1
3.556382500,0,1
3.556383583,1,1
3.556384583,0,1
3.556385708,1,1
3.556386708,0,1
3.556387833,0,0
3.556388833,1,0
3.556389792,1,1
3.556398750,1,0
3.556399750,0,0
3.556401833,1,0
3.556402833,0,0
3.556403958,1,0
3.556404958,0,0
3.556406083,1,0
3.556407083,0,0
3.556408167,1,0
3.556409167,0,0
3.556409250,0,1
3.556410292,1,1
3.556411292,0,1
3.556411333,0,0
3.556412375,1,0
3.556413417,0,0
3.556413458,0,1
3.556414500,1,1
3.556415500,0,1
3.556416625,1,1
3.556417625,0,1
3.556418708,1,1
3.556419750,0,1
3.556420833,1,1
3.556421833,0,0
3.556422958,1,0
3.556424083,0,0
3.556424583,0,1
3.556425208,1,1
3.556426167,0,1
3.556426292,0,0
3.556427292,1,0
3.556428292,0,0
3.556428792,0,1
3.556429417,1,1
3.556430417,0,1
3.556430500,0,0
3.556432625,1,0
3.556433625,0,0
3.556433708,0,1
3.556434750,1,1
3.556435750,0,1
3.556435792,0,0
3.556436833,1,0
3.556437875,0,0
3.556438958,1,0
3.556439958,0,0
3.556441042,1,0
3.556442083,0,0
3.556443167,1,0
3.556444167,0,0
3.556445292,1,0
3.556446292,0,0
3.556447417,1,0
3.556448417,0,0
3.556449500,1,0
3.556450542,0,0
3.556451625,1,0
3.556452625,0,0
3.556453708,1,0
3.556454750,0,0
3.556455833,1,0
3.556456833,0,0
3.556457917,1,0
3.556458958,0,0
3.556460042,1,0
3.556461042,0,0
3.556461125,0,1
3.556462167,1,1
3.556463167,0,1
3.556463208,0,0
3.556464250,1,0
3.556465292,0,0
3.556466375,1,0
3.556467375,0,0
3.556468500,1,0
3.556469500,0,0
3.556470625,1,0
3.556471625,0,0
3.556471667,0,1
3.556472708,1,1
3.556473708,0,1
3.556473792,0,0
3.556474833,1,0
3.556475833,0,0
3.556476958,1,0
3.556477958,0,0
3.556479042,1,0
3.556480042,0,0
3.556481167,1,0
3.556482167,0,0
3.556483250,1,0
3.556484292,0,0
3.556485375,1,0
3.556486375,0,0
3.556487458,1,0
3.556488500,0,0
3.556489583,1,0
3.556490583,0,0
3.556491708,1,0
3.556492708,0,0
3.556493833,1,0
3.556494833,0,0
3.556495917,1,0
3.556496958,0,0
3.556498042,1,0
3.556499042,0,0
3.556499125,0,1
3.556500125,1,1
3.556501125,0,1
3.556502250,1,1
3.556503250,0,0
3.556504375,1,0
3.556505500,0,0
3.556506083,0,1
3.556506583,1,1
3.556507583,0,1
3.556508708,1,1
3.556509708,0,1
3.556510792,1,1
3.556511833,0,1
3.556512958,0,0
3.556513917,1,0
3.556514917,1,1
3.556523500,1,0
3.556524458,0,0
3.556526583,1,0
3.556527583,0,0
3.556528708,1,0
3.556529708,0,0
3.556529750,0,1
3.556530792,1,1
3.556531833,0,1
3.556531875,0,0
3.556532917,1,0
3.556533917,0,0
3.556534000,0,1
3.556535000,1,1
3.556536042,0,1
3.556537125,1,1
3.556538167,0,1
3.556539250,1,1
3.556540250,0,1
3.556541333,1,1
3.556542375,0,1
3.556543458,1,1
3.556544458,0,1
3.556545583,1,1
3.556546583,0,0
3.556547583,1,0
3.556548667,0,0
3.556549292,0,1
3.556549792,1,1
3.556550792,0,1
3.556550917,0,0
3.556551917,1,0
3.556552917,0,0
3.556553458,0,1
3.556554000,1,1
3.556555000,0,1
3.556555125,0,0
3.556557250,1,0
3.556558250,0,0
3.556559375,1,0
3.556560375,0,0
3.556561458,1,0
3.556562458,0,0
3.556563583,1,0
3.556564583,0,0
3.556565667,1,0
3.556566708,0,0
3.556567792,1,0
3.556568792,0,0
3.556568875,0,1
3.556569917,1,1
3.556570917,0,1
3.556570958,0,0
3.556572000,1,0
3.556573042,0,0
3.556574125,1,0
3.556575125,0,0
3.556576208,1,0
3.556577250,0,0
3.556577333,0,1
3.556578333,1,1
3.556579375,0,1
3.556579417,0,0
3.556580458,1,0
3.556581458,0,0
3.556582542,1,0
3.556583583,0,0
3.556584667,1,0
3.556585667,0,0
3.556586792,1,0
3.556587792,0,0
3.556588875,1,0
3.556589875,0,0
3.556591000,1,0
3.556592000,0,0
3.556593125,1,0
3.556594125,0,0
3.556595208,1,0
3.556596250,0,0
3.556597333,1,0
3.556598333,0,0
3.556599417,1,0
3.556600458,0,0
3.556601542,1,0
3.556602542,0,0
3.556603667,1,0
3.556604667,0,0
3.556605792,1,0
3.556606750,0,0
3.556607875,1,0
3.556608875,0,0
3.556610000,1,0
3.556611000,0,0
3.556612083,1,0
3.556613125,0,0
3.556614208,1,0
3.556615208,0,0
3.556616292,1,0
3.556617333,0,0
3.556618417,1,0
3.556619417,0,0
3.556620542,1,0
3.556621542,0,0
3.556622667,1,0
3.556623667,0,0
3.556624792,1,0
3.556625792,0,0
3.556626417,0,1
3.556626875,1,1
3.556627875,0,0
3.556628875,1,0
3.556630000,0,0
3.556630708,0,1
3.556631083,1,1
3.556632083,0,1
3.556633208,1,1
3.556634208,0,1
3.556635292,1,1
3.556636292,0,1
3.556637417,0,0
3.556638417,1,0
3.556639417,1,1
3.556645125,1,0
3.556646125,0,0
3.556648208,1,0
3.556649208,0,0
3.556650333,1,0
3.556651333,0,0
3.556652458,1,0
3.556653458,0,0
3.556654542,1,0
3.556655542,0,0
3.556655625,0,1
3.556656667,1,1
3.556657667,0,1
3.556657750,0,0
3.556658750,1,0
3.556659792,0,0
3.556660875,1,0
3.556661917,0,0
3.556663000,1,0
3.556664000,0,0
3.556664083,0,1
3.556664125,1,1
3.556665125,0,1
3.556666208,1,1
3.556667208,0,0
3.556668208,1,0
3.556669333,0,0
3.556669667,0,1
3.556670417,1,1
3.556671417,0,1
3.556671542,0,0
3.556672583,1,0
3.556673583,0,0
3.556674292,0,1
3.556674667,1,1
3.556675667,0,0
3.556677625,1,0
3.556678750,0,0
3.556679750,1,0
3.556680875,0,0
3.556681875,1,0
3.556682958,0,0
3.556683958,1,0
3.556685083,0,0
3.556686083,1,0
3.556687208,0,0
3.556688208,1,0
3.556689292,0,0
3.556690292,1,0
3.556691417,0,0
3.556692417,1,0
3.556693500,0,0
3.556694500,1,0
3.556695625,0,0
3.556696625,1,0
3.556697750,0,0
3.556698750,1,0
3.556699833,0,0
3.556700833,1,0
3.556701958,0,0
3.556702958,1,0
3.556704083,0,0
3.556705083,1,0
3.556706208,0,0
3.556707167,1,0
3.556708292,0,0
3.556709292,1,0
3.556710417,0,1
3.556711375,1,1
3.556712500,0,1
3.556712542,0,0
3.556713500,1,0
3.556714625,0,0
3.556715625,1,0
3.556716750,0,0
3.556717750,1,0
3.556718833,0,0
3.556719833,1,0
3.556720958,0,0
3.556721958,1,0
3.556723042,0,0
3.556724042,1,0
3.556725208,0,1
3.556726167,1,1
3.556727292,0,1
3.556728292,1,1
3.556729417,0,0
3.556730375,1,0
3.556731500,0,0
3.556732500,1,0
3.556733625,0,0
3.556734583,1,0
3.556735708,0,0
3.556736708,1,0
3.556737833,0,0
3.556738833,1,0
3.556739958,0,1
3.556740958,1,1
3.556742083,0,1
3.556743042,1,1
3.556744167,0,1
3.556745167,1,1
3.556746292,0,1
3.556747417,1,1
3.556748417,0,0
3.556749500,1,0
3.556750625,0,0
3.556751125,0,1
3.556752750,1,1
3.556753750,0,1
3.556754833,1,1
3.556755833,0,1
3.556756958,1,1
3.556757958,0,1
3.556759083,0,0
3.556760042,1,0
3.556761042,1,1
3.556770000,1,0
3.556771000,0,0
3.556773083,1,0
3.556774125,0,0
3.556775208,1,0
3.556776208,0,0
3.556777292,1,0
3.556778333,0,0
3.556779417,1,0
3.556780417,0,0
3.556780500,0,1
3.556781542,1,1
3.556782542,0,1
3.556782625,0,0
3.556783667,1,0
3.556784625,0,0
3.556784708,0,1
3.556785750,1,1
3.556786792,0,1
3.556787833,1,1
3.556788875,0,1
3.556790000,1,1
3.556791000,0,1
3.556792083,1,1
3.556793083,0,0
3.556794083,1,0
3.556795208,0,0
3.556795708,0,1
3.556796333,1,1
3.556797292,0,1
3.556797417,0,0
3.556798417,1,0
3.556799417,0,0
3.556800042,0,1
3.556800542,1,1
3.556801542,0,1
3.556801625,0,0
3.556803750,1,0
3.556804792,0,0
3.556804875,0,1
3.556805875,1,1
3.556806875,0,1
3.556806958,0,0
3.556808000,1,0
3.556809000,0,0
3.556810083,1,0
3.556811125,0,0
3.556812208,1,0
3.556813208,0,0
3.556814292,1,0
3.556815333,0,0
3.556816417,1,0
3.556817417,0,0
3.556818542,1,0
3.556819542,0,0
3.556820667,1,0
3.556821667,0,0
3.556822750,1,0
3.556823750,0,0
3.556824875,1,0
3.556825875,0,0
3.556826958,1,0
3.556828000,0,0
3.556829083,1,0
3.556830083,0,0
3.556831167,1,0
3.556832208,0,0
3.556832292,0,1
3.556833292,1,1
3.556834333,0,1
3.556834375,0,0
3.556835417,1,0
3.556836417,0,0
3.556837500,1,0
3.556838542,0,0
3.556839625,1,0
3.556840625,0,0
3.556841750,1,0
3.556842750,0,0
3.556842833,0,1
3.556843833,1,1
3.556844875,0,1
3.556844917,0,0
3.556845958,1,0
3.556846958,0,0
3.556848083,1,0
3.556849083,0,0
3.556850208,1,0
3.556851208,0,0
3.556852292,1,0
3.556853333,0,0
3.556854417,1,0
3.556855417,0,0
3.556856500,1,0
3.556857542,0,0
3.556858625,1,0
3.556859625,0,0
3.556860708,1,0
3.556861750,0,0
3.556862833,1,0
3.556863833,0,0
3.556864958,1,0
3.556865958,0,0
3.556867083,1,0
3.556868083,0,0
3.556869167,1,0
3.556870208,0,0
3.556870292,0,1
3.556871292,1,1
3.556872292,0,1
3.556873417,1,1
3.556874375,0,1
3.556874417,0,0
3.556875417,1,0
3.556876500,0,0
3.556877000,0,1
3.556877625,1,1
3.556878625,0,1
3.556879708,1,1
3.556880708,0,1
3.556881833,1,1
3.556882833,0,1
3.556883958,0,0
3.556884958,1,0
3.556885917,1,1
3.556894375,1,0
3.556895375,0,0
3.556897500,1,0
3.556898458,0,0
3.556899583,1,0
3.556900583,0,0
3.556901708,1,0
3.556902708,0,0
3.556903792,1,0
3.556904833,0,0
3.556904917,0,1
3.556905917,1,1
3.556906917,0,1
3.556907000,0,0
3.556908042,1,0
3.556909042,0,0
3.556910125,1,0
3.556911125,0,0
3.556911208,0,1
3.556912250,1,1
3.556913292,0,1
3.556913375,0,0
3.556914375,1,0
3.556915375,0,0
3.556915958,0,1
3.556916458,1,1
3.556917458,0,1
3.556917500,0,0
3.556918458,1,0
3.556919583,0,0
3.556920083,0,1
3.556920708,1,1
3.556921708,0,1
3.556921792,0,0
3.556922833,1,0
3.556923792,0,0
3.556924333,0,1
3.556924917,1,1
3.556925917,0,1
3.556926000,0,0
3.556928125,1,0
3.556929167,0,0
3.556930250,1,0
3.556931250,0,0
3.556932375,1,0
3.556933375,0,0
3.556934500,1,0
3.556935500,0,0
3.556936583,1,0
3.556937625,0,0
3.556938708,1,0
3.556939708,0,0
3.556940792,1,0
3.556941833,0,0
3.556942917,1,0
3.556943917,0,0
3.556945042,1,0
3.556946042,0,0
3.556947167,1,0
3.556948125,0,0
3.556949250,1,0
3.556950250,0,0
3.556951375,1,0
3.556952375,0,0
3.556953458,1,0
3.556954500,0,0
3.556955583,1,0
3.556956583,0,0
3.556957667,1,0
3.556958708,0,0
3.556959792,1,0
3.556960792,0,0
3.556960875,0,1
3.556961917,1,1
3.556962917,0,1
3.556963000,0,0
3.556964000,1,0
3.556965042,0,0
3.556966125,1,0
3.556967125,0,0
3.556968250,1,0
3.556969250,0,0
3.556970375,1,0
3.556971333,0,0
3.556972458,1,0
3.556973458,0,0
3.556974583,1,0
3.556975583,0,0
3.556975667,0,1
3.556976708,1,1
3.556977667,0,1
3.556978792,1,1
3.556979792,0,1
3.556979875,0,0
3.556980917,1,0
3.556981917,0,0
3.556983000,1,0
3.556984042,0,0
3.556985125,1,0
3.556986125,0,0
3.556987250,1,0
3.556988250,0,0
3.556989375,1,0
3.556990333,0,0
3.556990417,0,1
3.556991458,1,1
3.556992458,0,1
3.556993583,1,1
3.556994583,0,1
3.556995667,1,1
3.556996667,0,1
3.556997792,1,1
3.556998792,0,0
3.556999917,1,0
3.557001042,0,0
3.557001542,0,1
3.557002125,1,1
3.557003125,0,1
3.557004250,1,1
3.557005250,0,1
3.557006333,1,1
3.557007375,0,1
3.557008458,0,0
3.557009458,1,0
3.557010458,1,1
3.557019042,1,0
3.557020000,0,0
3.557022125,1,0
3.557023125,0,0
3.557024250,1,0
3.557025250,0,0
3.557025333,0,1
3.557026333,1,1
3.557027375,0,1
3.557027417,0,0
3.557028458,1,0
3.557029458,0,0
3.557029542,0,1
3.557030542,1,1
3.557031583,0,1
3.557032667,1,1
3.557033667,0,1
3.557034750,1,1
3.557035792,0,1
3.557036875,1,1
3.557037917,0,1
3.557039000,1,1
3.557040000,0,1
3.557041125,1,1
3.557042125,0,1
3.557042167,0,0
3.557043208,1,0
3.557044375,0,0
3.557044917,0,1
3.557045500,1,1
3.557046458,0,1
3.557046583,0,0
3.557047583,1,0
3.557048583,0,0
3.557049083,0,1
3.557049708,1,1
3.557050708,0,1
3.557050792,0,0
3.557052917,1,0
3.557053917,0,0
3.557055042,1,0
3.557056042,0,0
3.557057167,1,0
3.557058125,0,0
3.557059250,1,0
3.557060250,0,0
3.557061375,1,0
3.557062375,0,0
3.557063458,1,0
3.557064500,0,0
3.557064583,0,1
3.557065583,1,1
3.557066583,0,1
3.557066667,0,0
3.557067708,1,0
3.557068708,0,0
3.557069792,1,0
3.557070833,0,0
3.557071917,1,0
3.557072917,0,0
3.557073000,0,1
3.557074042,1,1
3.557075042,0,1
3.557075083,0,0
3.557076125,1,0
3.557077167,0,0
3.557078250,1,0
3.557079250,0,0
3.557080333,1,0
3.557081375,0,0
3.557082458,1,0
3.557083458,0,0
3.557083542,0,1
3.557084583,1,1
3.557085583,0,1
3.557085625,0,0
3.557086667,1,0
3.557087708,0,0
3.557088792,1,0
3.557089792,0,0
3.557090917,1,0
3.557091917,0,0
3.557093042,1,0
3.557094000,0,0
3.557095125,1,0
3.557096125,0,0
3.557097250,1,0
3.557098250,0,0
3.557099333,1,0
3.557100375,0,0
3.557101458,1,0
3.557102458,0,0
3.557103542,1,0
3.557104583,0,0
3.557105667,1,0
3.557106667,0,0
3.557107792,1,0
3.557108792,0,0
3.557109917,1,0
3.557110917,0,0
3.557112000,1,0
3.557113042,0,0
3.557114125,1,0
3.557115125,0,0
3.557116208,1,0
3.557117250,0,0
3.557118333,1,0
3.557119333,0,0
3.557119417,0,1
3.557120458,1,1
3.557121458,0,1
3.557122583,1,1
3.557123583,0,0
3.557124708,1,0
3.557125792,0,0
3.557126333,0,1
3.557126917,1,1
3.557127917,0,1
3.557129000,1,1
3.557130000,0,1
3.557131125,1,1
3.557132125,0,1
3.557133250,0,0
3.557134250,1,0
3.557135208,1,1
3.557144167,1,0
3.557145167,0,0
3.557147250,1,0
3.557148292,0,0
3.557149375,1,0
3.557150375,0,0
3.557151500,1,0
3.557152500,0,0
3.557153583,1,0
3.557154583,0,0
3.557154667,0,1
3.557155708,1,1
3.557156750,0,1
3.557156792,0,0
3.557157833,1,0
3.557158833,0,0
3.557158917,0,1
3.557159917,1,1
3.557160958,0,1
3.557162042,1,1
3.557163042,0,1
3.557164167,1,1
3.557165167,0,1
3.557166250,1,1
3.557167250,0,0
3.557168250,1,0
3.557169375,0,0
3.557169958,0,1
3.557170500,1,1
3.557171458,0,1
3.557171583,0,0
3.557172583,1,0
3.557173583,0,0
3.557174125,0,1
3.557174708,1,1
3.557175708,0,1
3.557175792,0,0
3.557177917,1,0
3.557178958,0,0
3.557179042,0,1
3.557180042,1,1
3.557181083,0,1
3.557181125,0,0
3.557182167,1,0
3.557183167,0,0
3.557184250,1,0
3.557185292,0,0
3.557186375,1,0
3.557187375,0,0
3.557188458,1,0
3.557189500,0,0
3.557190583,1,0
3.557191583,0,0
3.557192708,1,0
3.557193708,0,0
3.557194833,1,0
3.557195833,0,0
3.557196917,1,0
3.557197917,0,0
3.557199042,1,0
3.557200042,0,0
3.557201125,1,0
3.557202167,0,0
3.557203250,1,0
3.557204250,0,0
3.557205333,1,0
3.557206375,0,0
3.557206458,0,1
3.557207458,1,1
3.557208500,0,1
3.557208542,0,0
3.557209583,1,0
3.557210583,0,0
3.557211667,1,0
3.557212708,0,0
3.557213792,1,0
3.557214792,0,0
3.557215917,1,0
3.557216917,0,0
3.557217000,0,1
3.557218000,1,1
3.557219042,0,1
3.557219083,0,0
3.557220125,1,0
3.557221125,0,0
3.557222250,1,0
3.557223250,0,0
3.557224375,1,0
3.557225333,0,0
3.557226458,1,0
3.557227458,0,0
3.557228583,1,0
3.557229583,0,0
3.557230667,1,0
3.557231708,0,0
3.557232792,1,0
3.557233792,0,0
3.557234875,1,0
3.557235917,0,0
3.557236000,0,1
3.557237000,1,1
3.557238042,0,1
3.557238083,0,0
3.557239125,1,0
3.557240125,0,0
3.557241208,1,0
3.557242250,0,0
3.557243333,1,0
3.557244333,0,0
3.557245458,1,0
3.557246458,0,0
3.557247250,0,1
3.557247583,1,1
3.557248542,0,1
3.557248583,0,0
3.557249583,1,0
3.557250667,0,0
3.557251333,0,1
3.557251792,1,1
3.557252792,0,1
3.557253875,1,1
3.557254875,0,1
3.557256000,1,1
3.557257000,0,1
3.557258125,0,0
3.557259125,1,0
3.557260083,1,1
3.557268542,1,0
3.557269542,0,0
3.557271625,1,0
3.557272625,0,0
3.557273750,1,0
3.557274750,0,0
3.557275833,1,0
3.557276875,0,0
3.557277958,1,0
3.557279000,0,0
3.557279083,0,1
3.557280083,1,1
3.557281083,0,1
3.557281167,0,0
3.557282167,1,0
3.557283208,0,0
3.557284292,1,0
3.557285292,0,0
3.557285375,0,1
3.557286417,1,1
3.557287417,0,1
3.557287500,0,0
3.557288542,1,0
3.557289542,0,0
3.557290333,0,1
3.557290625,1,1
3.557291625,0,0
3.557292625,1,0
3.557293750,0,0
3.557294375,0,1
3.557294833,1,1
3.557295833,0,1
3.557295958,0,0
3.557296958,1,0
3.557297958,0,0
3.557298542,0,1
3.557299083,1,1
3.557300083,0,1
3.557300167,0,0
3.557302292,1,0
3.557303333,0,0
3.557304417,1,0
3.557305417,0,0
3.557306500,1,0
3.557307542,0,0
3.557308625,1,0
3.557309625,0,0
3.557310750,1,0
3.557311750,0,0
3.557312875,1,0
3.557313833,0,0
3.557314958,1,0
3.557315958,0,0
3.557317083,1,0
3.557318083,0,0
3.557318167,0,1
3.557319208,1,1
3.557320167,0,1
3.557321292,1,1
3.557322292,0,1
3.557323417,1,1
3.557324417,0,1
3.557325500,1,1
3.557326500,0,1
3.557327625,1,1
3.557328625,0,1
3.557329750,1,1
3.557330750,0,1
3.557331833,1,1
3.557332833,0,1
3.557333958,1,1
3.557334958,0,1
3.557335042,0,0
3.557336083,1,0
3.557337042,0,0
3.557338167,1,0
3.557339167,0,0
3.557340292,1,0
3.557341292,0,0
3.557342417,1,0
3.557343417,0,0
3.557344500,1,0
3.557345500,0,0
3.557346625,1,0
3.557347625,0,0
3.557348708,1,0
3.557349750,0,0
3.557350833,1,0
3.557351833,0,0
3.557352917,1,0
3.557353958,0,0
3.557355042,1,0
3.557356042,0,0
3.557357167,1,0
3.557358167,0,0
3.557359292,1,0
3.557360292,0,0
3.557361375,1,0
3.557362417,0,0
3.557363500,1,0
3.557364500,0,0
3.557365583,1,0
3.557366625,0,0
3.557367708,1,0
3.557368708,0,0
3.557369833,1,0
3.557370833,0,0
3.557371458,0,1
3.557371958,1,1
3.557372917,0,1
3.557372958,0,0
3.557373958,1,0
3.557375042,0,0
3.557375792,0,1
3.557376167,1,1
3.557377167,0,1
3.557378250,1,1
3.557379250,0,1
3.557380375,1,1
3.557381375,0,1
3.557382500,0,0
3.557383500,1,0
3.557384458,1,1
3.557393042,1,0
3.557394042,0,0
3.557396125,1,0
3.557397167,0,0
3.557398250,1,0
3.557399250,0,0
3.557399333,0,1
3.557400333,1,1
3.557401375,0,1
3.557401458,0,0
3.557402458,1,0
3.557403458,0,0
3.557403542,0,1
3.557404583,1,1
3.557405583,0,1
3.557406667,1,1
3.557407708,0,1
3.557408792,1,1
3.557409833,0,1
3.557410917,1,1
3.557411917,0,1
3.557413042,1,1
3.557414042,0,1
3.557415125,1,1
3.557416125,0,0
3.557417125,1,0
3.557418250,0,0
3.557418958,0,1
3.557419333,1,1
3.557420333,0,1
3.557420458,0,0
3.557421458,1,0
3.557422458,0,0
3.557423125,0,1
3.557423583,1,1
3.557424583,0,1
3.557424667,0,0
3.557426792,1,0
3.557427833,0,0
3.557428917,1,0
3.557429917,0,0
3.557431000,1,0
3.557432042,0,0
3.557433125,1,0
3.557434125,0,0
3.557435250,1,0
3.557436250,0,0
3.557437375,1,0
3.557438333,0,0
3.557438417,0,1
3.557439458,1,1
3.557440458,0,1
3.557440542,0,0
3.557441542,1,0
3.557442583,0,0
3.557443667,1,0
3.557444667,0,0
3.557445792,1,0
3.557446792,0,0
3.557446875,0,1
3.557447875,1,1
3.557448917,0,1
3.557448958,0,0
3.557450000,1,0
3.557451000,0,0
3.557452125,1,0
3.557453125,0,0
3.557454250,1,0
3.557455250,0,0
3.557456333,1,0
3.557457375,0,0
3.557457417,0,1
3.557458458,1,1
3.557459458,0,1
3.557459542,0,0
3.557460583,1,0
3.557461542,0,0
3.557462667,1,0
3.557463667,0,0
3.557464792,1,0
3.557465792,0,0
3.557466875,1,0
3.557467917,0,0
3.557469000,1,0
3.557470000,0,0
3.557471083,1,0
3.557472125,0,0
3.557473208,1,0
3.557474208,0,0
3.557475333,1,0
3.557476333,0,0
3.557477458,1,0
3.557478458,0,0
3.557479542,1,0
3.557480542,0,0
3.557481667,1,0
3.557482667,0,0
3.557483750,1,0
3.557484792,0,0
3.557485875,1,0
3.557486875,0,0
3.557487958,1,0
3.557489000,0,0
3.557490083,1,0
3.557491083,0,0
3.557492208,1,0
3.557493208,0,0
3.557493292,0,1
3.557494333,1,1
3.557495333,0,1
3.557496417,1,1
3.557497417,0,0
3.557498417,1,0
3.557499542,0,0
3.557500083,0,1
3.557500625,1,1
3.557501667,0,1
3.557502750,1,1
3.557503750,0,1
3.557504875,1,1
3.557505875,0,1
3.557507000,0,0
3.557507958,1,0
3.557508958,1,1
3.557517917,1,0
3.557518917,0,0
3.557521000,1,0
3.557522000,0,0
3.557523083,1,0
3.557524125,0,0
3.557525208,1,0
3.557526250,0,0
3.557527333,1,0
3.557528333,0,0
3.557528417,0,1
3.557529417,1,1
3.557530458,0,1
3.557530542,0,0
3.557531542,1,0
3.557532542,0,0
3.557532625,0,1
3.557533667,1,1
3.557534667,0,1
3.557535750,1,1
3.557536792,0,1
3.557537917,1,1
3.557538875,0,1
3.557540000,1,1
3.557541000,0,0
3.557542000,1,0
3.557543125,0,0
3.557543667,0,1
3.557544208,1,1
3.557545208,0,1
3.557545333,0,0
3.557546333,1,0
3.557547333,0,0
3.557548083,0,1
3.557548417,1,1
3.557549417,0,1
3.557549542,0,0
3.557551667,1,0
3.557552667,0,0
3.557552750,0,1
3.557553750,1,1
3.557554792,0,1
3.557554833,0,0
3.557555875,1,0
3.557556875,0,0
3.557558000,1,0
3.557559000,0,0
3.557560125,1,0
3.557561125,0,0
3.557562208,1,0
3.557563208,0,0
3.557564333,1,0
3.557565333,0,0
3.557566417,1,0
3.557567458,0,0
3.557568542,1,0
3.557569542,0,0
3.557570667,1,0
3.557571667,0,0
3.557572750,1,0
3.557573750,0,0
3.557574875,1,0
3.557575875,0,0
3.557577000,1,0
3.557578000,0,0
3.557579083,1,0
3.557580125,0,0
3.557580208,0,1
3.557581208,1,1
3.557582208,0,1
3.557582292,0,0
3.557583333,1,0
3.557584333,0,0
3.557585417,1,0
3.557586458,0,0
3.557587542,1,0
3.557588542,0,0
3.557589625,1,0
3.557590667,0,0
3.557590750,0,1
3.557591750,1,1
3.557592750,0,1
3.557592833,0,0
3.557593875,1,0
3.557594875,0,0
3.557595958,1,0
3.557597000,0,0
3.557598083,1,0
3.557599083,0,0
3.557600208,1,0
3.557601208,0,0
3.557602333,1,0
3.557603292,0,0
3.557604417,1,0
3.557605417,0,0
3.557605500,0,1
3.557606500,1,1
3.557607542,0,1
3.557607583,0,0
3.557608625,1,0
3.557609625,0,0
3.557609708,0,1
3.557610750,1,1
3.557611750,0,1
3.557612875,1,1
3.557613833,0,1
3.557613917,0,0
3.557614958,1,0
3.557615958,0,0
3.557617083,1,0
3.557618083,0,0
3.557619167,1,0
3.557620167,0,0
3.557620708,0,1
3.557621292,1,1
3.557622292,0,1
3.557622333,0,0
3.557623417,1,0
3.557624542,0,0
3.557625000,0,1
3.557625625,1,1
3.557626667,0,1
3.557627750,1,1
3.557628750,0,1
3.557629875,1,1
3.557630833,0,1
3.557632000,0,0
3.557632958,1,0
3.557633958,1,1
3.557642417,1,0
3.557643417,0,0
3.557645500,1,0
3.557646500,0,0
3.557647583,1,0
3.557648625,0,0
3.557649708,1,0
3.557650708,0,0
3.557651833,1,0
3.557652833,0,0
3.557652917,0,1
3.557653917,1,1
3.557654958,0,1
3.557655000,0,0
3.557656042,1,0
3.557657042,0,0
3.557658167,1,0
3.557659167,0,0
3.557659250,0,1
3.557660250,1,1
3.557661292,0,1
3.557661375,0,0
3.557662375,1,0
3.557663375,0,0
3.557663958,0,1
3.557664500,1,1
3.557665500,0,0
3.557666500,1,0
3.557667583,0,0
3.557668083,0,1
3.557668708,1,1
3.557669708,0,1
3.557669833,0,0
3.557670833,1,0
3.557671792,0,0
3.557672375,0,1
3.557672917,1,1
3.557673917,0,1
3.557674000,0,0
3.557676125,1,0
3.557677167,0,0
3.557678250,1,0
3.557679250,0,0
3.557680375,1,0
3.557681375,0,0
3.557682500,1,0
3.557683500,0,0
3.557684583,1,0
3.557685625,0,0
3.557686708,1,0
3.557687708,0,0
3.557688792,1,0
3.557689833,0,0
3.557690917,1,0
3.557691917,0,0
3.557693000,1,0
3.557694042,0,0
3.557695125,1,0
3.557696125,0,0
3.557697250,1,0
3.557698250,0,0
3.557699375,1,0
3.557700333,0,0
3.557701458,1,0
3.557702458,0,0
3.557703583,1,0
3.557704583,0,0
3.557705667,1,0
3.557706708,0,0
3.557707792,1,0
3.557708792,0,0
3.557709875,1,0
3.557710917,0,0
3.557712000,1,0
3.557713000,0,0
3.557714125,1,0
3.557715125,0,0
3.557716250,1,0
3.557717250,0,0
3.557718333,1,0
3.557719375,0,0
3.557720458,1,0
3.557721458,0,0
3.557722542,1,0
3.557723583,0,0
3.557724667,1,0
3.557725667,0,0
3.557726792,1,0
3.557727792,0,0
3.557728917,1,0
3.557729917,0,0
3.557731000,1,0
3.557732000,0,0
3.557733125,1,0
3.557734125,0,0
3.557735208,1,0
3.557736250,0,0
3.557737333,1,0
3.557738333,0,0
3.557739417,1,0
3.557740458,0,0
3.557741542,1,0
3.557742542,0,0
3.557743667,1,0
3.557744667,0,0
3.557745292,0,1
3.557745792,1,1
3.557746750,0,1
3.557746792,0,0
3.557747792,1,0
3.557748875,0,0
3.557749375,0,1
3.557750000,1,1
3.557751000,0,1
3.557752083,1,1
3.557753083,0,1
3.557754208,1,1
3.557755208,0,1
3.557756333,0,0
3.557757333,1,0
3.557758292,1,1
3.557766875,1,0
3.557767875,0,0
3.557769958,1,0
3.557771000,0,0
3.557772083,1,0
3.557773083,0,0
3.557773167,0,1
3.557774167,1,1
3.557775208,0,1
3.557775292,0,0
3.557776292,1,0
3.557777292,0,0
3.557777375,0,1
3.557778417,1,1
3.557779417,0,1
3.557780500,1,1
3.557781542,0,1
3.557782625,1,1
3.557783625,0,1
3.557784708,1,1
3.557785750,0,1
3.557786875,1,1
3.557787833,0,1
3.557788958,1,1
3.557789958,0,0
3.557790958,1,0
3.557792083,0,0
3.557792625,0,1
3.557793167,1,1
3.557794167,0,1
3.557794292,0,0
3.557795292,1,0
3.557796292,0,0
3.557796792,0,1
3.557797375,1,1
3.557798417,0,1
3.557798500,0,0
3.557800625,1,0
3.557801625,0,0
3.557802750,1,0
3.557803750,0,0
3.557804833,1,0
3.557805875,0,0
3.557806958,1,0
3.557807958,0,0
3.557809042,1,0
3.557810083,0,0
3.557811167,1,0
3.557812167,0,0
3.557812250,0,1
3.557813292,1,1
3.557814292,0,1
3.557814333,0,0
3.557815375,1,0
3.557816417,0,0
3.557817500,1,0
3.557818500,0,0
3.557819625,1,0
3.557820625,0,0
3.557820708,0,1
3.557821708,1,1
3.557822750,0,1
3.557822792,0,0
3.557823833,1,0
3.557824833,0,0
3.557825917,1,0
3.557826958,0,0
3.557828042,1,0
3.557829042,0,0
3.557830167,1,0
3.557831167,0,0
3.557831250,0,1
3.557832250,1,1
3.557833292,0,1
3.557833375,0,0
3.557834375,1,0
3.557835375,0,0
3.557836500,1,0
3.557837500,0,0
3.557838625,1,0
3.557839625,0,0
3.557840708,1,0
3.557841750,0,0
3.557842833,1,0
3.557843833,0,0
3.557844917,1,0
3.557845958,0,0
3.557847042,1,0
3.557848042,0,0
3.557849167,1,0
3.557850167,0,0
3.557851292,1,0
3.557852250,0,0
3.557853375,1,0
3.557854375,0,0
3.557855500,1,0
3.557856500,0,0
3.557857583,1,0
3.557858625,0,0
3.557859708,1,0
3.557860708,0,0
3.557861792,1,0
3.557862833,0,0
3.557863917,1,0
3.557864917,0,0
3.557866042,1,0
3.557867042,0,0
3.557867125,0,1
3.557868167,1,1
3.557869167,0,1
3.557870250,1,1
3.557871250,0,0
3.557872250,1,0
3.557873375,0,0
3.557873917,0,1
3.557874458,1,1
3.557875500,0,1
3.557876583,1,1
3.557877583,0,1
3.557878708,1,1
3.557879708,0,1
3.557880833,0,0
3.557881792,1,0
3.557882792,1,1
3.557891750,1,0
3.557892750,0,0
3.557894833,1,0
3.557895833,0,0
3.557896958,1,0
3.557897958,0,0
3.557899042,1,0
3.557900042,0,0
3.557901167,1,0
3.557902167,0,0
3.557902250,0,1
3.557903292,1,1
3.557904292,0,1
3.557904333,0,0
3.557905375,1,0
3.557906375,0,0
3.557906458,0,1
3.557907500,1,1
3.557908500,0,1
3.557909583,1,1
3.557910625,0,1
3.557911708,1,1
3.557912708,0,1
3.557913833,1,1
3.557914833,0,0
3.557915958,1,0
3.557917083,0,0
3.557917667,0,1
3.557918167,1,1
3.557919167,0,1
3.557919292,0,0
3.557920250,1,0
3.557921292,0,0
3.557921833,0,1
3.557922375,1,1
3.557923417,0,1
3.557923500,0,0
3.557925625,1,0
3.557926625,0,0
3.557926708,0,1
3.557927750,1,1
3.557928750,0,1
3.557928792,0,0
3.557929833,1,0
3.557930833,0,0
3.557931958,1,0
3.557932958,0,0
3.557934042,1,0
3.557935083,0,0
3.557936167,1,0
3.557937167,0,0
3.557938250,1,0
3.557939292,0,0
3.557940375,1,0
3.557941375,0,0
3.557942500,1,0
3.557943500,0,0
3.557944625,1,0
3.557945625,0,0
3.557946708,1,0
3.557947750,0,0
3.557948833,1,0
3.557949833,0,0
3.557950917,1,0
3.557951958,0,0
3.557953042,1,0
3.557954042,0,0
3.557954125,0,1
3.557955167,1,1
3.557956167,0,1
3.557956208,0,0
3.557957250,1,0
3.557958292,0,0
3.557959375,1,0
3.557960375,0,0
3.557961458,1,0
3.557962500,0,0
3.557962583,0,1
3.557963583,1,1
3.557964625,0,1
3.557965708,1,1
3.557966708,0,1
3.557967792,1,1
3.557968833,0,1
3.557968917,0,0
3.557969917,1,0
3.557970958,0,0
3.557972042,1,0
3.557973042,0,0
3.557974167,1,0
3.557975167,0,0
3.557976250,1,0
3.557977292,0,0
3.557978375,1,0
3.557979375,0,0
3.557980458,1,0
3.557981500,0,0
3.557982583,1,0
3.557983583,0,0
3.557984708,1,0
3.557985708,0,0
3.557986833,1,0
3.557987833,0,0
3.557988917,1,0
3.557989958,0,0
3.557991042,1,0
3.557992042,0,0
3.557992125,0,1
3.557993125,1,1
3.557994125,0,1
3.557995250,1,1
3.557996250,0,0
3.557997375,1,0
3.557998500,0,0
3.557999083,0,1
3.557999583,1,1
3.558000583,0,1
3.558001708,1,1
3.558002708,0,1
3.558003792,1,1
3.558004833,0,1
3.558005958,0,0
3.558006917,1,0
3.558007917,1,1
3.558016500,1,0
3.558017458,0,0
3.558019583,1,0
3.558020583,0,0
3.558021708,1,0
3.558022708,0,0
3.558022750,0,1
3.558023792,1,1
3.558024833,0,1
3.558024875,0,0
3.558025917,1,0
3.558026917,0,0
3.558027000,0,1
3.558028000,1,1
3.558029042,0,1
3.558030125,1,1
3.558031167,0,1
3.558032250,1,1
3.558033250,0,1
3.558034333,1,1
3.558035375,0,1
3.558036458,1,1
3.558037458,0,1
3.558038583,1,1
3.558039583,0,0
3.558040583,1,0
3.558041667,0,0
3.558042333,0,1
3.558042792,1,1
3.558043792,0,1
3.558043917,0,0
3.558044917,1,0
3.558045917,0,0
3.558046458,0,1
3.558047000,1,1
3.558048000,0,1
3.558048125,0,0
3.558050250,1,0
3.558051250,0,0
3.558052375,1,0
3.558053375,0,0
3.558054458,1,0
3.558055500,0,0
3.558056583,1,0
3.558057583,0,0
3.558058667,1,0
3.558059708,0,0
3.558060792,1,0
3.558061792,0,0
3.558061875,0,1
3.558062917,1,1
3.558063917,0,1
3.558063958,0,0
3.558065000,1,0
3.558066042,0,0
3.558067125,1,0
3.558068125,0,0
3.558069250,1,0
3.558070250,0,0
3.558070333,0,1
3.558071333,1,1
3.558072375,0,1
3.558072417,0,0
3.558073458,1,0
3.558074458,0,0
3.558075583,1,0
3.558076583,0,0
3.558077667,1,0
3.558078667,0,0
3.558079792,1,0
3.558080792,0,0
3.558081917,1,0
3.558082917,0,0
3.558084000,1,0
3.558085042,0,0
3.558086125,1,0
3.558087125,0,0
3.558088208,1,0
3.558089250,0,0
3.558090333,1,0
3.558091333,0,0
3.558092458,1,0
3.558093458,0,0
3.558094583,1,0
3.558095583,0,0
3.558096667,1,0
3.558097667,0,0
3.558098792,1,0
3.558099792,0,0
3.558100875,1,0
3.558101917,0,0
3.558103000,1,0
3.558104000,0,0
3.558105125,1,0
3.558106125,0,0
3.558107208,1,0
3.558108208,0,0
3.558109333,1,0
3.558110333,0,0
3.558111458,1,0
3.558112458,0,0
3.558113542,1,0
3.558114583,0,0
3.558115667,1,0
3.558116667,0,0
3.558117792,1,0
3.558118792,0,0
3.558119500,0,1
3.558119875,1,1
3.558120875,0,0
3.558121875,1,0
3.558123000,0,0
3.558123708,0,1
3.558124125,1,1
3.558125125,0,1
3.558126208,1,1
3.558127208,0,1
3.558128333,1,1
3.558129333,0,1
3.558130458,0,0
3.558131417,1,0
3.558132417,1,1
3.558138125,1,0
3.558139125,0,0
3.558141250,1,0
3.558142250,0,0
3.558143333,1,0
3.558144333,0,0
3.558145458,1,0
3.558146458,0,0
3.558147583,1,0
3.558148583,0,0
3.558148667,0,1
3.558149667,1,1
3.558150708,0,1
3.558150750,0,0
3.558151792,1,0
3.558152792,0,0
3.558153875,1,0
3.558154917,0,0
3.558156000,1,0
3.558157042,0,0
3.558157125,1,1
3.558158125,0,1
3.558159250,1,1
3.558160208,0,1
3.558160250,0,0
3.558161208,1,0
3.558162333,0,0
3.558162708,0,1
3.558163458,1,1
3.558164458,0,1
3.558164583,0,0
3.558165583,1,0
3.558166583,0,0
3.558167333,0,1
3.558167667,1,1
3.558168667,0,0
3.558170625,1,0
3.558171792,0,0
3.558172750,1,0
3.558173875,0,0
3.558174875,1,0
3.558176000,0,0
3.558176958,1,0
3.558178083,0,0
3.558179083,1,0
3.558180208,0,0
3.558181208,1,0
3.558182333,0,0
3.558183333,1,0
3.558184417,0,0
3.558185417,1,0
3.558186542,0,0
3.558187500,1,0
3.558188667,0,0
3.558189667,1,0
3.558190750,0,0
3.558191750,1,0
3.558192875,0,0
3.558193875,1,0
3.558194958,0,0
3.558195958,1,0
3.558197125,0,0
3.558198083,1,0
3.558199208,0,0
3.558200208,1,0
3.558201292,0,0
3.558202292,1,0
3.558203417,0,0
3.558204417,1,0
3.558205542,0,0
3.558206542,1,0
3.558207667,0,0
3.558208625,1,0
3.558209750,0,0
3.558210750,1,0
3.558211833,0,0
3.558211875,0,1
3.558212833,1,1
3.558213958,0,1
3.558214000,0,0
3.558214958,1,0
3.558216083,0,1
3.558217083,1,1
3.558218208,0,0
3.558219167,1,0
3.558220292,0,0
3.558221292,1,0
3.558222417,0,0
3.558222458,0,1
3.558223417,1,1
3.558224500,0,1
3.558224542,0,0
3.558225500,1,0
3.558226667,0,0
3.558227625,1,0
3.558228750,0,0
3.558229750,1,0
3.558230833,0,0
3.558231833,1,0
3.558232958,0,0
3.558233958,1,0
3.558235083,0,0
3.558236083,1,0
3.558237208,0,1
3.558238333,1,1
3.558239458,0,1
3.558240542,1,1
3.558241542,0,0
3.558242667,1,0
3.558243792,0,0
3.558244292,0,1
3.558245875,1,1
3.558246875,0,1
3.558248000,1,1
3.558249000,0,1
3.558250083,1,1
3.558251125,0,1
3.558252208,0,0
3.558253208,1,0
3.558254208,1,1
3.558263167,1,0
3.558264125,0,0
3.558266250,1,0
3.558267250,0,0
3.558268333,1,0
3.558269375,0,0
3.558270458,1,0
3.558271458,0,0
3.558272542,1,0
3.558273583,0,0
3.558273667,0,1
3.558274667,1,1
3.558275667,0,1
3.558275750,0,0
3.558276750,1,0
3.558277792,0,0
3.558277875,0,1
3.558278917,1,1
3.558279917,0,1
3.558281000,1,1
3.558282042,0,1
3.558283125,1,1
3.558284125,0,1
3.558285250,1,1
3.558286250,0,0
3.558287333,1,0
3.558288458,0,0
3.558289000,0,1
3.558289583,1,1
3.558290583,0,1
3.558290708,0,0
3.558291708,1,0
3.558292667,0,0
3.558293458,0,1
3.558293833,1,1
3.558294833,0,1
3.558294917,0,0
3.558297000,1,0
3.558298042,0,0
3.558298125,0,1
3.558299125,1,1
3.558300167,0,1
3.558300208,0,0
3.558301250,1,0
3.558302250,0,0
3.558303333,1,0
3.558304375,0,0
3.558305458,1,0
3.558306458,0,0
3.558307583,1,0
3.558308583,0,0
3.558309708,1,0
3.558310667,0,0
3.558311792,1,0
3.558312792,0,0
3.558313917,1,0
3.558314917,0,0
3.558316000,1,0
3.558317042,0,0
3.558318125,1,0
3.558319125,0,0
3.558320208,1,0
3.558321250,0,0
3.558322333,1,0
3.558323333,0,0
3.558324458,1,0
3.558325458,0,0
3.558325542,0,1
3.558326542,1,1
3.558327583,0,1
3.558327667,0,0
3.558328667,1,0
3.558329667,0,0
3.558330792,1,0
3.558331792,0,0
3.558332917,1,0
3.558333917,0,0
3.558334000,0,1
3.558335000,1,1
3.558336000,0,1
3.558337125,1,1
3.558338125,0,1
3.558339250,1,1
3.558340250,0,1
3.558340292,0,0
3.558341333,1,0
3.558342333,0,0
3.558343458,1,0
3.558344458,0,0
3.558345542,1,0
3.558346583,0,0
3.558347667,1,0
3.558348667,0,0
3.558349792,1,0
3.558350792,0,0
3.558351917,1,0
3.558352875,0,0
3.558354000,1,0
3.558355000,0,0
3.558356125,1,0
3.558357125,0,0
3.558358208,1,0
3.558359250,0,0
3.558360333,1,0
3.558361333,0,0
3.558362417,1,0
3.558363458,0,0
3.558363542,0,1
3.558364542,1,1
3.558365542,0,1
3.558366667,1,1
3.558367667,0,1
3.558367708,0,0
3.558368792,1,0
3.558369917,0,0
3.558370375,0,1
3.558371042,1,1
3.558372042,0,1
3.558373125,1,1
3.558374125,0,1
3.558375250,1,1
3.558376208,0,1
3.558377375,0,0
3.558378333,1,0
3.558379333,1,1
3.558387792,1,0
3.558388792,0,0
3.558390875,1,0
3.558391875,0,0
3.558392958,1,0
3.558394000,0,0
3.558395083,1,0
3.558396125,0,0
3.558397208,1,0
3.558398208,0,0
3.558398292,0,1
3.558399292,1,1
3.558400333,0,1
3.558400375,0,0
3.558401417,1,0
3.558402458,0,0
3.558403542,1,0
3.558404542,0,0
3.558404625,0,1
3.558405625,1,1
3.558406667,0,1
3.558406750,0,0
3.558407792,1,0
3.558408750,0,0
3.558409375,0,1
3.558409875,1,1
3.558410875,0,0
3.558411875,1,0
3.558413000,0,0
3.558413500,0,1
3.558414083,1,1
3.558415083,0,1
3.558415208,0,0
3.558416208,1,0
3.558417208,0,0
3.558417750,0,1
3.558418292,1,1
3.558419292,0,1
3.558419417,0,0
3.558421542,1,0
3.558422542,0,0
3.558423667,1,0
3.558424667,0,0
3.558425750,1,0
3.558426792,0,0
3.558427875,1,0
3.558428875,0,0
3.558429958,1,0
3.558431000,0,0
3.558432083,1,0
3.558433083,0,0
3.558434208,1,0
3.558435208,0,0
3.558436333,1,0
3.558437333,0,0
3.558438417,1,0
3.558439458,0,0
3.558440542,1,0
3.558441542,0,0
3.558442625,1,0
3.558443667,0,0
3.558444750,1,0
3.558445750,0,0
3.558446875,1,0
3.558447875,0,0
3.558449000,1,0
3.558450000,0,0
3.558451083,1,0
3.558452125,0,0
3.558453208,1,0
3.558454208,0,0
3.558455292,1,0
3.558456333,0,0
3.558457417,1,0
3.558458417,0,0
3.558459542,1,0
3.558460542,0,0
3.558461667,1,0
3.558462625,0,0
3.558462708,0,1
3.558463750,1,1
3.558464750,0,1
3.558464833,0,0
3.558465875,1,0
3.558466875,0,0
3.558466958,0,1
3.558467958,1,1
3.558469000,0,1
3.558469042,0,0
3.558470083,1,0
3.558471083,0,0
3.558472208,1,0
3.558473208,0,0
3.558473292,0,1
3.558474292,1,1
3.558475333,0,1
3.558475375,0,0
3.558476417,1,0
3.558477417,0,0
3.558477500,0,1
3.558478542,1,1
3.558479542,0,1
3.558479583,0,0
3.558480625,1,0
3.558481667,0,0
3.558482750,1,0
3.558483750,0,0
3.558484833,1,0
3.558485875,0,0
3.558486958,1,0
3.558487958,0,0
3.558489083,1,0
3.558490083,0,0
3.558490708,0,1
3.558491208,1,1
3.558492167,0,1
3.558492208,0,0
3.558493208,1,0
3.558494292,0,0
3.558494833,0,1
3.558495417,1,1
3.558496417,0,1
3.558497500,1,1
3.558498542,0,1
3.558499625,1,1
3.558500625,0,1
3.558501750,0,0
3.558502750,1,0
3.558503708,1,1
3.558512292,1,0
3.558513292,0,0
3.558515375,1,0
3.558516417,0,0
3.558517500,1,0
3.558518500,0,0
3.558518583,0,1
3.558519625,1,1
3.558520625,0,1
3.558520708,0,0
3.558521708,1,0
3.558522708,0,0
3.558522792,0,1
3.558523833,1,1
3.558524833,0,1
3.558525917,1,1
3.558526958,0,1
3.558528042,1,1
3.558529042,0,1
3.558530167,1,1
3.558531167,0,1
3.558532292,1,1
3.558533292,0,1
3.558534375,1,1
3.558535375,0,0
3.558536375,1,0
3.558537500,0,0
3.558538042,0,1
3.558538625,1,1
3.558539583,0,1
3.558539708,0,0
3.558540708,1,0
3.558541708,0,0
3.558542250,0,1
3.558542833,1,1
3.558543833,0,1
3.558543917,0,0
3.558546042,1,0
3.558547083,0,0
3.558548167,1,0
3.558549167,0,0
3.558550250,1,0
3.558551292,0,0
3.558552375,1,0
3.558553375,0,0
3.558554500,1,0
3.558555500,0,0
3.558556625,1,0
3.558557583,0,0
3.558557667,0,1
3.558558708,1,1
3.558559708,0,1
3.558559792,0,0
3.558560833,1,0
3.558561833,0,0
3.558562958,1,0
3.558563917,0,0
3.558565042,1,0
3.558566042,0,0
3.558566125,0,1
3.558567167,1,1
3.558568167,0,1
3.558568250,0,0
3.558569292,1,0
3.558570250,0,0
3.558571375,1,0
3.558572375,0,0
3.558573500,1,0
3.558574500,0,0
3.558575583,1,0
3.558576625,0,0
3.558576708,0,1
3.558577708,1,1
3.558578708,0,1
3.558578792,0,0
3.558579833,1,0
3.558580833,0,0
3.558581917,1,0
3.558582958,0,0
3.558584042,1,0
3.558585042,0,0
3.558586125,1,0
3.558587167,0,0
3.558588250,1,0
3.558589250,0,0
3.558590375,1,0
3.558591375,0,0
3.558592500,1,0
3.558593458,0,0
3.558594583,1,0
3.558595583,0,0
3.558596708,1,0
3.558597708,0,0
3.558598792,1,0
3.558599833,0,0
3.558600917,1,0
3.558601917,0,0
3.558603042,1,0
3.558604042,0,0
3.558605167,1,0
3.558606167,0,0
3.558607250,1,0
3.558608292,0,0
3.558609375,1,0
3.558610375,0,0
3.558611458,1,0
3.558612500,0,0
3.558612583,0,1
3.558613583,1,1
3.558614583,0,1
3.558615708,1,1
3.558616667,0,1
3.558616708,0,0
3.558617708,1,0
3.558618792,0,0
3.558619375,0,1
3.558619917,1,1
3.558620917,0,1
3.558622042,1,1
3.558623042,0,1
3.558624125,1,1
3.558625167,0,1
3.558626250,0,0
3.558627250,1,0
3.558628208,1,1
3.558637167,1,0
3.558638167,0,0
3.558640292,1,0
3.558641250,0,0
3.558642375,1,0
3.558643417,0,0
3.558644500,1,0
3.558645500,0,0
3.558646583,1,0
3.558647625,0,0
3.558647667,0,1
3.558648708,1,1
3.558649708,0,1
3.558649792,0,0
3.558650792,1,0
3.558651833,0,0
3.558651917,0,1
3.558652917,1,1
3.558653917,0,1
3.558655042,1,1
3.558656042,0,1
3.558657125,1,1
3.558658167,0,1
3.558659250,1,1
3.558660250,0,1
3.558660292,0,0
3.558661375,1,0
3.558662500,0,0
3.558663125,0,1
3.558663625,1,1
3.558664625,0,1
3.558664708,0,0
3.558665708,1,0
3.558666750,0,0
3.558667292,0,1
3.558667833,1,1
3.558668833,0,1
3.558668917,0,0
3.558671083,1,0
3.558672042,0,0
3.558672125,0,1
3.558673167,1,1
3.558674167,0,1
3.558674250,0,0
3.558675292,1,0
3.558676292,0,0
3.558677417,1,0
3.558678375,0,0
3.558679500,1,0
3.558680500,0,0
3.558681625,1,0
3.558682625,0,0
3.558683708,1,0
3.558684750,0,0
3.558685833,1,0
3.558686833,0,0
3.558687917,1,0
3.558688958,0,0
3.558690042,1,0
3.558691042,0,0
3.558692167,1,0
3.558693167,0,0
3.558694292,1,0
3.558695292,0,0
3.558696375,1,0
3.558697417,0,0
3.558698500,1,0
3.558699500,0,0
3.558699583,0,1
3.558700625,1,1
3.558701583,0,1
3.558701667,0,0
3.558702708,1,0
3.558703708,0,0
3.558704833,1,0
3.558705833,0,0
3.558706917,1,0
3.558707958,0,0
3.558709042,1,0
3.558710042,0,0
3.558710125,0,1
3.558711167,1,1
3.558712167,0,1
3.558712208,0,0
3.558713250,1,0
3.558714292,0,0
3.558715375,1,0
3.558716375,0,0
3.558717458,1,0
3.558718500,0,0
3.558719583,1,0
3.558720583,0,0
3.558721708,1,0
3.558722708,0,0
3.558723833,1,0
3.558724792,0,0
3.558725917,1,0
3.558726917,0,0
3.558728042,1,0
3.558729042,0,0
3.558730125,1,0
3.558731167,0,0
3.558731250,0,1
3.558732250,1,1
3.558733292,0,1
3.558733333,0,0
3.558734375,1,0
3.558735375,0,0
3.558736458,1,0
3.558737500,0,0
3.558738583,1,0
3.558739583,0,0
3.558740375,0,1
3.558740708,1,1
3.558741708,0,0
3.558742833,1,0
3.558743958,0,0
3.558744583,0,1
3.558745042,1,1
3.558746042,0,1
3.558747167,1,1
3.558748167,0,1
3.558749250,1,1
3.558750250,0,1
3.558751375,0,0
3.558752375,1,0
3.558753375,1,1
3.558761833,1,0
3.558762792,0,0
3.558764917,1,0
3.558765917,0,0
3.558767042,1,0
3.558768000,0,0
3.558768083,0,1
3.558769125,1,1
3.558770167,0,1
3.558770208,0,0
3.558771250,1,0
3.558772250,0,0
3.558772333,0,1
3.558773333,1,1
3.558774375,0,1
3.558775458,1,1
3.558776458,0,1
3.558777542,1,1
3.558778583,0,1
3.558779667,1,1
3.558780708,0,1
3.558781792,1,1
3.558782792,0,1
3.558783917,1,1
3.558784917,0,0
3.558785917,1,0
3.558787000,0,0
3.558787667,0,1
3.558788125,1,1
3.558789125,0,1
3.558789250,0,0
3.558790250,1,0
3.558791250,0,0
3.558791875,0,1
3.558792333,1,1
3.558793333,0,1
3.558793458,0,0
3.558795583,1,0
3.558796583,0,0
3.558797708,1,0
3.558798708,0,0
3.558799792,1,0
3.558800833,0,0
3.558801917,1,0
3.558802917,0,0
3.558804000,1,0
3.558805042,0,0
3.558806125,1,0
3.558807125,0,0
3.558807208,0,1
3.558808250,1,1
3.558809250,0,1
3.558809292,0,0
3.558810333,1,0
3.558811375,0,0
3.558812458,1,0
3.558813458,0,0
3.558814583,1,0
3.558815583,0,0
3.558815667,0,1
3.558816667,1,1
3.558817708,0,1
3.558817750,0,0
3.558818792,1,0
3.558819792,0,0
3.558820917,1,0
3.558821917,0,0
3.558823042,1,0
3.558824042,0,0
3.558825125,1,0
3.558826125,0,0
3.558827250,1,0
3.558828250,0,0
3.558829333,1,0
3.558830375,0,0
3.558831458,1,0
3.558832458,0,0
3.558833583,1,0
3.558834583,0,0
3.558835708,1,0
3.558836708,0,0
3.558837792,1,0
3.558838833,0,0
3.558839917,1,0
3.558840917,0,0
3.558842000,1,0
3.558843042,0,0
3.558844125,1,0
3.558845125,0,0
3.558846250,1,0
3.558847250,0,0
3.558848375,1,0
3.558849375,0,0
3.558850458,1,0
3.558851500,0,0
3.558852583,1,0
3.558853583,0,0
3.558854667,1,0
3.558855708,0,0
3.558856792,1,0
3.558857792,0,0
3.558858917,1,0
3.558859917,0,0
3.558861042,1,0
3.558862042,0,0
3.558863125,1,0
3.558864167,0,0
3.558864750,0,1
3.558865250,1,1
3.558866250,0,0
3.558867250,1,0
3.558868375,0,0
3.558869125,0,1
3.558869458,1,1
3.558870458,0,1
3.558871583,1,1
3.558872583,0,1
3.558873667,1,1
3.558874667,0,1
3.558875792,0,0
3.558876792,1,0
3.558877792,1,1
3.558883500,1,0
3.558884500,0,0
3.558886625,1,0
3.558887625,0,0
3.558888708,1,0
3.558889708,0,0
3.558890833,1,0
3.558891833,0,0
3.558892917,1,0
3.558893917,0,0
3.558894042,0,1
3.558895042,1,1
3.558896042,0,1
3.558896125,0,0
3.558897125,1,0
3.558898167,0,0
3.558899250,1,0
3.558900292,0,0
3.558901375,1,0
3.558902375,0,0
3.558902500,1,1
3.558903500,0,1
3.558904583,1,1
3.558905583,0,1
3.558905625,0,0
3.558906583,1,0
3.558907708,0,0
3.558908042,0,1
3.558908792,1,1
3.558909833,0,1
3.558909917,0,0
3.558910958,1,0
3.558911958,0,0
3.558912708,0,1
3.558913042,1,1
3.558914042,0,0
3.558916000,1,0
3.558917125,0,0
3.558918125,1,0
3.558919250,0,0
3.558920250,1,0
3.558921333,0,0
3.558922333,1,0
3.558923458,0,0
3.558924458,1,0
3.558925583,0,0
3.558926583,1,0
3.558927708,0,0
3.558928667,1,0
3.558929792,0,0
3.558930792,1,0
3.558931917,0,0
3.558932875,1,0
3.558934042,0,0
3.558935000,1,0
3.558936125,0,0
3.558937125,1,0
3.558938208,0,0
3.558939208,1,0
3.558940333,0,0
3.558941333,1,0
3.558942458,0,0
3.558943458,1,0
3.558944583,0,0
3.558945583,1,0
3.558946667,0,0
3.558947667,1,0
3.558948792,0,0
3.558949750,1,0
3.558950917,0,0
3.558951917,1,0
3.558953000,0,0
3.558954000,1,0
3.558955125,0,0
3.558956125,1,0
3.558957208,0,0
3.558958208,1,0
3.558959333,0,0
3.558960333,1,0
3.558961458,0,0
3.558962458,1,0
3.558963583,0,0
3.558964542,1,0
3.558965667,0,0
3.558966667,1,0
3.558967792,0,0
3.558968792,1,0
3.558969917,0,0
3.558970875,1,0
3.558972000,0,0
3.558973000,1,0
3.558974125,0,0
3.558975083,1,0
3.558976250,0,0
3.558977250,1,0
3.558978333,0,0
3.558979333,1,0
3.558980458,0,0
3.558981417,1,0
3.558982542,0,0
3.558983583,1,0
3.558984708,0,0
3.558985208,0,1
3.558985792,1,1
3.558986792,0,0
3.558987917,1,0
3.558989042,0,0
3.558989500,0,1
3.558991125,1,1
3.558992125,0,1
3.558993250,1,1
3.558994250,0,1
3.558995333,1,1
3.558996375,0,1
3.558997458,0,0
3.558998458,1,0
3.558999458,1,1
3.559008375,1,0
3.559009417,0,0
3.559011458,1,0
3.559012500,0,0
3.559013583,1,0
3.559014583,0,0
3.559015708,1,0
3.559016708,0,0
3.559017792,1,0
3.559018833,0,0
3.559018917,0,1
3.559019917,1,1
3.559020917,0,1
3.559021000,0,0
3.559022042,1,0
3.559023042,0,0
3.559023125,0,1
3.559024125,1,1
3.559025167,0,1
3.559026250,1,1
3.559027250,0,1
3.559028375,1,1
3.559029375,0,1
3.559030500,1,1
3.559031500,0,0
3.559032625,1,0
3.559033708,0,0
3.559034250,0,1
3.559034833,1,1
3.559035833,0,1
3.559035917,0,0
3.559036958,1,0
3.559037917,0,0
3.559038708,0,1
3.559039042,1,1
3.559040042,0,1
3.559040125,0,0
3.559042250,1,0
3.559043292,0,0
3.559043375,0,1
3.559044375,1,1
3.559045417,0,1
3.559045458,0,0
3.559046500,1,0
3.559047500,0,0
3.559048583,1,0
3.559049625,0,0
3.559050708,1,0
3.559051708,0,0
3.559052833,1,0
3.559053833,0,0
3.559054958,1,0
3.559055958,0,0
3.559057042,1,0
3.559058042,0,0
3.559059167,1,0
3.559060167,0,0
3.559061250,1,0
3.559062292,0,0
3.559063375,1,0
3.559064375,0,0
3.559065458,1,0
3.559066500,0,0
3.559067583,1,0
3.559068583,0,0
3.559069708,1,0
3.559070708,0,0
3.559070792,0,1
3.559071792,1,1
3.559072833,0,1
3.559072917,0,0
3.559073917,1,0
3.559074917,0,0
3.559076042,1,0
3.559077042,0,0
3.559078167,1,0
3.559079167,0,0
3.559080250,1,0
3.559081292,0,0
3.559081375,0,1
3.559082375,1,1
3.559083375,0,1
3.559083458,0,0
3.559084500,1,0
3.559085458,0,0
3.559086583,1,0
3.559087583,0,0
3.559088708,1,0
3.559089708,0,0
3.559090792,1,0
3.559091833,0,0
3.559092917,1,0
3.559093917,0,0
3.559095042,1,0
3.559096042,0,0
3.559097167,1,0
3.559098125,0,0
3.559099250,1,0
3.559100250,0,0
3.559101375,1,0
3.559102375,0,0
3.559102458,0,1
3.559103500,1,1
3.559104458,0,1
3.559104542,0,0
3.559105583,1,0
3.559106583,0,0
3.559107708,1,0
3.559108708,0,0
3.559109833,1,0
3.559110833,0,0
3.559111417,0,1
3.559111917,1,1
3.559112917,0,0
3.559113917,1,0
3.559115042,0,0
3.559115542,0,1
3.559116125,1,1
3.559117125,0,1
3.559118250,1,1
3.559119250,0,1
3.559120375,1,1
3.559121333,0,1
3.559122500,0,0
3.559123458,1,0
3.559124458,1,1
3.559132917,1,0
3.559133875,0,0
3.559136000,1,0
3.559137000,0,0
3.559138125,1,0
3.559139125,0,0
3.559140208,1,0
3.559141208,0,0
3.559142333,1,0
3.559143333,0,0
3.559143417,0,1
3.559144417,1,1
3.559145458,0,1
3.559145500,0,0
3.559146542,1,0
3.559147542,0,0
3.559148667,1,0
3.559149667,0,0
3.559149750,0,1
3.559150750,1,1
3.559151792,0,1
3.559151875,0,0
3.559152875,1,0
3.559153875,0,0
3.559154458,0,1
3.559155000,1,1
3.559156000,0,1
3.559156042,0,0
3.559157083,1,0
3.559158250,0,0
3.559158708,0,1
3.559159375,1,1
3.559160333,0,1
3.559160458,0,0
3.559161458,1,0
3.559162458,0,0
3.559163000,0,1
3.559163583,1,1
3.559164583,0,1
3.559164667,0,0
3.559166792,1,0
3.559167792,0,0
3.559168875,1,0
3.559169917,0,0
3.559171000,1,0
3.559172000,0,0
3.559173125,1,0
3.559174125,0,0
3.559175250,1,0
3.559176250,0,0
3.559177333,1,0
3.559178375,0,0
3.559179458,1,0
3.559180458,0,0
3.559181542,1,0
3.559182583,0,0
3.559183667,1,0
3.559184667,0,0
3.559185792,1,0
3.559186792,0,0
3.559187917,1,0
3.559188875,0,0
3.559190000,1,0
3.559191000,0,0
3.559192125,1,0
3.559193125,0,0
3.559194208,1,0
3.559195250,0,0
3.559196333,1,0
3.559197333,0,0
3.559198417,1,0
3.559199458,0,0
3.559200542,1,0
3.559201542,0,0
3.559202667,1,0
3.559203667,0,0
3.559204792,1,0
3.559205792,0,0
3.559206875,1,0
3.559207917,0,0
3.559209000,1,0
3.559210000,0,0
3.559210083,0,1
3.559211125,1,1
3.559212125,0,1
3.559212167,0,0
3.559213208,1,0
3.559214250,0,0
3.559215333,1,0
3.559216333,0,0
3.559217417,1,0
3.559218458,0,0
3.559219542,1,0
3.559220542,0,0
3.559221667,1,0
3.559222667,0,0
3.559223792,1,0
3.559224792,0,0
3.559225875,1,0
3.559226917,0,0
3.559228000,1,0
3.559229000,0,0
3.559230083,1,0
3.559231125,0,0
3.559232208,1,0
3.559233208,0,0
3.559233292,0,1
3.559234333,1,1
3.559235333,0,1
3.559236458,1,1
3.559237417,0,1
3.559237458,0,0
3.559238542,1,0
3.559239667,0,0
3.559240208,0,1
3.559240792,1,1
3.559241792,0,1
3.559242875,1,1
3.559243875,0,1
3.559245000,1,1
3.559246000,0,1
3.559247125,0,0
3.559248083,1,0
3.559249083,1,1
3.559257667,1,0
3.559258667,0,0
3.559260750,1,0
3.559261750,0,0
3.559262833,1,0
3.559263875,0,0
3.559263958,0,1
3.559265000,1,1
3.559266000,0,1
3.559266042,0,0
3.559267083,1,0
3.559268083,0,0
3.559268167,0,1
3.559269208,1,1
3.559270208,0,1
3.559271292,1,1
3.559272333,0,1
3.559273417,1,1
3.559274417,0,1
3.559275542,1,1
3.559276542,0,1
3.559277625,1,1
3.559278667,0,1
3.559279750,1,1
3.559280750,0,0
3.559281875,1,0
3.559283000,0,0
3.559283542,0,1
3.559284083,1,1
3.559285125,0,1
3.559285208,0,0
3.559286208,1,0
3.559287208,0,0
3.559287750,0,1
3.559288333,1,1
3.559289333,0,1
3.559289417,0,0
3.559291542,1,0
3.559292542,0,0
3.559293667,1,0
3.559294667,0,0
3.559295750,1,0
3.559296792,0,0
3.559297875,1,0
3.559298875,0,0
3.559299958,1,0
3.559301000,0,0
3.559302083,1,0
3.559303083,0,0
3.559303167,0,1
3.559304208,1,1
3.559305208,0,1
3.559305250,0,0
3.559306292,1,0
3.559307333,0,0
3.559308417,1,0
3.559309417,0,0
3.559310542,1,0
3.559311542,0,0
3.559311625,0,1
3.559312625,1,1
3.559313667,0,1
3.559313708,0,0
3.559314750,1,0
3.559315750,0,0
3.559316833,1,0
3.559317875,0,0
3.559318958,1,0
3.559319958,0,0
3.559321083,1,0
3.559322083,0,0
3.559322167,0,1
3.559323167,1,1
3.559324208,0,1
3.559324250,0,0
3.559325292,1,0
3.559326292,0,0
3.559327417,1,0
3.559328417,0,0
3.559329542,1,0
3.559330542,0,0
3.559331625,1,0
3.559332667,0,0
3.559333750,1,0
3.559334750,0,0
3.559335833,1,0
3.559336875,0,0
3.559337958,1,0
3.559338958,0,0
3.559340042,1,0
3.559341083,0,0
3.559342167,1,0
3.559343167,0,0
3.559344292,1,0
3.559345292,0,0
3.559346417,1,0
3.559347417,0,0
3.559348500,1,0
3.559349542,0,0
3.559350625,1,0
3.559351625,0,0
3.559352708,1,0
3.559353750,0,0
3.559354833,1,0
3.559355833,0,0
3.559356958,1,0
3.559357958,0,0
3.559358042,0,1
3.559359083,1,1
3.559360083,0,1
3.559361167,1,1
3.559362167,0,1
3.559362208,0,0
3.559363292,1,0
3.559364417,0,0
3.559365000,0,1
3.559365542,1,1
3.559366542,0,1
3.559367625,1,1
3.559368625,0,1
3.559369750,1,1
3.559370750,0,1
3.559371875,0,0
3.559372833,1,0
3.559373833,1,1
3.559382625,1,0
3.559383667,0,0
3.559385708,1,0
3.559386750,0,0
3.559387875,1,0
3.559388833,0,0
3.559389958,1,0
3.559390958,0,0
3.559392083,1,0
3.559393083,0,0
3.559393167,0,1
3.559394167,1,1
3.559395208,0,1
3.559395250,0,0
3.559396292,1,0
3.559397292,0,0
3.559397375,0,1
3.559398375,1,1
3.559399417,0,1
3.559400500,1,1
3.559401500,0,1
3.559402625,1,1
3.559403625,0,1
3.559404750,1,1
3.559405750,0,0
3.559406875,1,0
3.559408000,0,0
3.559408625,0,1
3.559409083,1,1
3.559410083,0,1
3.559410208,0,0
3.559411208,1,0
3.559412167,0,0
3.559412792,0,1
3.559413333,1,1
3.559414333,0,1
3.559414417,0,0
3.559416500,1,0
3.559417542,0,0
3.559417625,0,1
3.559418625,1,1
3.559419667,0,1
3.559419708,0,0
3.559420750,1,0
3.559421750,0,0
3.559422833,1,0
3.559423875,0,0
3.559424958,1,0
3.559425958,0,0
3.559427042,1,0
3.559428083,0,0
3.559429167,1,0
3.559430167,0,0
3.559431292,1,0
3.559432292,0,0
3.559433417,1,0
3.559434417,0,0
3.559435500,1,0
3.559436542,0,0
3.559437625,1,0
3.559438625,0,0
3.559439708,1,0
3.559440750,0,0
3.559441833,1,0
3.559442833,0,0
3.559443958,1,0
3.559444958,0,0
3.559445042,0,1
3.559446042,1,1
3.559447083,0,1
3.559447125,0,0
3.559448167,1,0
3.559449167,0,0
3.559450292,1,0
3.559451292,0,0
3.559452417,1,0
3.559453417,0,0
3.559454500,1,0
3.559455542,0,0
3.559455625,0,1
3.559456625,1,1
3.559457625,0,1
3.559457708,0,0
3.559458750,1,0
3.559459750,0,0
3.559460833,1,0
3.559461875,0,0
3.559462958,1,0
3.559463958,0,0
3.559465042,1,0
3.559466083,0,0
3.559467167,1,0
3.559468167,0,0
3.559469250,1,0
3.559470292,0,0
3.559471375,1,0
3.559472375,0,0
3.559473500,1,0
3.559474500,0,0
3.559475625,1,0
3.559476625,0,0
3.559476708,0,1
3.559477708,1,1
3.559478708,0,1
3.559478792,0,0
3.559479833,1,0
3.559480833,0,0
3.559481958,1,0
3.559482958,0,0
3.559484042,1,0
3.559485083,0,0
3.559485750,0,1
3.559486167,1,1
3.559487167,0,0
3.559488167,1,0
3.559489292,0,0
3.559489958,0,1
3.559490375,1,1
3.559491375,0,1
3.559492500,1,1
3.559493500,0,1
3.559494583,1,1
3.559495625,0,1
3.559496708,0,0
3.559497708,1,0
3.559498708,1,1
3.559507292,1,0
3.559508250,0,0
3.559510375,1,0
3.559511375,0,0
3.559512458,1,0
3.559513458,0,0
3.559513542,0,1
3.559514583,1,1
3.559515583,0,1
3.559515667,0,0
3.559516708,1,0
3.559517708,0,0
3.559517792,0,1
3.559518792,1,1
3.559519833,0,1
3.559520917,1,1
3.559521917,0,1
3.559523000,1,1
3.559524042,0,1
3.559525125,1,1
3.559526167,0,1
3.559527250,1,1
3.559528250,0,1
3.559529375,1,1
3.559530333,0,1
3.559530375,0,0
3.559531375,1,0
3.559532458,0,0
3.559533167,0,1
3.559533583,1,1
3.559534583,0,1
3.559534667,0,0
3.559535708,1,0
3.559536667,0,0
3.559537333,0,1
3.559537792,1,1
3.559538792,0,1
3.559538875,0,0
3.559541000,1,0
3.559542042,0,0
3.559543125,1,0
3.559544125,0,0
3.559545250,1,0
3.559546250,0,0
3.559547375,1,0
3.559548375,0,0
3.559549458,1,0
3.559550500,0,0
3.559551583,1,0
3.559552583,0,0
3.559552667,0,1
3.559553708,1,1
3.559554667,0,1
3.559554750,0,0
3.559555792,1,0
3.559556792,0,0
3.559557917,1,0
3.559558917,0,0
3.559560000,1,0
3.559561042,0,0
3.559561125,0,1
3.559562125,1,1
3.559563125,0,1
3.559563208,0,0
3.559564250,1,0
3.559565250,0,0
3.559566333,1,0
3.559567375,0,0
3.559568458,1,0
3.559569458,0,0
3.559570583,1,0
3.559571583,0,0
3.559572708,1,0
3.559573667,0,0
3.559574792,1,0
3.559575792,0,0
3.559576917,1,0
3.559577917,0,0
3.559579000,1,0
3.559580042,0,0
3.559581125,1,0
3.559582125,0,0
3.559583208,1,0
3.559584250,0,0
3.559585333,1,0
3.559586333,0,0
3.559587458,1,0
3.559588458,0,0
3.559589583,1,0
3.559590583,0,0
3.559591667,1,0
3.559592708,0,0
3.559593792,1,0
3.559594792,0,0
3.559595875,1,0
3.559596917,0,0
3.559598000,1,0
3.559599000,0,0
3.559600125,1,0
3.559601125,0,0
3.559602250,1,0
3.559603208,0,0
3.559604333,1,0
3.559605375,0,0
3.559606458,1,0
3.559607458,0,0
3.559608583,1,0
3.559609583,0,0
3.559610167,0,1
3.559610667,1,1
3.559611667,0,0
3.559612667,1,0
3.559613792,0,0
3.559614542,0,1
3.559614875,1,1
3.559615917,0,1
3.559617000,1,1
3.559618000,0,1
3.559619125,1,1
3.559620083,0,1
3.559621250,0,0
3.559622208,1,0
3.559623208,1,1
3.559628917,1,0
3.559629917,0,0
3.559632042,1,0
3.559633042,0,0
3.559634125,1,0
3.559635125,0,0
3.559636250,1,0
3.559637250,0,0
3.559638375,1,0
3.559639375,0,0
3.559639458,0,1
3.559640458,1,1
3.559641500,0,1
3.559641542,0,0
3.559642583,1,0
3.559643583,0,0
3.559644667,1,0
3.559645708,0,0
3.559646792,1,0
3.559647833,0,0
3.559647917,1,1
3.559648917,0,1
3.559650000,1,1
3.559651000,0,1
3.559651042,0,0
3.559652000,1,0
3.559653125,0,0
3.559653458,0,1
3.559654250,1,1
3.559655250,0,1
3.559655333,0,0
3.559656375,1,0
3.559657375,0,0
3.559658167,0,1
3.559658458,1,1
3.559659458,0,0
3.559661417,1,0
3.559662542,0,0
3.559663542,1,0
3.559664667,0,0
3.559665667,1,0
3.559666750,0,0
3.559667750,1,0
3.559668875,0,0
3.559669875,1,0
3.559671000,0,0
3.559672000,1,0
3.559673125,0,0
3.559674083,1,0
3.559675208,0,0
3.559676208,1,0
3.559677333,0,0
3.559678292,1,0
3.559679458,0,0
3.559680417,1,0
3.559681542,0,0
3.559682542,1,0
3.559683667,0,0
3.559684625,1,0
3.559685750,0,0
3.559686750,1,0
3.559687875,0,0
3.559688875,1,0
3.559690000,0,0
3.559690958,1,0
3.559692083,0,0
3.559693083,1,0
3.559694208,0,0
3.559695167,1,0
3.559696333,0,0
3.559697333,1,0
3.559698417,0,0
3.559699417,1,0
3.559700542,0,0
3.559701500,1,0
3.559702625,0,0
3.559703625,1,0
3.559704750,0,0
3.559704792,0,1
3.559705750,1,1
3.559706833,0,1
3.559706875,0,0
3.559707833,1,0
3.559709000,0,0
3.559709958,1,0
3.559711083,0,0
3.559712083,1,0
3.559713208,0,0
3.559714167,1,0
3.559715292,0,0
3.559716292,1,0
3.559717417,0,0
3.559718417,1,0
3.559719542,0,0
3.559720500,1,0
3.559721625,0,0
3.559722625,1,0
3.559723750,0,0
3.559724708,1,0
3.559725875,0,0
3.559726875,1,0
3.559727958,0,1
3.559729083,1,1
3.559730208,0,1
3.559731333,1,1
3.559732333,0,0
3.559733417,1,0
3.559734542,0,0
3.559735042,0,1
3.559736667,1,1
3.559737667,0,1
3.559738750,1,1
3.559739750,0,1
3.559740875,1,1
3.559741875,0,1
3.559743000,0,0
3.559743958,1,0
3.559744958,1,1
3.559753917,1,0
3.559754917,0,0
3.559757000,1,0
3.559758042,0,0
3.559759083,1,0
3.559760125,0,0
3.559761208,1,0
3.559762250,0,0
3.559763333,1,0
3.559764375,0,0
3.559764458,0,1
3.559765458,1,1
3.559766458,0,1
3.559766542,0,0
3.559767542,1,0
3.559768583,0,0
3.559768667,0,1
3.559769667,1,1
3.559770667,0,1
3.559771750,1,1
3.559772792,0,1
3.559773917,1,1
3.559774875,0,1
3.559776000,1,1
3.559777042,0,0
3.559778125,1,0
3.559779250,0,0
3.559779750,0,1
3.559780375,1,1
3.559781375,0,1
3.559781458,0,0
3.559782458,1,0
3.559783458,0,0
3.559784167,0,1
3.559784583,1,1
3.559785583,0,1
3.559785667,0,0
3.559787792,1,0
3.559788792,0,0
3.559788875,0,1
3.559789917,1,1
3.559790917,0,1
3.559790958,0,0
3.559792000,1,0
3.559793042,0,0
3.559794125,1,0
3.559795125,0,0
3.559796250,1,0
3.559797250,0,0
3.559798375,1,0
3.559799375,0,0
3.559800458,1,0
3.559801500,0,0
3.559802583,1,0
3.559803583,0,0
3.559804667,1,0
3.559805708,0,0
3.559806792,1,0
3.559807792,0,0
3.559808875,1,0
3.559809917,0,0
3.559811000,1,0
3.559812000,0,0
3.559813125,1,0
3.559814125,0,0
3.559815250,1,0
3.559816250,0,0
3.559816292,0,1
3.559817333,1,1
3.559818333,0,1
3.559818417,0,0
3.559819458,1,0
3.559820458,0,0
3.559821583,1,0
3.559822583,0,0
3.559823667,1,0
3.559824708,0,0
3.559825792,1,0
3.559826792,0,0
3.559826875,0,1
3.559827917,1,1
3.559828875,0,1
3.559828958,0,0
3.559830000,1,0
3.559831000,0,0
3.559832125,1,0
3.559833125,0,0
3.559834208,1,0
3.559835250,0,0
3.559836333,1,0
3.559837333,0,0
3.559838458,1,0
3.559839458,0,0
3.559840583,1,0
3.559841542,0,0
3.559842667,1,0
3.559843667,0,0
3.559844792,1,0
3.559845792,0,0
3.559846875,1,0
3.559847917,0,0
3.559848000,0,1
3.559849000,1,1
3.559850000,0,1
3.559850083,0,0
3.559851125,1,0
3.559852125,0,0
3.559853208,1,0
3.559854250,0,0
3.559855333,1,0
3.559856333,0,0
3.559856917,0,1
3.559857417,1,1
3.559858458,0,0
3.559859583,1,0
3.559860667,0,0
3.559861167,0,1
3.559861792,1,1
3.559862792,0,1
3.559863875,1,1
3.559864875,0,1
3.559866000,1,1
3.559867000,0,1
3.559868125,0,0
3.559869125,1,0
3.559870083,1,1
3.559878542,1,0
3.559879542,0,0
3.559881625,1,0
3.559882667,0,0
3.559883750,1,0
3.559884750,0,0
3.559885833,1,0
3.559886875,0,0
3.559887958,1,0
3.559889000,0,0
3.559889083,0,1
3.559890083,1,1
3.559891083,0,1
3.559891167,0,0
3.559892167,1,0
3.559893208,0,0
3.559894292,1,0
3.559895333,0,0
3.559895417,0,1
3.559896417,1,1
3.559897417,0,1
3.559897500,0,0
3.559898542,1,0
3.559899542,0,0
3.559900125,0,1
3.559900625,1,1
3.559901667,0,0
3.559902750,1,0
3.559903875,0,0
3.559904375,0,1
3.559905000,1,1
3.559906000,0,1
3.559906125,0,0
3.559907083,1,0
3.559908125,0,0
3.559908625,0,1
3.559909208,1,1
3.559910208,0,1
3.559910292,0,0
3.559912458,1,0
3.559913417,0,0
3.559914542,1,0
3.559915542,0,0
3.559916667,1,0
3.559917667,0,0
3.559918750,1,0
3.559919792,0,0
3.559920875,1,0
3.559921875,0,0
3.559922958,1,0
3.559924000,0,0
3.559925083,1,0
3.559926083,0,0
3.559927208,1,0
3.559928208,0,0
3.559929333,1,0
3.559930333,0,0
3.559931417,1,0
3.559932458,0,0
3.559933542,1,0
3.559934542,0,0
3.559935625,1,0
3.559936667,0,0
3.559937750,1,0
3.559938750,0,0
3.559939875,1,0
3.559940875,0,0
3.559942000,1,0
3.559942958,0,0
3.559944083,1,0
3.559945083,0,0
3.559946208,1,0
3.559947208,0,0
3.559948292,1,0
3.559949333,0,0
3.559950417,1,0
3.559951417,0,0
3.559952542,1,0
3.559953542,0,0
3.559954667,1,0
3.559955625,0,0
3.559955708,0,1
3.559956750,1,1
3.559957750,0,1
3.559957833,0,0
3.559958875,1,0
3.559959875,0,0
3.559961000,1,0
3.559961958,0,0
3.559963083,1,0
3.559964083,0,0
3.559965208,1,0
3.559966208,0,0
3.559967292,1,0
3.559968333,0,0
3.559969417,1,0
3.559970417,0,0
3.559971500,1,0
3.559972542,0,0
3.559973625,1,0
3.559974625,0,0
3.559975750,1,0
3.559976750,0,0
3.559977875,1,0
3.559978875,0,0
3.559978958,0,1
3.559979958,1,1
3.559980958,0,1
3.559982083,1,1
3.559983083,0,0
3.559984208,1,0
3.559985292,0,0
3.559985875,0,1
3.559986417,1,1
3.559987417,0,1
3.559988542,1,1
3.559989542,0,1
3.559990625,1,1
3.559991667,0,1
3.559992750,0,0
3.559993750,1,0
3.559994750,1,1
3.560003333,1,0
3.560004292,0,0
3.560006417,1,0
3.560007417,0,0
3.560008500,1,0
3.560009500,0,0
3.560009583,0,1
3.560010625,1,1
3.560011625,0,1
3.560011708,0,0
3.560012708,1,0
3.560013750,0,0
3.560013833,0,1
3.560014833,1,1
3.560015833,0,1
3.560016958,1,1
3.560017958,0,1
3.560019042,1,1
3.560020083,0,1
3.560021167,1,1
3.560022208,0,1
3.560023292,1,1
3.560024292,0,1
3.560025417,1,1
3.560026417,0,0
3.560027500,1,0
3.560028625,0,0
3.560029167,0,1
3.560029750,1,1
3.560030750,0,1
3.560030875,0,0
3.560031875,1,0
3.560032833,0,0
3.560033333,0,1
3.560033958,1,1
3.560035000,0,1
3.560035083,0,0
3.560037167,1,0
3.560038208,0,0
3.560039292,1,0
3.560040292,0,0
3.560041417,1,0
3.560042417,0,0
3.560043542,1,0
3.560044500,0,0
3.560045625,1,0
3.560046625,0,0
3.560047750,1,0
3.560048750,0,0
3.560048833,0,1
3.560049875,1,1
3.560050833,0,1
3.560050917,0,0
3.560051958,1,0
3.560052958,0,0
3.560054083,1,0
3.560055083,0,0
3.560056167,1,0
3.560057208,0,0
3.560057292,0,1
3.560058292,1,1
3.560059292,0,1
3.560059375,0,0
3.560060417,1,0
3.560061417,0,0
3.560062500,1,0
3.560063542,0,0
3.560064625,1,0
3.560065625,0,0
3.560066708,1,0
3.560067750,0,0
3.560067833,0,1
3.560068833,1,1
3.560069875,0,1
3.560069917,0,0
3.560070958,1,0
3.560071958,0,0
3.560073042,1,0
3.560074083,0,0
3.560075167,1,0
3.560076167,0,0
3.560077292,1,0
3.560078292,0,0
3.560079417,1,0
3.560080417,0,0
3.560081500,1,0
3.560082500,0,0
3.560083625,1,0
3.560084625,0,0
3.560085708,1,0
3.560086750,0,0
3.560087833,1,0
3.560088833,0,0
3.560089958,1,0
3.560090958,0,0
3.560092042,1,0
3.560093042,0,0
3.560094167,1,0
3.560095167,0,0
3.560096292,1,0
3.560097292,0,0
3.560098375,1,0
3.560099417,0,0
3.560100500,1,0
3.560101500,0,0
3.560102583,1,0
3.560103625,0,0
3.560103708,0,1
3.560104708,1,1
3.560105708,0,1
3.560106833,1,1
3.560107833,0,0
3.560108958,1,0
3.560110083,0,0
3.560110708,0,1
3.560111167,1,1
3.560112167,0,1
3.560113292,1,1
3.560114292,0,1
3.560115417,1,1
3.560116375,0,1
3.560117542,0,0
3.560118500,1,0
3.560119500,1,1
3.560128458,1,0
3.560129417,0,0
3.560131542,1,0
3.560132542,0,0
3.560133625,1,0
3.560134667,0,0
3.560135750,1,0
3.560136750,0,0
3.560137833,1,0
3.560138875,0,0
3.560138958,0,1
3.560139958,1,1
3.560140958,0,1
3.560141042,0,0
3.560142042,1,0
3.560143083,0,0
3.560143167,0,1
3.560144208,1,1
3.560145167,0,1
3.560146292,1,1
3.560147333,0,1
3.560148417,1,1
3.560149417,0,1
3.560150542,1,1
3.560151500,0,1
3.560151542,0,0
3.560152625,1,0
3.560153750,0,0
3.560154417,0,1
3.560154875,1,1
3.560155875,0,1
3.560155958,0,0
3.560156958,1,0
3.560158000,0,0
3.560158583,0,1
3.560159083,1,1
3.560160083,0,1
3.560160167,0,0
3.560162333,1,0
3.560163292,0,0
3.560164417,1,0
3.560165417,0,0
3.560166542,1,0
3.560167542,0,0
3.560167625,0,1
3.560168667,1,1
3.560169625,0,1
3.560170750,1,1
3.560171750,0,1
3.560172875,1,1
3.560173875,0,1
3.560174958,1,1
3.560175958,0,1
3.560177083,1,1
3.560178083,0,1
3.560179208,1,1
3.560180167,0,1
3.560181292,1,1
3.560182292,0,1
3.560183417,1,1
3.560184417,0,1
3.560185500,1,1
3.560186500,0,1
3.560187625,1,1
3.560188625,0,1
3.560189750,1,1
3.560190750,0,1
3.560191833,1,1
3.560192833,0,1
3.560193958,1,1
3.560194958,0,1
3.560196083,1,1
3.560197042,0,1
3.560198167,1,1
3.560199167,0,1
3.560200292,1,1
3.560201292,0,1
3.560202417,1,1
3.560203375,0,1
3.560203458,0,0
3.560204500,1,0
3.560205500,0,0
3.560205542,0,1
3.560206625,1,1
3.560207625,0,1
3.560208708,1,1
3.560209708,0,1
3.560210833,1,1
3.560211833,0,1
3.560211917,0,0
3.560212958,1,0
3.560213958,0,0
3.560215042,1,0
3.560216042,0,0
3.560217167,1,0
3.560218167,0,0
3.560219292,1,0
3.560220250,0,0
3.560220333,0,1
3.560221375,1,1
3.560222375,0,1
3.560223500,1,1
3.560224500,0,1
3.560224583,0,0
3.560225625,1,0
3.560226625,0,0
3.560227708,1,0
3.560228708,0,0
3.560229833,1,0
3.560230833,0,0
3.560231500,0,1
3.560231917,1,1
3.560232958,0,0
3.560234042,1,0
3.560235167,0,0
3.560235875,0,1
3.560236292,1,1
3.560237292,0,1
3.560238375,1,1
3.560239375,0,1
3.560240500,1,1
3.560241500,0,1
3.560242625,0,0
3.560243583,1,0
3.560244583,1,1
3.560253042,1,0
3.560254000,0,0
3.560256125,1,0
3.560257125,0,0
3.560258250,1,0
3.560259250,0,0
3.560259333,0,1
3.560260333,1,1
3.560261375,0,1
3.560261417,0,0
3.560262458,1,0
3.560263458,0,0
3.560263542,0,1
3.560264583,1,1
3.560265583,0,1
3.560266667,1,1
3.560267708,0,1
3.560268792,1,1
3.560269792,0,1
3.560270875,1,1
3.560271917,0,1
3.560273042,1,1
3.560274000,0,1
3.560275125,1,1
3.560276125,0,0
3.560277125,1,0
3.560278208,0,0
3.560278958,0,1
3.560279333,1,1
3.560280333,0,1
3.560280458,0,0
3.560281458,1,0
3.560282458,0,0
3.560283125,0,1
3.560283542,1,1
3.560284542,0,1
3.560284667,0,0
3.560286792,1,0
3.560287792,0,0
3.560288917,1,0
3.560289917,0,0
3.560291000,1,0
3.560292042,0,0
3.560293125,1,0
3.560294125,0,0
3.560295208,1,0
3.560296250,0,0
3.560297333,1,0
3.560298333,0,0
3.560298417,0,1
3.560299458,1,1
3.560300458,0,1
3.560300500,0,0
3.560301542,1,0
3.560302583,0,0
3.560303667,1,0
3.560304667,0,0
3.560305750,1,0
3.560306792,0,0
3.560306875,0,1
3.560307875,1,1
3.560308917,0,1
3.560308958,0,0
3.560310000,1,0
3.560311000,0,0
3.560312083,1,0
3.560313125,0,0
3.560314208,1,0
3.560315208,0,0
3.560316333,1,0
3.560317333,0,0
3.560318458,1,0
3.560319417,0,0
3.560320542,1,0
3.560321542,0,0
3.560322667,1,0
3.560323667,0,0
3.560324750,1,0
3.560325792,0,0
3.560326875,1,0
3.560327875,0,0
3.560328958,1,0
3.560330000,0,0
3.560331083,1,0
3.560332083,0,0
3.560333208,1,0
3.560334208,0,0
3.560335333,1,0
3.560336333,0,0
3.560337417,1,0
3.560338417,0,0
3.560339542,1,0
3.560340542,0,0
3.560341625,1,0
3.560342667,0,0
3.560343750,1,0
3.560344750,0,0
3.560345833,1,0
3.560346875,0,0
3.560347958,1,0
3.560348958,0,0
3.560350083,1,0
3.560351083,0,0
3.560352208,1,0
3.560353208,0,0
3.560354333,1,0
3.560355333,0,0
3.560355833,0,1
3.560356417,1,1
3.560357417,0,0
3.560358417,1,0
3.560359542,0,0
3.560360208,0,1
3.560360625,1,1
3.560361625,0,1
3.560362750,1,1
3.560363750,0,1
3.560364833,1,1
3.560365833,0,1
3.560366958,0,0
3.560367958,1,0
3.560368958,1,1
3.560374667,1,0
3.560375667,0,0
3.560377750,1,0
3.560378792,0,0
3.560379875,1,0
3.560380875,0,0
3.560382000,1,0
3.560383000,0,0
3.560384083,1,0
3.560385083,0,0
3.560385167,0,1
3.560386208,1,1
3.560387208,0,1
3.560387292,0,0
3.560388292,1,0
3.560389333,0,0
3.560390417,1,0
3.560391458,0,0
3.560392542,1,0
3.560393542,0,0
3.560393625,0,1
3.560393667,1,1
3.560394667,0,1
3.560395750,1,1
3.560396750,0,0
3.560397750,1,0
3.560398875,0,0
3.560399167,0,1
3.560399958,1,1
3.560400958,0,1
3.560401083,0,0
3.560402083,1,0
3.560403083,0,0
3.560403875,0,1
3.560404208,1,1
3.560405208,0,1
3.560407167,1,1
3.560408292,0,1
3.560409292,1,1
3.560410417,0,1
3.560411375,1,1
3.560412500,0,1
3.560413500,1,1
3.560414625,0,1
3.560415625,1,1
3.560416708,0,1
3.560417708,1,1
3.560418833,0,1
3.560419833,1,1
3.560420958,0,1
3.560421917,1,1
3.560423083,0,1
3.560424042,1,1
3.560425167,0,1
3.560426167,1,1
3.560427292,0,1
3.560428292,1,1
3.560429375,0,1
3.560430375,1,1
3.560431500,0,1
3.560432500,1,1
3.560433583,0,1
3.560434583,1,1
3.560435708,0,1
3.560436708,1,1
3.560437833,0,1
3.560438792,1,1
3.560439958,0,0
3.560440917,1,0
3.560442083,0,1
3.560443042,1,1
3.560444167,0,0
3.560445167,1,0
3.560446292,0,0
3.560447250,1,0
3.560448375,0,0
3.560449375,1,0
3.560450500,0,1
3.560451500,1,1
3.560452625,0,0
3.560453583,1,0
3.560454708,0,1
3.560455708,1,1
3.560456833,0,1
3.560457833,1,1
3.560458917,0,0
3.560459917,1,0
3.560461042,0,0
3.560462042,1,0
3.560463125,0,0
3.560464125,1,0
3.560465292,0,0
3.560466250,1,0
3.560467375,0,1
3.560468375,1,1
3.560469500,0,0
3.560470500,1,0
3.560471583,0,1
3.560472583,1,1
3.560473708,0,0
3.560474833,1,0
3.560475917,0,0
3.560476500,0,1
3.560477083,1,1
3.560478083,0,0
3.560479167,1,0
3.560480292,0,0
3.560480792,0,1
3.560482417,1,1
3.560483417,0,1
3.560484500,1,1
3.560485500,0,1
3.560486625,1,1
3.560487625,0,1
3.560488750,0,0
3.560489708,1,0
3.560490708,1,1
3.560499667,1,0
3.560500667,0,0
3.560502750,1,0
3.560503750,0,0
3.560504875,1,0
3.560505875,0,0
3.560506958,1,0
3.560507958,0,0
3.560509083,1,0
3.560510083,0,0
3.560510167,0,1
3.560511208,1,1
3.560512208,0,1
3.560512250,0,0
3.560513292,1,0
3.560514292,0,0
3.560514375,0,1
3.560515417,1,1
3.560516417,0,1
3.560517500,1,1
3.560518542,0,1
3.560519625,1,1
3.560520625,0,1
3.560521750,1,1
3.560522750,0,0
3.560523875,1,0
3.560524958,0,0
3.560525458,0,1
3.560526083,1,1
3.560527083,0,1
3.560527208,0,0
3.560528208,1,0
3.560529167,0,0
3.560529792,0,1
3.560530333,1,1
3.560531333,0,1
3.560531417,0,0
3.560533500,1,0
3.560534542,0,0
3.560534625,0,1
3.560535625,1,1
3.560536667,0,1
3.560536708,0,0
3.560537750,1,0
3.560538750,0,0
3.560539833,1,0
3.560540875,0,0
3.560541958,1,0
3.560542958,0,0
3.560544083,1,0
3.560545083,0,0
3.560546208,1,0
3.560547208,0,0
3.560548292,1,0
3.560549333,0,0
3.560550417,1,0
3.560551417,0,0
3.560552500,1,0
3.560553542,0,0
3.560554625,1,0
3.560555625,0,0
3.560556750,1,0
3.560557750,0,0
3.560558875,1,0
3.560559833,0,0
3.560560958,1,0
3.560561958,0,0
3.560562042,0,1
3.560563042,1,1
3.560564083,0,1
3.560564167,0,0
3.560565167,1,0
3.560566167,0,0
3.560567292,1,0
3.560568292,0,0
3.560569417,1,0
3.560570417,0,0
3.560571500,1,0
3.560572542,0,0
3.560572625,0,1
3.560573625,1,1
3.560574625,0,1
3.560574708,0,0
3.560575750,1,0
3.560576708,0,0
3.560577833,1,0
3.560578833,0,0
3.560579958,1,0
3.560580958,0,0
3.560582042,1,0
3.560583083,0,0
3.560584167,1,0
3.560585167,0,0
3.560586250,1,0
3.560587292,0,0
3.560588375,1,0
3.560589375,0,0
3.560590500,1,0
3.560591500,0,0
3.560592625,1,0
3.560593625,0,0
3.560593667,0,1
3.560594708,1,1
3.560595708,0,1
3.560595792,0,0
3.560596833,1,0
3.560597833,0,0
3.560598958,1,0
3.560599917,0,0
3.560601042,1,0
3.560602042,0,0
3.560602667,0,1
3.560603167,1,1
3.560604167,0,0
3.560605167,1,0
3.560606292,0,0
3.560606750,0,1
3.560607375,1,1
3.560608375,0,1
3.560609500,1,1
3.560610500,0,1
3.560611583,1,1
3.560612625,0,1
3.560613708,0,0
3.560614708,1,0
3.560615708,1,1
3.560624250,1,0
3.560625250,0,0
3.560627375,1,0
3.560628375,0,0
3.560629458,1,0
3.560630458,0,0
3.560630542,0,1
3.560631583,1,1
3.560632583,0,1
3.560632667,0,0
3.560633708,1,0
3.560634708,0,0
3.560634750,0,1
3.560635792,1,1
3.560636833,0,1
3.560637917,1,1
3.560638917,0,1
3.560640000,1,1
3.560641042,0,1
3.560642125,1,1
3.560643125,0,1
3.560644250,1,1
3.560645250,0,1
3.560646333,1,1
3.560647333,0,1
3.560647375,0,0
3.560648333,1,0
3.560649458,0,0
3.560649958,0,1
3.560650583,1,1
3.560651542,0,1
3.560651667,0,0
3.560652708,1,0
3.560653667,0,0
3.560654167,0,1
3.560654792,1,1
3.560655792,0,1
3.560655875,0,0
3.560658000,1,0
3.560659042,0,0
3.560660125,1,0
3.560661125,0,0
3.560662208,1,0
3.560663250,0,0
3.560664333,1,0
3.560665333,0,0
3.560666458,1,0
3.560667458,0,0
3.560668583,1,0
3.560669583,0,0
3.560669667,0,1
3.560670667,1,1
3.560671667,0,1
3.560671750,0,0
3.560672792,1,0
3.560673792,0,0
3.560674917,1,0
3.560675917,0,0
3.560677000,1,0
3.560678042,0,0
3.560678083,0,1
3.560679125,1,1
3.560680125,0,1
3.560680208,0,0
3.560681250,1,0
3.560682208,0,0
3.560683333,1,0
3.560684333,0,0
3.560685458,1,0
3.560686458,0,0
3.560687542,1,0
3.560688583,0,0
3.560689667,1,0
3.560690667,0,0
3.560691750,1,0
3.560692792,0,0
3.560693875,1,0
3.560694875,0,0
3.560696000,1,0
3.560697000,0,0
3.560698125,1,0
3.560699083,0,0
3.560700208,1,0
3.560701208,0,0
3.560702333,1,0
3.560703333,0,0
3.560704417,1,0
3.560705458,0,0
3.560706542,1,0
3.560707542,0,0
3.560708625,1,0
3.560709667,0,0
3.560710750,1,0
3.560711750,0,0
3.560712875,1,0
3.560713875,0,0
3.560715000,1,0
3.560716000,0,0
3.560717083,1,0
3.560718125,0,0
3.560719208,1,0
3.560720208,0,0
3.560721292,1,0
3.560722333,0,0
3.560723417,1,0
3.560724417,0,0
3.560725542,1,0
3.560726542,0,0
3.560727292,0,1
3.560727667,1,1
3.560728625,0,1
3.560728667,0,0
3.560729667,1,0
3.560730750,0,0
3.560731333,0,1
3.560731875,1,1
3.560732875,0,1
3.560733958,1,1
3.560734958,0,1
3.560736083,1,1
3.560737083,0,1
3.560738208,0,0
3.560739208,1,0
3.560740167,1,1
3.560746000,1,0
3.560747000,0,0
3.560749083,1,0
3.560750125,0,0
3.560751208,1,0
3.560752250,0,0
3.560753333,1,0
3.560754333,0,0
3.560755417,1,0
3.560756458,0,0
3.560756542,0,1
3.560757542,1,1
3.560758583,0,1
3.560758625,0,0
3.560759667,1,0
3.560760667,0,0
3.560761792,1,0
3.560762792,0,0
3.560763875,1,0
3.560764875,0,0
3.560764958,0,1
3.560765000,1,1
3.560766000,0,1
3.560767125,1,1
3.560768125,0,0
3.560769125,1,0
3.560770208,0,0
3.560770625,0,1
3.560771333,1,1
3.560772333,0,1
3.560772458,0,0
3.560773417,1,0
3.560774417,0,0
3.560775042,0,1
3.560775542,1,1
3.560776542,0,1
3.560776583,0,0
3.560778542,1,0
3.560779625,0,0
3.560780625,1,0
3.560781750,0,0
3.560782750,1,0
3.560783875,0,0
3.560784875,1,0
3.560785958,0,0
3.560786958,1,0
3.560788083,0,0
3.560789083,1,0
3.560790167,0,0
3.560791167,1,0
3.560792292,0,0
3.560793292,1,0
3.560794417,0,0
3.560795417,1,0
3.560796500,0,0
3.560797500,1,0
3.560798625,0,0
3.560799625,1,0
3.560800750,0,0
3.560801750,1,0
3.560802875,0,0
3.560803833,1,0
3.560804958,0,0
3.560805958,1,0
3.560807042,0,0
3.560808042,1,0
3.560809208,0,0
3.560810167,1,0
3.560811292,0,0
3.560812292,1,0
3.560813375,0,0
3.560814375,1,0
3.560815500,0,0
3.560816500,1,0
3.560817625,0,0
3.560818625,1,0
3.560819750,0,0
3.560820708,1,0
3.560821833,0,1
3.560822833,1,1
3.560823958,0,0
3.560824958,1,0
3.560826042,0,0
3.560827042,1,0
3.560828167,0,0
3.560829167,1,0
3.560830292,0,0
3.560831292,1,0
3.560832375,0,0
3.560833375,1,0
3.560834500,0,0
3.560835500,1,0
3.560836583,0,0
3.560837583,1,0
3.560838708,0,0
3.560839708,1,0
3.560840833,0,0
3.560841833,1,0
3.560842917,0,0
3.560843917,1,0
3.560845042,0,1
3.560846042,1,1
3.560847167,0,1
3.560848292,1,1
3.560849292,0,0
3.560850375,1,0
3.560851500,0,0
3.560852250,0,1
3.560853625,1,1
3.560854625,0,1
3.560855708,1,1
3.560856708,0,1
3.560857833,1,1
3.560858833,0,1
3.560859958,0,0
3.560860958,1,0
3.560861917,1,1
3.560870875,1,0
3.560871875,0,0
3.560873958,1,0
3.560874958,0,0
3.560876083,1,0
3.560877083,0,0
3.560878167,1,0
3.560879167,0,0
3.560880292,1,0
3.560881292,0,0
3.560881375,0,1
3.560882417,1,1
3.560883417,0,1
3.560883458,0,0
3.560884500,1,0
3.560885542,0,0
3.560885583,0,1
3.560886625,1,1
3.560887625,0,1
3.560888708,1,1
3.560889750,0,1
3.560890833,1,1
3.560891833,0,1
3.560892958,1,1
3.560893958,0,0
3.560895083,1,0
3.560896167,0,0
3.560896917,0,1
3.560897292,1,1
3.560898292,0,1
3.560898417,0,0
3.560899417,1,0
3.560900375,0,0
3.560901042,0,1
3.560901542,1,1
3.560902542,0,1
3.560902625,0,0
3.560904750,1,0
3.560905750,0,0
3.560905833,0,1
3.560906833,1,1
3.560907875,0,1
3.560907917,0,0
3.560908958,1,0
3.560909958,0,0
3.560911042,1,0
3.560912083,0,0
3.560913167,1,0
3.560914167,0,0
3.560915292,1,0
3.560916292,0,0
3.560917417,1,0
3.560918375,0,0
3.560919500,1,0
3.560920500,0,0
3.560921625,1,0
3.560922625,0,0
3.560923708,1,0
3.560924750,0,0
3.560925833,1,0
3.560926833,0,0
3.560927917,1,0
3.560928958,0,0
3.560930042,1,0
3.560931042,0,0
3.560932167,1,0
3.560933167,0,0
3.560933250,0,1
3.560934250,1,1
3.560935292,0,1
3.560935333,0,0
3.560936375,1,0
3.560937375,0,0
3.560938500,1,0
3.560939500,0,0
3.560940625,1,0
3.560941583,0,0
3.560942708,1,0
3.560943708,0,0
3.560943792,0,1
3.560944792,1,1
3.560945833,0,1
3.560945875,0,0
3.560946917,1,0
3.560947917,0,0
3.560949042,1,0
3.560950042,0,0
3.560951167,1,0
3.560952167,0,0
3.560953250,1,0
3.560954292,0,0
3.560955375,1,0
3.560956375,0,0
3.560957458,1,0
3.560958500,0,0
3.560959583,1,0
3.560960583,0,0
3.560961667,1,0
3.560962708,0,0
3.560963792,1,0
3.560964792,0,0
3.560964875,0,1
3.560965917,1,1
3.560966917,0,1
3.560966958,0,0
3.560968000,1,0
3.560969042,0,0
3.560970125,1,0
3.560971125,0,0
3.560972250,1,0
3.560973250,0,0
3.560973750,0,1
3.560974375,1,1
3.560975333,0,1
3.560975375,0,0
3.560976375,1,0
3.560977458,0,0
3.560978042,0,1
3.560978583,1,1
3.560979583,0,1
3.560980667,1,1
3.560981667,0,1
3.560982792,1,1
3.560983792,0,1
3.560984917,0,0
3.560985875,1,0
3.560986875,1,1
3.560995333,1,0
3.560996333,0,0
3.560998417,1,0
3.560999417,0,0
3.561000542,1,0
3.561001542,0,0
3.561002625,1,0
3.561003667,0,0
3.561004750,1,0
3.561005750,0,0
3.561005833,0,1
3.561006875,1,1
3.561007875,0,1
3.561007958,0,0
3.561008958,1,0
3.561009958,0,0
3.561011083,1,0
3.561012083,0,0
3.561012167,0,1
3.561013208,1,1
3.561014208,0,1
3.561014292,0,0
3.561015292,1,0
3.561016333,0,0
3.561016833,0,1
3.561017417,1,1
3.561018417,0,0
3.561019542,1,0
3.561020667,0,0
3.561021250,0,1
3.561021750,1,1
3.561022750,0,1
3.561022875,0,0
3.561023875,1,0
3.561024875,0,0
3.561025625,0,1
3.561026000,1,1
3.561027000,0,1
3.561027083,0,0
3.561029208,1,0
3.561030208,0,0
3.561031333,1,0
3.561032292,0,0
3.561033417,1,0
3.561034417,0,0
3.561035542,1,0
3.561036542,0,0
3.561037625,1,0
3.561038667,0,0
3.561039750,1,0
3.561040750,0,0
3.561041833,1,0
3.561042875,0,0
3.561043958,1,0
3.561044958,0,0
3.561046083,1,0
3.561047083,0,0
3.561048208,1,0
3.561049167,0,0
3.561049250,0,1
3.561050292,1,1
3.561051292,0,1
3.561052417,1,1
3.561053417,0,1
3.561054542,1,1
3.561055500,0,1
3.561055583,0,0
3.561056625,1,0
3.561057625,0,0
3.561058750,1,0
3.561059750,0,0
3.561060833,1,0
3.561061875,0,0
3.561062958,1,0
3.561063958,0,0
3.561065042,1,0
3.561066083,0,0
3.561067167,1,0
3.561068167,0,0
3.561069292,1,0
3.561070292,0,0
3.561071417,1,0
3.561072417,0,0
3.561072458,0,1
3.561073500,1,1
3.561074500,0,1
3.561074583,0,0
3.561075625,1,0
3.561076625,0,0
3.561077750,1,0
3.561078708,0,0
3.561079833,1,0
3.561080833,0,0
3.561081958,1,0
3.561082958,0,0
3.561084042,1,0
3.561085083,0,0
3.561086167,1,0
3.561087167,0,0
3.561088250,1,0
3.561089292,0,0
3.561090375,1,0
3.561091375,0,0
3.561092500,1,0
3.561093500,0,0
3.561094625,1,0
3.561095583,0,0
3.561096708,1,0
3.561097708,0,0
3.561098250,0,1
3.561098833,1,1
3.561099833,0,0
3.561100833,1,0
3.561101958,0,0
3.561102417,0,1
3.561103042,1,1
3.561104042,0,1
3.561105125,1,1
3.561106167,0,1
3.561107250,1,1
3.561108250,0,1
3.561109375,0,0
3.561110375,1,0
3.561111333,1,1
3.561119958,1,0
3.561120917,0,0
3.561123042,1,0
3.561124000,0,0
3.561125125,1,0
3.561126125,0,0
3.561126208,0,1
3.561127250,1,1
3.561128250,0,1
3.561128292,0,0
3.561129333,1,0
3.561130333,0,0
3.561130417,0,1
3.561131458,1,1
3.561132458,0,1
3.561133542,1,1
3.561134583,0,1
3.561135667,1,1
3.561136708,0,1
3.561137792,1,1
3.561138792,0,1
3.561139875,1,1
3.561140917,0,1
3.561142000,1,1
3.561143000,0,1
3.561143042,0,0
3.561144125,1,0
3.561145250,0,0
3.561145750,0,1
3.561146333,1,1
3.561147375,0,1
3.561147458,0,0
3.561148458,1,0
3.561149458,0,0
3.561150208,0,1
3.561150583,1,1
3.561151583,0,1
3.561151667,0,0
3.561153792,1,0
3.561154792,0,0
3.561155917,1,0
3.561156917,0,0
3.561158000,1,0
3.561159042,0,0
3.561160125,1,0
3.561161125,0,0
3.561162208,1,0
3.561163250,0,0
3.561164333,1,0
3.561165333,0,0
3.561165417,0,1
3.561166458,1,1
3.561167458,0,1
3.561167500,0,0
3.561168542,1,0
3.561169583,0,0
3.561170667,1,0
3.561171667,0,0
3.561172750,1,0
3.561173792,0,0
3.561173875,0,1
3.561174875,1,1
3.561175917,0,1
3.561175958,0,0
3.561177000,1,0
3.561178000,0,0
3.561179083,1,0
3.561180125,0,0
3.561181208,1,0
3.561182208,0,0
3.561183333,1,0
3.561184333,0,0
3.561184417,0,1
3.561185417,1,1
3.561186458,0,1
3.561186500,0,0
3.561187542,1,0
3.561188542,0,0
3.561189667,1,0
3.561190667,0,0
3.561191792,1,0
3.561192750,0,0
3.561193875,1,0
3.561194875,0,0
3.561196000,1,0
3.561197000,0,0
3.561198083,1,0
3.561199125,0,0
3.561200208,1,0
3.561201208,0,0
3.561202292,1,0
3.561203333,0,0
3.561204417,1,0
3.561205417,0,0
3.561206542,1,0
3.561207542,0,0
3.561208667,1,0
3.561209625,0,0
3.561210750,1,0
3.561211750,0,0
3.561212875,1,0
3.561213875,0,0
3.561214958,1,0
3.561216000,0,0
3.561217083,1,0
3.561218083,0,0
3.561219167,1,0
3.561220208,0,0
3.561220292,0,1
3.561221292,1,1
3.561222292,0,1
3.561223417,1,1
3.561224417,0,0
3.561225542,1,0
3.561226667,0,0
3.561227125,0,1
3.561227750,1,1
3.561228750,0,1
3.561229875,1,1
3.561230875,0,1
3.561231958,1,1
3.561232958,0,1
3.561234083,0,0
3.561235083,1,0
3.561236083,1,1
3.561245000,1,0
3.561246000,0,0
3.561248083,1,0
3.561249125,0,0
3.561250208,1,0
3.561251208,0,0
3.561252292,1,0
3.561253333,0,0
3.561254417,1,0
3.561255458,0,0
3.561255542,0,1
3.561256542,1,1
3.561257542,0,1
3.561257625,0,0
3.561258625,1,0
3.561259667,0,0
3.561259750,0,1
3.561260750,1,1
3.561261750,0,1
3.561262875,1,1
3.561263875,0,1
3.561265000,1,1
3.561265958,0,1
3.561267125,1,1
3.561268083,0,1
3.561268125,0,0
3.561269208,1,0
3.561270333,0,0
3.561270833,0,1
3.561271417,1,1
3.561272458,0,1
3.561272583,0,0
3.561273542,1,0
3.561274542,0,0
3.561275083,0,1
3.561275667,1,1
3.561276667,0,1
3.561276750,0,0
3.561278875,1,0
3.561279875,0,0
3.561279958,0,1
3.561280958,1,1
3.561282000,0,1
3.561282042,0,0
3.561283083,1,0
3.561284083,0,0
3.561285208,1,0
3.561286208,0,0
3.561287333,1,0
3.561288333,0,0
3.561289417,1,0
3.561290458,0,0
3.561291542,1,0
3.561292542,0,0
3.561293625,1,0
3.561294667,0,0
3.561295750,1,0
3.561296750,0,0
3.561297875,1,0
3.561298875,0,0
3.561300000,1,0
3.561300958,0,0
3.561302083,1,0
3.561303083,0,0
3.561304208,1,0
3.561305208,0,0
3.561306292,1,0
3.561307333,0,0
3.561307417,0,1
3.561308417,1,1
3.561309417,0,1
3.561309500,0,0
3.561310542,1,0
3.561311542,0,0
3.561312625,1,0
3.561313667,0,0
3.561314750,1,0
3.561315750,0,0
3.561316833,1,0
3.561317875,0,0
3.561317958,0,1
3.561318958,1,1
3.561320000,0,1
3.561320042,0,0
3.561321083,1,0
3.561322083,0,0
3.561323167,1,0
3.561324208,0,0
3.561325292,1,0
3.561326292,0,0
3.561327417,1,0
3.561328417,0,0
3.561329542,1,0
3.561330500,0,0
3.561331625,1,0
3.561332625,0,0
3.561333750,1,0
3.561334750,0,0
3.561335833,1,0
3.561336875,0,0
3.561337958,1,0
3.561338958,0,0
3.561340042,1,0
3.561341083,0,0
3.561342167,1,0
3.561343167,0,0
3.561344292,1,0
3.561345292,0,0
3.561345375,0,1
3.561346417,1,1
3.561347417,0,1
3.561348500,1,1
3.561349500,0,1
3.561349542,0,0
3.561350625,1,0
3.561351750,0,0
3.561352292,0,1
3.561352875,1,1
3.561353875,0,1
3.561354958,1,1
3.561355958,0,1
3.561357083,1,1
3.561358042,0,1
3.561359208,0,0
3.561360167,1,0
3.561361167,1,1
3.561369625,1,0
3.561370583,0,0
3.561372708,1,0
3.561373708,0,0
3.561374833,1,0
3.561375792,0,0
3.561375875,0,1
3.561376917,1,1
3.561377958,0,1
3.561378000,0,0
3.561379042,1,0
3.561380042,0,0
3.561380125,0,1
3.561381125,1,1
3.561382167,0,1
3.561383250,1,1
3.561384250,0,1
3.561385333,1,1
3.561386375,0,1
3.561387458,1,1
3.561388458,0,1
3.561389583,1,1
3.561390583,0,1
3.561391667,1,1
3.561392667,0,1
3.561392708,0,0
3.561393667,1,0
3.561394792,0,0
3.561395333,0,1
3.561395917,1,1
3.561396875,0,1
3.561397000,0,0
3.561398042,1,0
3.561399000,0,0
3.561399500,0,1
3.561400125,1,1
3.561401125,0,1
3.561401208,0,0
3.561403333,1,0
3.561404375,0,0
3.561405458,1,0
3.561406458,0,0
3.561407542,1,0
3.561408583,0,0
3.561409667,1,0
3.561410667,0,0
3.561411792,1,0
3.561412792,0,0
3.561413917,1,0
3.561414917,0,0
3.561414958,0,1
3.561416000,1,1
3.561417000,0,1
3.561417083,0,0
3.561418125,1,0
3.561419125,0,0
3.561420250,1,0
3.561421208,0,0
3.561422333,1,0
3.561423333,0,0
3.561423417,0,1
3.561424417,1,1
3.561425458,0,1
3.561425500,0,0
3.561426542,1,0
3.561427542,0,0
3.561428667,1,0
3.561429667,0,0
3.561430792,1,0
3.561431750,0,0
3.561432875,1,0
3.561433875,0,0
3.561435000,1,0
3.561436000,0,0
3.561437083,1,0
3.561438125,0,0
3.561439208,1,0
3.561440208,0,0
3.561441292,1,0
3.561442333,0,0
3.561443417,1,0
3.561444417,0,0
3.561445542,1,0
3.561446542,0,0
3.561447667,1,0
3.561448625,0,0
3.561449750,1,0
3.561450750,0,0
3.561451875,1,0
3.561452875,0,0
3.561453958,1,0
3.561455000,0,0
3.561456083,1,0
3.561457083,0,0
3.561458167,1,0
3.561459208,0,0
3.561460292,1,0
3.561461292,0,0
3.561462417,1,0
3.561463417,0,0
3.561464542,1,0
3.561465500,0,0
3.561466625,1,0
3.561467625,0,0
3.561468750,1,0
3.561469750,0,0
3.561470875,1,0
3.561471875,0,0
3.561472625,0,1
3.561472958,1,1
3.561473958,0,0
3.561474958,1,0
3.561476083,0,0
3.561476667,0,1
3.561477167,1,1
3.561478167,0,1
3.561479292,1,1
3.561480292,0,1
3.561481375,1,1
3.561482375,0,1
3.561483500,0,0
3.561484500,1,0
3.561485500,1,1
3.561491208,1,0
3.561492208,0,0
3.561494292,1,0
3.561495292,0,0
3.561496417,1,0
3.561497417,0,0
3.561498542,1,0
3.561499542,0,0
3.561500625,1,0
3.561501625,0,0
3.561501708,0,1
3.561502750,1,1
3.561503750,0,1
3.561503833,0,0
3.561504833,1,0
3.561505875,0,0
3.561506958,1,0
3.561507958,0,0
3.561509042,1,0
3.561510083,0,0
3.561510167,0,1
3.561510208,1,1
3.561511167,0,1
3.561512292,1,1
3.561513292,0,0
3.561514292,1,0
3.561515375,0,0
3.561515792,0,1
3.561516500,1,1
3.561517500,0,1
3.561517625,0,0
3.561518625,1,0
3.561519625,0,0
3.561520250,0,1
3.561520750,1,1
3.561521708,0,1
3.561521750,0,0
3.561523708,1,0
3.561524833,0,0
3.561525833,1,0
3.561526917,0,0
3.561527917,1,0
3.561529042,0,0
3.561530042,1,0
3.561531125,0,0
3.561532125,1,0
3.561533292,0,0
3.561534250,1,0
3.561535375,0,0
3.561536375,1,0
3.561537458,0,0
3.561538458,1,0
3.561539583,0,0
3.561540583,1,0
3.561541708,0,0
3.561542708,1,0
3.561543792,0,0
3.561544792,1,0
3.561545917,0,0
3.561546917,1,0
3.561548000,0,0
3.561549000,1,0
3.561550167,0,0
3.561551125,1,0
3.561552250,0,0
3.561553250,1,0
3.561554333,0,0
3.561555333,1,0
3.561556458,0,1
3.561557458,1,1
3.561558583,0,0
3.561559542,1,0
3.561560667,0,0
3.561561667,1,0
3.561562792,0,0
3.561563792,1,0
3.561564917,0,0
3.561565875,1,0
3.561567000,0,0
3.561568000,1,0
3.561569125,0,0
3.561570083,1,0
3.561571250,0,1
3.561572250,1,1
3.561573333,0,1
3.561574333,1,1
3.561575458,0,0
3.561576417,1,0
3.561577542,0,0
3.561578542,1,0
3.561579667,0,0
3.561580667,1,0
3.561581750,0,0
3.561582750,1,0
3.561583917,0,0
3.561584875,1,0
3.561586000,0,1
3.561587000,1,1
3.561588125,0,1
3.561589125,1,1
3.561590208,0,1
3.561591208,1,1
3.561592333,0,1
3.561593458,1,1
3.561594458,0,0
3.561595542,1,0
3.561596667,0,0
3.561597250,0,1
3.561598792,1,1
3.561599792,0,1
3.561600875,1,1
3.561601875,0,1
3.561603000,1,1
3.561604000,0,1
3.561605125,0,0
3.561606083,1,0
3.561607083,1,1
3.561616000,1,0
3.561617042,0,0
3.561619125,1,0
3.561620125,0,0
3.561621250,1,0
3.561622208,0,0
3.561623333,1,0
3.561624333,0,0
3.561625458,1,0
3.561626458,0,0
3.561626542,0,1
3.561627542,1,1
3.561628583,0,1
3.561628625,0,0
3.561629667,1,0
3.561630667,0,0
3.561630750,0,1
3.561631750,1,1
3.561632792,0,1
3.561633875,1,1
3.561634875,0,1
3.561636000,1,1
3.561637000,0,1
3.561638125,1,1
3.561639125,0,0
3.561640250,1,0
3.561641333,0,0
3.561642083,0,1
3.561642458,1,1
3.561643417,0,1
3.561643542,0,0
3.561644583,1,0
3.561645542,0,0
3.561646208,0,1
3.561646667,1,1
3.561647667,0,1
3.561647750,0,0
3.561649875,1,0
3.561650917,0,0
3.561651000,0,1
3.561652000,1,1
3.561653042,0,1
3.561653083,0,0
3.561654125,1,0
3.561655125,0,0
3.561656208,1,0
3.561657250,0,0
3.561658333,1,0
3.561659333,0,0
3.561660458,1,0
3.561661458,0,0
3.561662542,1,0
3.561663542,0,0
3.561664667,1,0
3.561665667,0,0
3.561666792,1,0
3.561667792,0,0
3.561668875,1,0
3.561669917,0,0
3.561671000,1,0
3.561672000,0,0
3.561673083,1,0
3.561674125,0,0
3.561675208,1,0
3.561676208,0,0
3.561677333,1,0
3.561678333,0,0
3.561678417,0,1
3.561679417,1,1
3.561680458,0,1
3.561680500,0,0
3.561681542,1,0
3.561682542,0,0
3.561683625,1,0
3.561684667,0,0
3.561685750,1,0
3.561686750,0,0
3.561687875,1,0
3.561688875,0,0
3.561688958,0,1
3.561689958,1,1
3.561691000,0,1
3.561691042,0,0
3.561692083,1,0
3.561693083,0,0
3.561694208,1,0
3.561695208,0,0
3.561696333,1,0
3.561697292,0,0
3.561698417,1,0
3.561699417,0,0
3.561700542,1,0
3.561701542,0,0
3.561702625,1,0
3.561703667,0,0
3.561704750,1,0
3.561705750,0,0
3.561706833,1,0
3.561707875,0,0
3.561708958,1,0
3.561709958,0,0
3.561711083,1,0
3.561712083,0,0
3.561713167,1,0
3.561714167,0,0
3.561715292,1,0
3.561716292,0,0
3.561716375,0,1
3.561717417,1,1
3.561718417,0,1
3.561719500,1,1
3.561720500,0,0
3.561721500,1,0
3.561722625,0,0
3.561723167,0,1
3.561723708,1,1
3.561724708,0,1
3.561725833,1,1
3.561726833,0,1
3.561727958,1,1
3.561728958,0,1
3.561730042,0,0
3.561731042,1,0
3.561732042,1,1
3.561740375,1,0
3.561741333,0,0
3.561743458,1,0
3.561744458,0,0
3.561745583,1,0
3.561746542,0,0
3.561747667,1,0
3.561748667,0,0
3.561749750,1,0
3.561750792,0,0
3.561750875,0,1
3.561751875,1,1
3.561752875,0,1
3.561752958,0,0
3.561754000,1,0
3.561755000,0,0
3.561756083,1,0
3.561757125,0,0
3.561757208,0,1
3.561758208,1,1
3.561759208,0,1
3.561759292,0,0
3.561760333,1,0
3.561761333,0,0
3.561761833,0,1
3.561762417,1,1
3.561763458,0,0
3.561764542,1,0
3.561765667,0,0
3.561766208,0,1
3.561766792,1,1
3.561767792,0,1
3.561767917,0,0
3.561768875,1,0
3.561769917,0,0
3.561770708,0,1
3.561771000,1,1
3.561772000,0,1
3.561772083,0,0
3.561774250,1,0
3.561775208,0,0
3.561776333,1,0
3.561777333,0,0
3.561778458,1,0
3.561779458,0,0
3.561780542,1,0
3.561781583,0,0
3.561782667,1,0
3.561783667,0,0
3.561784750,1,0
3.561785792,0,0
3.561786875,1,0
3.561787875,0,0
3.561787958,0,1
3.561789000,1,1
3.561790000,0,1
3.561790042,0,0
3.561791083,1,0
3.561792125,0,0
3.561793208,1,0
3.561794208,0,0
3.561795292,1,0
3.561796333,0,0
3.561797417,1,0
3.561798417,0,0
3.561799542,1,0
3.561800542,0,0
3.561801667,1,0
3.561802667,0,0
3.561803750,1,0
3.561804792,0,0
3.561805875,1,0
3.561806875,0,0
3.561806958,0,1
3.561808000,1,1
3.561809000,0,1
3.561809042,0,0
3.561810083,1,0
3.561811125,0,0
3.561812208,1,0
3.561813208,0,0
3.561814292,1,0
3.561815333,0,0
3.561816417,1,0
3.561817417,0,0
3.561818542,1,0
3.561819542,0,0
3.561820667,1,0
3.561821625,0,0
3.561821708,0,1
3.561822750,1,1
3.561823750,0,1
3.561824875,1,1
3.561825875,0,1
3.561825958,0,0
3.561826958,1,0
3.561827958,0,0
3.561829083,1,0
3.561830083,0,0
3.561831208,1,0
3.561832208,0,0
3.561833292,1,0
3.561834292,0,0
3.561835417,1,0
3.561836417,0,0
3.561836500,0,1
3.561837542,1,1
3.561838500,0,1
3.561839625,1,1
3.561840625,0,1
3.561840708,0,0
3.561841750,1,0
3.561842750,0,0
3.561843292,0,1
3.561843833,1,1
3.561844833,0,0
3.561845833,1,0
3.561846958,0,0
3.561847417,0,1
3.561848083,1,1
3.561849083,0,1
3.561850167,1,1
3.561851167,0,1
3.561852292,1,1
3.561853292,0,1
3.561854417,0,0
3.561855375,1,0
3.561856375,1,1
3.561864958,1,0
3.561865958,0,0
3.561868042,1,0
3.561869042,0,0
3.561870125,1,0
3.561871167,0,0
3.561871250,0,1
3.561872250,1,1
3.561873250,0,1
3.561873333,0,0
3.561874375,1,0
3.561875375,0,0
3.561875458,0,1
3.561876500,1,1
3.561877458,0,1
3.561878583,1,1
3.561879625,0,1
3.561880708,1,1
3.561881708,0,1
3.561882792,1,1
3.561883833,0,1
3.561884917,1,1
3.561885917,0,1
3.561887042,1,1
3.561888042,0,0
3.561889167,1,0
3.561890250,0,0
3.561890750,0,1
3.561891375,1,1
3.561892375,0,1
3.561892500,0,0
3.561893500,1,0
3.561894458,0,0
3.561895125,0,1
3.561895625,1,1
3.561896625,0,1
3.561896708,0,0
3.561898792,1,0
3.561899833,0,0
3.561900917,1,0
3.561901917,0,0
3.561903042,1,0
3.561904042,0,0
3.561905167,1,0
3.561906125,0,0
3.561907250,1,0
3.561908250,0,0
3.561909375,1,0
3.561910375,0,0
3.561910458,0,1
3.561911500,1,1
3.561912458,0,1
3.561912542,0,0
3.561913583,1,0
3.561914583,0,0
3.561915708,1,0
3.561916708,0,0
3.561917792,1,0
3.561918833,0,0
3.561918917,0,1
3.561919917,1,1
3.561920917,0,1
3.561921000,0,0
3.561922042,1,0
3.561923000,0,0
3.561924125,1,0
3.561925125,0,0
3.561926250,1,0
3.561927250,0,0
3.561928333,1,0
3.561929375,0,0
3.561929458,0,1
3.561930458,1,1
3.561931458,0,1
3.561931542,0,0
3.561932583,1,0
3.561933583,0,0
3.561934667,1,0
3.561935708,0,0
3.561936792,1,0
3.561937792,0,0
3.561938875,1,0
3.561939917,0,0
3.561941000,1,0
3.561942000,0,0
3.561943125,1,0
3.561944125,0,0
3.561945208,1,0
3.561946208,0,0
3.561947333,1,0
3.561948333,0,0
3.561949458,1,0
3.561950458,0,0
3.561951542,1,0
3.561952583,0,0
3.561953667,1,0
3.561954667,0,0
3.561955750,1,0
3.561956792,0,0
3.561957875,1,0
3.561958875,0,0
3.561960000,1,0
3.561961000,0,0
3.561962125,1,0
3.561963083,0,0
3.561964208,1,0
3.561965208,0,0
3.561965333,0,1
3.561966333,1,1
3.561967333,0,1
3.561968417,1,1
3.561969458,0,0
3.561970583,1,0
3.561971667,0,0
3.561972167,0,1
3.561972792,1,1
3.561973792,0,1
3.561974875,1,1
3.561975875,0,1
3.561977000,1,1
3.561978000,0,1
3.561979125,0,0
3.561980125,1,0
3.561981083,1,1
3.561990042,1,0
3.561991042,0,0
3.561993125,1,0
3.561994167,0,0
3.561995208,1,0
3.561996250,0,0
3.561997333,1,0
3.561998375,0,0
3.561999458,1,0
3.562000458,0,0
3.562000542,0,1
3.562001583,1,1
3.562002583,0,1
3.562002667,0,0
3.562003667,1,0
3.562004667,0,0
3.562004750,0,1
3.562005792,1,1
3.562006792,0,1
3.562007875,1,1
3.562008917,0,1
3.562010000,1,1
3.562011000,0,1
3.562012125,1,1
3.562013125,0,0
3.562014125,1,0
3.562015208,0,0
3.562015708,0,1
3.562016333,1,1
3.562017333,0,1
3.562017458,0,0
3.562018458,1,0
3.562019458,0,0
3.562019958,0,1
3.562020542,1,1
3.562021542,0,1
3.562021667,0,0
3.562023792,1,0
3.562024792,0,0
3.562024875,0,1
3.562025875,1,1
3.562026917,0,1
3.562026958,0,0
3.562028000,1,0
3.562029000,0,0
3.562030083,1,0
3.562031125,0,0
3.562032208,1,0
3.562033208,0,0
3.562034333,1,0
3.562035333,0,0
3.562036458,1,0
3.562037458,0,0
3.562038542,1,0
3.562039583,0,0
3.562040667,1,0
3.562041667,0,0
3.562042750,1,0
3.562043792,0,0
3.562044875,1,0
3.562045875,0,0
3.562047000,1,0
3.562048000,0,0
3.562049125,1,0
3.562050083,0,0
3.562051208,1,0
3.562052208,0,0
3.562052292,0,1
3.562053292,1,1
3.562054333,0,1
3.562054375,0,0
3.562055417,1,0
3.562056417,0,0
3.562057542,1,0
3.562058542,0,0
3.562059667,1,0
3.562060667,0,0
3.562061750,1,0
3.562062792,0,0
3.562062833,0,1
3.562063875,1,1
3.562064875,0,1
3.562064958,0,0
3.562066000,1,0
3.562066958,0,0
3.562068083,1,0
3.562069083,0,0
3.562070208,1,0
3.562071208,0,0
3.562072292,1,0
3.562073333,0,0
3.562074417,1,0
3.562075417,0,0
3.562076500,1,0
3.562077542,0,0
3.562078625,1,0
3.562079625,0,0
3.562080750,1,0
3.562081750,0,0
3.562082875,1,0
3.562083833,0,0
3.562084958,1,0
3.562085958,0,0
3.562087083,1,0
3.562088083,0,0
3.562089167,1,0
3.562090208,0,0
3.562090292,0,1
3.562091292,1,1
3.562092292,0,1
3.562093375,1,1
3.562094375,0,0
3.562095375,1,0
3.562096500,0,0
3.562097083,0,1
3.562097625,1,1
3.562098625,0,1
3.562099708,1,1
3.562100708,0,1
3.562101833,1,1
3.562102833,0,1
3.562103958,0,0
3.562104917,1,0
3.562105917,1,1
3.562114500,1,0
3.562115500,0,0
3.562117583,1,0
3.562118625,0,0
3.562119708,1,0
3.562120708,0,0
3.562120792,0,1
3.562121792,1,1
3.562122833,0,1
3.562122875,0,0
3.562123917,1,0
3.562124917,0,0
3.562125000,0,1
3.562126000,1,1
3.562127042,0,1
3.562128125,1,1
3.562129125,0,1
3.562130250,1,1
3.562131250,0,1
3.562132333,1,1
3.562133375,0,1
3.562134458,1,1
3.562135458,0,1
3.562136583,1,1
3.562137583,0,0
3.562138583,1,0
3.562139667,0,0
3.562140250,0,1
3.562140792,1,1
3.562141792,0,1
3.562141875,0,0
3.562142917,1,0
3.562143917,0,0
3.562144417,0,1
3.562145000,1,1
3.562146000,0,1
3.562146083,0,0
3.562148208,1,0
3.562149250,0,0
3.562150333,1,0
3.562151333,0,0
3.562152458,1,0
3.562153458,0,0
3.562154583,1,0
3.562155542,0,0
3.562156667,1,0
3.562157667,0,0
3.562158792,1,0
3.562159792,0,0
3.562159875,0,1
3.562160875,1,1
3.562161875,0,1
3.562161958,0,0
3.562163000,1,0
3.562164000,0,0
3.562165125,1,0
3.562166125,0,0
3.562167208,1,0
3.562168250,0,0
3.562168292,0,1
3.562169333,1,1
3.562170333,0,1
3.562170417,0,0
3.562171458,1,0
3.562172417,0,0
3.562173542,1,0
3.562174542,0,0
3.562175667,1,0
3.562176667,0,0
3.562177750,1,0
3.562178792,0,0
3.562179875,1,0
3.562180875,0,0
3.562181958,1,0
3.562183000,0,0
3.562184083,1,0
3.562185083,0,0
3.562186208,1,0
3.562187208,0,0
3.562188333,1,0
3.562189292,0,0
3.562190417,1,0
3.562191417,0,0
3.562192542,1,0
3.562193542,0,0
3.562194625,1,0
3.562195667,0,0
3.562196750,1,0
3.562197750,0,0
3.562198833,1,0
3.562199875,0,0
3.562200958,1,0
3.562201958,0,0
3.562203042,1,0
3.562204083,0,0
3.562205167,1,0
3.562206167,0,0
3.562207292,1,0
3.562208292,0,0
3.562209417,1,0
3.562210417,0,0
3.562211500,1,0
3.562212542,0,0
3.562213625,1,0
3.562214625,0,0
3.562215750,1,0
3.562216750,0,0
3.562217458,0,1
3.562217833,1,1
3.562218833,0,0
3.562219833,1,0
3.562220958,0,0
3.562221625,0,1
3.562222042,1,1
3.562223042,0,1
3.562224167,1,1
3.562225167,0,1
3.562226250,1,1
3.562227250,0,1
3.562228417,0,0
3.562229375,1,0
3.562230375,1,1
3.562236083,1,0
3.562237083,0,0
3.562239167,1,0
3.562240167,0,0
3.562241292,1,0
3.562242292,0,0
3.562243417,1,0
3.562244417,0,0
3.562245500,1,0
3.562246500,0,0
3.562246583,0,1
3.562247625,1,1
3.562248625,0,1
3.562248708,0,0
3.562249708,1,0
3.562250750,0,0
3.562251833,1,0
3.562252875,0,0
3.562253917,1,0
3.562254958,0,0
3.562255042,0,1
3.562255083,1,1
3.562256083,0,1
3.562257167,1,1
3.562258167,0,0
3.562259167,1,0
3.562260292,0,0
3.562260708,0,1
3.562261375,1,1
3.562262375,0,1
3.562262500,0,0
3.562263500,1,0
3.562264500,0,0
3.562265208,0,1
3.562265625,1,1
3.562266583,0,1
3.562266625,0,0
3.562268583,1,0
3.562269708,0,0
3.562270708,1,0
3.562271833,0,0
3.562272792,1,0
3.562273917,0,0
3.562274917,1,0
3.562276042,0,0
3.562277000,1,0
3.562278167,0,0
3.562279125,1,0
3.562280250,0,0
3.562281250,1,0
3.562282375,0,1
3.562283333,1,1
3.562284458,0,1
3.562284500,0,0
3.562285458,1,0
3.562286583,0,0
3.562287583,1,0
3.562288667,0,0
3.562289667,1,0
3.562290792,0,0
3.562291792,1,0
3.562292917,0,0
3.562293917,1,0
3.562295000,0,0
3.562296000,1,0
3.562297125,0,0
3.562298125,1,0
3.562299250,0,0
3.562300250,1,0
3.562301333,0,0
3.562301375,0,1
3.562302333,1,1
3.562303458,0,0
3.562304458,1,0
3.562305583,0,0
3.562306542,1,0
3.562307667,0,0
3.562308667,1,0
3.562309750,0,0
3.562310750,1,0
3.562311917,0,0
3.562312875,1,0
3.562314000,0,0
3.562315000,1,0
3.562316125,0,1
3.562317083,1,1
3.562318208,0,1
3.562319208,1,1
3.562320333,0,1
3.562320375,0,0
3.562321333,1,0
3.562322417,0,0
3.562323417,1,0
3.562324583,0,0
3.562325542,1,0
3.562326667,0,0
3.562327667,1,0
3.562328750,0,0
3.562329750,1,0
3.562330875,0,1
3.562331875,1,1
3.562333000,0,1
3.562333958,1,1
3.562335125,0,0
3.562336250,1,0
3.562337333,0,0
3.562337833,0,1
3.562338458,1,1
3.562339458,0,0
3.562340583,1,0
3.562341667,0,0
3.562342250,0,1
3.562343792,1,1
3.562344792,0,1
3.562345875,1,1
3.562346875,0,1
3.562348000,1,1
3.562349000,0,1
3.562350125,0,0
3.562351125,1,0
3.562352083,1,1
3.562361042,1,0
3.562362042,0,0
3.562364125,1,0
3.562365125,0,0
3.562366250,1,0
3.562367250,0,0
3.562368375,1,0
3.562369333,0,0
3.562370458,1,0
3.562371458,0,0
3.562371542,0,1
3.562372583,1,1
3.562373583,0,1
3.562373625,0,0
3.562374667,1,0
3.562375708,0,0
3.562375792,0,1
3.562376792,1,1
3.562377792,0,1
3.562378917,1,1
3.562379917,0,1
3.562381000,1,1
3.562382042,0,1
3.562383125,1,1
3.562384125,0,0
3.562385250,1,0
3.562386375,0,0
3.562387083,0,1
3.562387458,1,1
3.562388500,0,1
3.562388583,0,0
3.562389583,1,0
3.562390583,0,0
3.562391292,0,1
3.562391708,1,1
3.562392708,0,1
3.562392792,0,0
3.562394917,1,0
3.562395917,0,0
3.562396000,0,1
3.562397000,1,1
3.562398042,0,1
3.562398083,0,0
3.562399125,1,0
3.562400125,0,0
3.562401250,1,0
3.562402250,0,0
3.562403375,1,0
3.562404375,0,0
3.562405458,1,0
3.562406458,0,0
3.562407583,1,0
3.562408583,0,0
3.562409667,1,0
3.562410708,0,0
3.562411792,1,0
3.562412792,0,0
3.562413875,1,0
3.562414917,0,0
3.562416000,1,0
3.562417000,0,0
3.562418125,1,0
3.562419125,0,0
3.562420250,1,0
3.562421250,0,0
3.562422333,1,0
3.562423375,0,0
3.562423417,0,1
3.562424458,1,1
3.562425458,0,1
3.562425542,0,0
3.562426583,1,0
3.562427583,0,0
3.562428667,1,0
3.562429667,0,0
3.562430792,1,0
3.562431792,0,0
3.562432875,1,0
3.562433917,0,0
3.562434000,0,1
3.562435000,1,1
3.562436000,0,1
3.562436083,0,0
3.562437125,1,0
3.562438125,0,0
3.562439208,1,0
3.562440250,0,0
3.562441333,1,0
3.562442333,0,0
3.562443417,1,0
3.562444458,0,0
3.562445542,1,0
3.562446542,0,0
3.562447667,1,0
3.562448667,0,0
3.562449792,1,0
3.562450750,0,0
3.562451875,1,0
3.562452875,0,0
3.562454000,1,0
3.562455000,0,0
3.562456083,1,0
3.562457125,0,0
3.562458208,1,0
3.562459208,0,0
3.562460292,1,0
3.562461333,0,0
3.562461417,0,1
3.562462417,1,1
3.562463417,0,1
3.562464542,1,1
3.562465542,0,0
3.562466667,1,0
3.562467792,0,0
3.562468292,0,1
3.562468875,1,1
3.562469875,0,1
3.562471000,1,1
3.562472000,0,1
3.562473083,1,1
3.562474083,0,1
3.562475208,0,0
3.562476208,1,0
3.562477208,1,1
3.562485750,1,0
3.562486750,0,0
3.562488833,1,0
3.562489875,0,0
3.562490958,1,0
3.562491958,0,0
3.562492042,0,1
3.562493042,1,1
3.562494083,0,1
3.562494167,0,0
3.562495167,1,0
3.562496208,0,0
3.562496292,0,1
3.562497292,1,1
3.562498292,0,1
3.562499417,1,1
3.562500417,0,1
3.562501500,1,1
3.562502500,0,1
3.562503625,1,1
3.562504625,0,1
3.562505750,1,1
3.562506708,0,1
3.562507875,1,1
3.562508875,0,0
3.562509958,1,0
3.562511083,0,0
3.562511583,0,1
3.562512208,1,1
3.562513167,0,1
3.562513292,0,0
3.562514292,1,0
3.562515292,0,0
3.562516083,0,1
3.562516417,1,1
3.562517417,0,1
3.562517500,0,0
3.562519625,1,0
3.562520667,0,0
3.562521750,1,0
3.562522750,0,0
3.562523833,1,0
3.562524875,0,0
3.562525958,1,0
3.562526958,0,0
3.562528083,1,0
3.562529083,0,0
3.562530208,1,0
3.562531167,0,0
3.562531250,0,1
3.562532292,1,1
3.562533292,0,1
3.562533375,0,0
3.562534417,1,0
3.562535417,0,0
3.562536500,1,0
3.562537500,0,0
3.562538625,1,0
3.562539625,0,0
3.562539708,0,1
3.562540708,1,1
3.562541750,0,1
3.562541792,0,0
3.562542833,1,0
3.562543833,0,0
3.562544958,1,0
3.562545958,0,0
3.562547083,1,0
3.562548083,0,0
3.562549167,1,0
3.562550208,0,0
3.562551292,1,0
3.562552292,0,0
3.562553375,1,0
3.562554417,0,0
3.562555500,1,0
3.562556500,0,0
3.562557583,1,0
3.562558625,0,0
3.562559708,1,0
3.562560708,0,0
3.562561833,1,0
3.562562833,0,0
3.562563958,1,0
3.562564958,0,0
3.562566042,1,0
3.562567083,0,0
3.562568167,1,0
3.562569167,0,0
3.562570250,1,0
3.562571292,0,0
3.562572375,1,0
3.562573375,0,0
3.562574500,1,0
3.562575500,0,0
3.562576625,1,0
3.562577583,0,0
3.562578708,1,0
3.562579708,0,0
3.562580833,1,0
3.562581833,0,0
3.562582917,1,0
3.562583958,0,0
3.562585042,1,0
3.562586042,0,0
3.562587167,1,0
3.562588167,0,0
3.562588750,0,1
3.562589250,1,1
3.562590250,0,0
3.562591250,1,0
3.562592375,0,0
3.562592875,0,1
3.562593500,1,1
3.562594500,0,1
3.562595583,1,1
3.562596583,0,1
3.562597708,1,1
3.562598667,0,1
3.562599833,0,0
3.562600792,1,0
3.562601792,1,1
3.562607625,1,0
3.562608625,0,0
3.562610708,1,0
3.562611750,0,0
3.562612833,1,0
3.562613875,0,0
3.562614958,1,0
3.562615958,0,0
3.562617042,1,0
3.562618083,0,0
3.562618167,0,1
3.562619167,1,1
3.562620167,0,1
3.562620250,0,0
3.562621292,1,0
3.562622292,0,0
3.562623375,1,0
3.562624375,0,0
3.562625500,1,0
3.562626500,0,0
3.562626583,0,1
3.562626625,1,1
3.562627583,0,1
3.562628750,1,1
3.562629708,0,1
3.562629750,0,0
3.562630708,1,0
3.562631833,0,0
3.562632167,0,1
3.562632958,1,1
3.562633958,0,1
3.562634083,0,0
3.562635042,1,0
3.562636042,0,0
3.562636542,0,1
3.562637167,1,1
3.562638167,0,0
3.562640125,1,0
3.562641250,0,0
3.562642250,1,0
3.562643333,0,0
3.562644333,1,0
3.562645458,0,0
3.562646458,1,0
3.562647583,0,0
3.562648583,1,0
3.562649667,0,0
3.562650667,1,0
3.562651792,0,1
3.562652792,1,1
3.562653917,0,1
3.562654917,1,1
3.562656042,0,0
3.562657000,1,0
3.562658125,0,0
3.562659125,1,0
3.562660250,0,0
3.562661250,1,0
3.562662333,0,0
3.562663333,1,0
3.562664458,0,0
3.562665417,1,0
3.562666583,0,0
3.562667583,1,0
3.562668667,0,0
3.562669667,1,0
3.562670792,0,0
3.562671792,1,0
3.562672875,0,1
3.562673875,1,1
3.562675000,0,0
3.562676000,1,0
3.562677125,0,0
3.562678083,1,0
3.562679250,0,0
3.562680208,1,0
3.562681333,0,0
3.562682333,1,0
3.562683458,0,0
3.562684417,1,0
3.562685542,0,0
3.562686542,1,0
3.562687667,0,1
3.562688667,1,1
3.562689750,0,1
3.562690750,1,1
3.562691875,0,0
3.562692875,1,0
3.562694000,0,0
3.562695000,1,0
3.562696083,0,0
3.562697083,1,0
3.562698208,0,0
3.562699208,1,0
3.562700333,0,0
3.562701333,1,0
3.562702417,0,0
3.562702458,0,1
3.562703417,1,1
3.562704542,0,1
3.562705542,1,1
3.562706625,0,1
3.562707667,1,1
3.562708792,0,1
3.562709875,1,1
3.562710875,0,0
3.562712000,1,0
3.562713083,0,0
3.562713708,0,1
3.562715208,1,1
3.562716208,0,1
3.562717333,1,1
3.562718333,0,1
3.562719417,1,1
3.562720458,0,1
3.562721542,0,0
3.562722542,1,0
3.562723542,1,1
3.562732458,1,0
3.562733458,0,0
3.562735542,1,0
3.562736583,0,0
3.562737667,1,0
3.562738667,0,0
3.562739792,1,0
3.562740792,0,0
3.562741875,1,0
3.562742875,0,0
3.562742958,0,1
3.562744000,1,1
3.562745042,0,1
3.562745083,0,0
3.562746125,1,0
3.562747125,0,0
3.562747208,0,1
3.562748208,1,1
3.562749250,0,1
3.562750333,1,1
3.562751333,0,1
3.562752458,1,1
3.562753458,0,1
3.562754542,1,1
3.562755542,0,0
3.562756542,1,0
3.562757667,0,0
3.562758250,0,1
3.562758750,1,1
3.562759750,0,1
3.562759875,0,0
3.562760875,1,0
3.562761875,0,0
3.562762417,0,1
3.562763000,1,1
3.562764000,0,1
3.562764083,0,0
3.562766208,1,0
3.562767250,0,0
3.562767333,0,1
3.562768333,1,1
3.562769333,0,1
3.562769417,0,0
3.562770458,1,0
3.562771417,0,0
3.562772542,1,0
3.562773542,0,0
3.562774667,1,0
3.562775667,0,0
3.562776750,1,0
3.562777792,0,0
3.562778875,1,0
3.562779875,0,0
3.562780958,1,0
3.562782000,0,0
3.562783083,1,0
3.562784083,0,0
3.562785208,1,0
3.562786208,0,0
3.562787333,1,0
3.562788333,0,0
3.562789417,1,0
3.562790458,0,0
3.562791542,1,0
3.562792542,0,0
3.562793625,1,0
3.562794667,0,0
3.562794750,0,1
3.562795750,1,1
3.562796750,0,1
3.562796833,0,0
3.562797875,1,0
3.562798875,0,0
3.562799958,1,0
3.562801000,0,0
3.562802083,1,0
3.562803083,0,0
3.562804208,1,0
3.562805208,0,0
3.562805292,0,1
3.562806292,1,1
3.562807333,0,1
3.562807375,0,0
3.562808417,1,0
3.562809417,0,0
3.562810542,1,0
3.562811542,0,0
3.562812625,1,0
3.562813625,0,0
3.562814750,1,0
3.562815750,0,0
3.562816875,1,0
3.562817875,0,0
3.562818958,1,0
3.562820000,0,0
3.562821083,1,0
3.562822083,0,0
3.562823167,1,0
3.562824208,0,0
3.562825292,1,0
3.562826292,0,0
3.562826375,0,1
3.562827417,1,1
3.562828417,0,1
3.562828458,0,0
3.562829500,1,0
3.562830542,0,0
3.562831625,1,0
3.562832625,0,0
3.562833750,1,0
3.562834750,0,0
3.562835542,0,1
3.562835875,1,1
3.562836833,0,1
3.562836875,0,0
3.562837958,1,0
3.562839083,0,0
3.562839708,0,1
3.562840208,1,1
3.562841208,0,1
3.562842292,1,1
3.562843292,0,1
3.562844417,1,1
3.562845417,0,1
3.562846542,0,0
3.562847500,1,0
3.562848500,1,1
3.562857083,1,0
3.562858083,0,0
3.562860167,1,0
3.562861167,0,0
3.562862292,1,0
3.562863292,0,0
3.562863375,0,1
3.562864375,1,1
3.562865417,0,1
3.562865500,0,0
3.562866500,1,0
3.562867500,0,0
3.562867583,0,1
3.562868625,1,1
3.562869625,0,1
3.562870708,1,1
3.562871750,0,1
3.562872833,1,1
3.562873833,0,1
3.562874917,1,1
3.562875958,0,1
3.562877083,1,1
3.562878042,0,1
3.562879167,1,1
3.562880167,0,0
3.562881167,1,0
3.562882292,0,0
3.562882917,0,1
3.562883375,1,1
3.562884375,0,1
3.562884500,0,0
3.562885500,1,0
3.562886500,0,0
3.562887083,0,1
3.562887583,1,1
3.562888583,0,1
3.562888708,0,0
3.562890833,1,0
3.562891833,0,0
3.562892958,1,0
3.562893958,0,0
3.562895042,1,0
3.562896083,0,0
3.562897167,1,0
3.562898167,0,0
3.562899250,1,0
3.562900292,0,0
3.562901375,1,0
3.562902375,0,0
3.562902458,0,1
3.562903500,1,1
3.562904500,0,1
3.562904542,0,0
3.562905583,1,0
3.562906625,0,0
3.562907708,1,0
3.562908708,0,0
3.562909792,1,0
3.562910833,0,0
3.562910917,0,1
3.562911917,1,1
3.562912958,0,1
3.562913000,0,0
3.562914042,1,0
3.562915042,0,0
3.562916125,1,0
3.562917167,0,0
3.562918250,1,0
3.562919250,0,0
3.562920375,1,0
3.562921375,0,0
3.562922500,1,0
3.562923458,0,0
3.562924583,1,0
3.562925583,0,0
3.562926708,1,0
3.562927708,0,0
3.562928792,1,0
3.562929833,0,0
3.562930917,1,0
3.562931917,0,0
3.562933000,1,0
3.562934042,0,0
3.562935125,1,0
3.562936125,0,0
3.562937250,1,0
3.562938250,0,0
3.562939375,1,0
3.562940333,0,0
3.562941458,1,0
3.562942458,0,0
3.562943583,1,0
3.562944583,0,0
3.562945667,1,0
3.562946708,0,0
3.562947792,1,0
3.562948792,0,0
3.562949875,1,0
3.562950917,0,0
3.562952000,1,0
3.562953000,0,0
3.562954125,1,0
3.562955125,0,0
3.562956250,1,0
3.562957250,0,0
3.562958333,1,0
3.562959333,0,0
3.562959917,0,1
3.562960458,1,1
3.562961458,0,0
3.562962583,1,0
3.562963667,0,0
3.562964417,0,1
3.562964792,1,1
3.562965792,0,1
3.562966875,1,1
3.562967875,0,1
3.562969000,1,1
3.562970000,0,1
3.562971125,0,0
3.562972125,1,0
3.562973083,1,1
3.562978958,1,0
3.562979917,0,0
3.562982042,1,0
3.562983042,0,0
3.562984167,1,0
3.562985167,0,0
3.562986250,1,0
3.562987250,0,0
3.562988375,1,0
3.562989375,0,0
3.562989458,0,1
3.562990458,1,1
3.562991500,0,1
3.562991583,0,0
3.562992583,1,0
3.562993625,0,0
3.562994708,1,0
3.562995708,0,0
3.562996792,1,0
3.562997833,0,0
3.562997917,1,1
3.562998917,0,1
3.563000042,1,1
3.563001042,0,0
3.563002042,1,0
3.563003125,0,0
3.563003500,0,1
3.563004250,1,1
3.563005250,0,1
3.563005375,0,0
3.563006333,1,0
3.563007333,0,0
3.563008125,0,1
3.563008500,1,1
3.563009458,0,0
3.563011417,1,0
3.563012542,0,0
3.563013542,1,0
3.563014667,0,0
3.563015667,1,0
3.563016792,0,0
3.563017792,1,0
3.563018875,0,0
3.563019875,1,0
3.563021000,0,0
3.563022000,1,0
3.563023125,0,0
3.563024125,1,0
3.563025208,0,0
3.563026208,1,0
3.563027333,0,0
3.563028333,1,0
3.563029417,0,0
3.563030417,1,0
3.563031542,0,0
3.563031583,0,1
3.563032542,1,1
3.563033667,0,1
3.563034625,1,1
3.563035750,0,1
3.563036750,1,1
3.563037875,0,1
3.563037917,0,0
3.563038875,1,0
3.563040000,0,0
3.563040958,1,0
3.563042083,0,0
3.563043083,1,0
3.563044208,0,0
3.563045208,1,0
3.563046333,0,0
3.563047333,1,0
3.563048417,0,0
3.563049417,1,0
3.563050542,0,0
3.563051542,1,0
3.563052625,0,0
3.563053625,1,0
3.563054750,0,0
3.563054792,0,1
3.563055750,1,1
3.563056875,0,0
3.563057833,1,0
3.563059000,0,0
3.563060000,1,0
3.563061083,0,0
3.563062083,1,0
3.563063208,0,0
3.563064208,1,0
3.563065292,0,0
3.563066292,1,0
3.563067417,0,0
3.563068417,1,0
3.563069542,0,0
3.563070542,1,0
3.563071625,0,0
3.563072625,1,0
3.563073750,0,0
3.563074750,1,0
3.563075875,0,0
3.563076875,1,0
3.563077958,0,0
3.563079083,1,0
3.563080208,0,0
3.563080750,0,1
3.563081333,1,1
3.563082333,0,0
3.563083458,1,0
3.563084542,0,0
3.563085042,0,1
3.563086667,1,1
3.563087667,0,1
3.563088750,1,1
3.563089750,0,1
3.563090875,1,1
3.563091875,0,1
3.563093000,0,0
3.563094000,1,0
3.563094958,1,1
3.563103917,1,0
3.563104917,0,0
3.563107000,1,0
3.563108000,0,0
3.563109125,1,0
3.563110125,0,0
3.563111208,1,0
3.563112250,0,0
3.563113333,1,0
3.563114333,0,0
3.563114417,0,1
3.563115417,1,1
3.563116458,0,1
3.563116500,0,0
3.563117542,1,0
3.563118583,0,0
3.563118667,0,1
3.563119667,1,1
3.563120667,0,1
3.563121792,1,1
3.563122792,0,1
3.563123875,1,1
3.563124875,0,1
3.563126000,1,1
3.563127000,0,0
3.563128125,1,0
3.563129250,0,0
3.563129750,0,1
3.563130333,1,1
3.563131333,0,1
3.563131458,0,0
3.563132458,1,0
3.563133458,0,0
3.563134208,0,1
3.563134542,1,1
3.563135542,0,1
3.563135667,0,0
3.563137792,1,0
3.563138792,0,0
3.563138875,0,1
3.563139875,1,1
3.563140917,0,1
3.563140958,0,0
3.563142000,1,0
3.563143000,0,0
3.563144125,1,0
3.563145125,0,0
3.563146250,1,0
3.563147250,0,0
3.563148333,1,0
3.563149375,0,0
3.563150458,1,0
3.563151458,0,0
3.563152542,1,0
3.563153583,0,0
3.563154667,1,0
3.563155667,0,0
3.563156750,1,0
3.563157792,0,0
3.563158875,1,0
3.563159875,0,0
3.563161000,1,0
3.563162000,0,0
3.563163125,1,0
3.563164125,0,0
3.563165208,1,0
3.563166208,0,0
3.563166292,0,1
3.563167333,1,1
3.563168333,0,1
3.563168417,0,0
3.563169458,1,0
3.563170417,0,0
3.563171542,1,0
3.563172542,0,0
3.563173667,1,0
3.563174667,0,0
3.563175750,1,0
3.563176792,0,0
3.563176875,0,1
3.563177875,1,1
3.563178875,0,1
3.563178958,0,0
3.563180000,1,0
3.563181000,0,0
3.563182083,1,0
3.563183125,0,0
3.563184208,1,0
3.563185208,0,0
3.563186292,1,0
3.563187333,0,0
3.563188417,1,0
3.563189417,0,0
3.563190542,1,0
3.563191542,0,0
3.563192625,1,0
3.563193625,0,0
3.563194750,1,0
3.563195750,0,0
3.563196875,1,0
3.563197875,0,0
3.563197958,0,1
3.563198958,1,1
3.563199958,0,1
3.563200042,0,0
3.563201083,1,0
3.563202083,0,0
3.563203208,1,0
3.563204208,0,0
3.563205292,1,0
3.563206333,0,0
3.563206958,0,1
3.563207417,1,1
3.563208417,0,0
3.563209417,1,0
3.563210542,0,0
3.563211042,0,1
3.563211625,1,1
3.563212625,0,1
3.563213750,1,1
3.563214750,0,1
3.563215833,1,1
3.563216833,0,1
3.563217958,0,0
3.563218958,1,0
3.563219958,1,1
3.563228417,1,0
3.563229375,0,0
3.563231500,1,0
3.563232500,0,0
3.563233583,1,0
3.563234583,0,0
3.563235708,1,0
3.563236708,0,0
3.563237792,1,0
3.563238833,0,0
3.563238917,0,1
3.563239917,1,1
3.563240917,0,1
3.563241000,0,0
3.563242042,1,0
3.563243042,0,0
3.563244125,1,0
3.563245125,0,0
3.563245208,0,1
3.563246250,1,1
3.563247250,0,1
3.563247333,0,0
3.563248375,1,0
3.563249375,0,0
3.563249958,0,1
3.563250458,1,1
3.563251458,0,1
3.563251500,0,0
3.563252458,1,0
3.563253583,0,0
3.563254042,0,1
3.563254708,1,1
3.563255667,0,1
3.563255792,0,0
3.563256833,1,0
3.563257792,0,0
3.563258333,0,1
3.563258917,1,1
3.563259917,0,1
3.563260000,0,0
3.563262125,1,0
3.563263167,0,0
3.563264250,1,0
3.563265250,0,0
3.563266333,1,0
3.563267375,0,0
3.563268458,1,0
3.563269458,0,0
3.563270583,1,0
3.563271583,0,0
3.563272708,1,0
3.563273708,0,0
3.563274792,1,0
3.563275833,0,0
3.563276917,1,0
3.563277917,0,0
3.563279000,1,0
3.563280042,0,0
3.563281125,1,0
3.563282125,0,0
3.563282208,0,1
3.563283250,1,1
3.563284250,0,1
3.563285375,1,1
3.563286333,0,1
3.563287458,1,1
3.563288458,0,1
3.563288542,0,0
3.563289583,1,0
3.563290583,0,0
3.563291667,1,0
3.563292667,0,0
3.563293792,1,0
3.563294792,0,0
3.563295917,1,0
3.563296917,0,0
3.563298000,1,0
3.563299042,0,0
3.563300125,1,0
3.563301125,0,0
3.563302208,1,0
3.563303250,0,0
3.563304333,1,0
3.563305333,0,0
3.563305417,0,1
3.563306458,1,1
3.563307458,0,1
3.563307500,0,0
3.563308542,1,0
3.563309583,0,0
3.563310667,1,0
3.563311667,0,0
3.563312792,1,0
3.563313792,0,0
3.563314917,1,0
3.563315875,0,0
3.563317000,1,0
3.563318000,0,0
3.563319125,1,0
3.563320125,0,0
3.563321208,1,0
3.563322250,0,0
3.563323333,1,0
3.563324333,0,0
3.563325417,1,0
3.563326458,0,0
3.563327542,1,0
3.563328542,0,0
3.563329667,1,0
3.563330667,0,0
3.563331375,0,1
3.563331750,1,1
3.563332750,0,0
3.563333750,1,0
3.563334875,0,0
3.563335458,0,1
3.563336000,1,1
3.563337000,0,1
3.563338083,1,1
3.563339083,0,1
3.563340208,1,1
3.563341208,0,1
3.563342333,0,0
3.563343333,1,0
3.563344292,1,1
3.563352875,1,0
3.563353875,0,0
3.563355958,1,0
3.563357000,0,0
3.563358083,1,0
3.563359083,0,0
3.563359167,0,1
3.563360167,1,1
3.563361208,0,1
3.563361292,0,0
3.563362292,1,0
3.563363292,0,0
3.563363375,0,1
3.563364417,1,1
3.563365417,0,1
3.563366500,1,1
3.563367542,0,1
3.563368625,1,1
3.563369625,0,1
3.563370708,1,1
3.563371750,0,1
3.563372875,1,1
3.563373833,0,1
3.563374958,1,1
3.563375958,0,0
3.563376958,1,0
3.563378083,0,0
3.563378583,0,1
3.563379167,1,1
3.563380167,0,1
3.563380292,0,0
3.563381292,1,0
3.563382292,0,0
3.563382792,0,1
3.563383375,1,1
3.563384375,0,1
3.563384500,0,0
3.563386625,1,0
3.563387625,0,0
3.563388750,1,0
3.563389750,0,0
3.563390833,1,0
3.563391833,0,0
3.563392958,1,0
3.563393958,0,0
3.563395042,1,0
3.563396083,0,0
3.563397167,1,0
3.563398167,0,0
3.563398250,0,1
3.563399292,1,1
3.563400292,0,1
3.563400333,0,0
3.563401375,1,0
3.563402417,0,0
3.563403500,1,0
3.563404500,0,0
3.563405583,1,0
3.563406625,0,0
3.563406708,0,1
3.563407708,1,1
3.563408750,0,1
3.563408792,0,0
3.563409833,1,0
3.563410833,0,0
3.563411917,1,0
3.563412958,0,0
3.563414042,1,0
3.563415042,0,0
3.563416167,1,0
3.563417167,0,0
3.563417250,0,1
3.563418250,1,1
3.563419292,0,1
3.563419333,0,0
3.563420375,1,0
3.563421375,0,0
3.563422500,1,0
3.563423500,0,0
3.563424625,1,0
3.563425583,0,0
3.563426708,1,0
3.563427708,0,0
3.563428833,1,0
3.563429833,0,0
3.563430917,1,0
3.563431958,0,0
3.563433042,1,0
3.563434042,0,0
3.563435125,1,0
3.563436167,0,0
3.563437250,1,0
3.563438250,0,0
3.563439375,1,0
3.563440375,0,0
3.563441500,1,0
3.563442500,0,0
3.563443583,1,0
3.563444625,0,0
3.563445708,1,0
3.563446708,0,0
3.563447792,1,0
3.563448833,0,0
3.563449917,1,0
3.563450917,0,0
3.563452042,1,0
3.563453042,0,0
3.563453125,0,1
3.563454125,1,1
3.563455125,0,1
3.563456250,1,1
3.563457250,0,0
3.563458250,1,0
3.563459375,0,0
3.563460042,0,1
3.563460458,1,1
3.563461458,0,1
3.563462583,1,1
3.563463583,0,1
3.563464667,1,1
3.563465708,0,1
3.563466792,0,0
3.563467792,1,0
3.563468792,1,1
3.563477708,1,0
3.563478708,0,0
3.563480792,1,0
3.563481833,0,0
3.563482917,1,0
3.563483917,0,0
3.563485042,1,0
3.563486042,0,0
3.563487125,1,0
3.563488167,0,0
3.563488250,0,1
3.563489250,1,1
3.563490250,0,1
3.563490333,0,0
3.563491375,1,0
3.563492375,0,0
3.563492458,0,1
3.563493458,1,1
3.563494500,0,1
3.563495583,1,1
3.563496583,0,1
3.563497708,1,1
3.563498708,0,1
3.563499792,1,1
3.563500833,0,0
3.563501917,1,0
3.563503042,0,0
3.563503667,0,1
3.563504167,1,1
3.563505125,0,1
3.563505250,0,0
3.563506250,1,0
3.563507250,0,0
3.563507792,0,1
3.563508375,1,1
3.563509375,0,1
3.563509458,0,0
3.563511583,1,0
3.563512625,0,0
3.563512708,0,1
3.563513708,1,1
3.563514708,0,1
3.563514792,0,0
3.563515833,1,0
3.563516833,0,0
3.563517917,1,0
3.563518958,0,0
3.563520042,1,0
3.563521042,0,0
3.563522125,1,0
3.563523167,0,0
3.563524250,1,0
3.563525250,0,0
3.563526333,1,0
3.563527375,0,0
3.563528458,1,0
3.563529458,0,0
3.563530583,1,0
3.563531583,0,0
3.563532708,1,0
3.563533708,0,0
3.563534792,1,0
3.563535833,0,0
3.563536917,1,0
3.563537917,0,0
3.563539000,1,0
3.563540042,0,0
3.563540125,0,1
3.563541125,1,1
3.563542125,0,1
3.563542208,0,0
3.563543250,1,0
3.563544250,0,0
3.563545333,1,0
3.563546375,0,0
3.563547458,1,0
3.563548458,0,0
3.563549542,1,0
3.563550583,0,0
3.563550667,0,1
3.563551667,1,1
3.563552708,0,1
3.563552750,0,0
3.563553792,1,0
3.563554792,0,0
3.563555875,1,0
3.563556917,0,0
3.563558000,1,0
3.563559000,0,0
3.563560125,1,0
3.563561125,0,0
3.563562250,1,0
3.563563208,0,0
3.563564333,1,0
3.563565333,0,0
3.563566458,1,0
3.563567458,0,0
3.563568542,1,0
3.563569583,0,0
3.563570667,1,0
3.563571667,0,0
3.563571750,0,1
3.563572792,1,1
3.563573792,0,1
3.563573833,0,0
3.563574875,1,0
3.563575917,0,0
3.563577000,1,0
3.563578000,0,0
3.563579125,1,0
3.563580125,0,0
3.563580750,0,1
3.563581208,1,1
3.563582208,0,0
3.563583208,1,0
3.563584333,0,0
3.563585042,0,1
3.563585458,1,1
3.563586458,0,1
3.563587542,1,1
3.563588542,0,1
3.563589667,1,1
3.563590625,0,1
3.563591792,0,0
3.563592750,1,0
3.563593750,1,1
3.563602208,1,0
3.563603167,0,0
3.563605292,1,0
3.563606292,0,0
3.563607375,1,0
3.563608375,0,0
3.563608458,0,1
3.563609500,1,1
3.563610500,0,1
3.563610583,0,0
3.563611625,1,0
3.563612625,0,0
3.563612708,0,1
3.563613708,1,1
3.563614750,0,1
3.563615833,1,1
3.563616833,0,1
3.563617917,1,1
3.563618958,0,1
3.563620042,1,1
3.563621042,0,1
3.563622167,1,1
3.563623167,0,1
3.563624292,1,1
3.563625250,0,1
3.563625292,0,0
3.563626292,1,0
3.563627375,0,0
3.563628083,0,1
3.563628500,1,1
3.563629458,0,1
3.563629583,0,0
3.563630625,1,0
3.563631583,0,0
3.563632208,0,1
3.563632708,1,1
3.563633708,0,1
3.563633792,0,0
3.563635917,1,0
3.563636958,0,0
3.563638042,1,0
3.563639042,0,0
3.563640167,1,0
3.563641167,0,0
3.563642292,1,0
3.563643292,0,0
3.563644375,1,0
3.563645375,0,0
3.563646500,1,0
3.563647500,0,0
3.563647583,0,1
3.563648583,1,1
3.563649583,0,1
3.563649667,0,0
3.563650708,1,0
3.563651708,0,0
3.563652833,1,0
3.563653833,0,0
3.563654917,1,0
3.563655958,0,0
3.563656042,0,1
3.563657042,1,1
3.563658042,0,1
3.563658125,0,0
3.563659167,1,0
3.563660167,0,0
3.563661250,1,0
3.563662292,0,0
3.563663375,1,0
3.563664375,0,0
3.563665458,1,0
3.563666500,0,0
3.563667583,1,0
3.563668583,0,0
3.563669708,1,0
3.563670708,0,0
3.563671792,1,0
3.563672792,0,0
3.563673917,1,0
3.563674917,0,0
3.563676042,1,0
3.563677042,0,0
3.563678125,1,0
3.563679167,0,0
3.563680250,1,0
3.563681250,0,0
3.563682333,1,0
3.563683375,0,0
3.563684458,1,0
3.563685458,0,0
3.563686583,1,0
3.563687583,0,0
3.563688708,1,0
3.563689667,0,0
3.563690792,1,0
3.563691792,0,0
3.563692917,1,0
3.563693917,0,0
3.563695000,1,0
3.563696042,0,0
3.563697125,1,0
3.563698125,0,0
3.563699250,1,0
3.563700250,0,0
3.563701375,1,0
3.563702333,0,0
3.563703458,1,0
3.563704458,0,0
3.563705000,0,1
3.563705583,1,1
3.563706583,0,0
3.563707583,1,0
3.563708708,0,0
3.563709333,0,1
3.563709792,1,1
3.563710792,0,1
3.563711917,1,1
3.563712917,0,1
3.563714000,1,1
3.563715000,0,1
3.563716125,0,0
3.563717125,1,0
3.563718083,1,1
3.563723833,1,0
3.563724792,0,0
3.563726917,1,0
3.563727917,0,0
3.563729042,1,0
3.563730042,0,0
3.563731125,1,0
3.563732125,0,0
3.563733250,1,0
3.563734250,0,0
3.563734333,0,1
3.563735333,1,1
3.563736375,0,1
3.563736417,0,0
3.563737458,1,0
3.563738458,0,0
3.563739542,1,0
3.563740583,0,0
3.563741667,1,0
3.563742708,0,0
3.563742792,1,1
3.563743792,0,1
3.563744917,1,1
3.563745917,0,0
3.563746917,1,0
3.563748000,0,0
3.563748292,0,1
3.563749125,1,1
3.563750125,0,1
3.563750250,0,0
3.563751250,1,0
3.563752250,0,0
3.563752958,0,1
3.563753333,1,1
3.563754333,0,0
3.563756292,1,0
3.563757458,0,0
3.563758458,1,0
3.563759542,0,0
3.563760542,1,0
3.563761667,0,0
3.563762667,1,0
3.563763750,0,0
3.563764750,1,0
3.563765875,0,0
3.563766875,1,0
3.563768000,0,0
3.563769000,1,0
3.563770083,0,0
3.563771083,1,0
3.563772208,0,0
3.563773208,1,0
3.563774333,0,0
3.563775333,1,0
3.563776417,0,0
3.563776458,0,1
3.563777417,1,1
3.563778542,0,1
3.563779542,1,1
3.563780625,0,1
3.563781625,1,1
3.563782750,0,1
3.563782792,0,0
3.563783750,1,0
3.563784875,0,0
3.563785875,1,0
3.563786958,0,0
3.563787958,1,0
3.563789083,0,0
3.563790083,1,0
3.563791208,0,0
3.563792208,1,0
3.563793292,0,0
3.563794292,1,0
3.563795417,0,0
3.563796417,1,0
3.563797542,0,0
3.563798542,1,0
3.563799625,0,0
3.563799667,0,1
3.563800625,1,1
3.563801750,0,0
3.563802750,1,0
3.563803875,0,0
3.563804833,1,0
3.563805958,0,0
3.563806958,1,0
3.563808083,0,0
3.563809042,1,0
3.563810208,0,0
3.563811208,1,0
3.563812292,0,0
3.563813292,1,0
3.563814417,0,0
3.563815375,1,0
3.563816500,0,0
3.563817500,1,0
3.563818625,0,0
3.563819625,1,0
3.563820750,0,0
3.563821750,1,0
3.563822833,0,0
3.563823875,1,0
3.563824958,0,0
3.563825542,0,1
3.563826083,1,1
3.563827083,0,0
3.563828208,1,0
3.563829333,0,0
3.563829792,0,1
3.563831417,1,1
3.563832417,0,1
3.563833542,1,1
3.563834542,0,1
3.563835625,1,1
3.563836625,0,1
3.563837750,0,0
3.563838750,1,0
3.563839708,1,1
3.563848667,1,0
3.563849667,0,0
3.563851750,1,0
3.563852792,0,0
3.563853875,1,0
3.563854875,0,0
3.563855958,1,0
3.563857000,0,0
3.563858083,1,0
3.563859125,0,0
3.563859208,0,1
3.563860208,1,1
3.563861208,0,1
3.563861292,0,0
3.563862292,1,0
3.563863333,0,0
3.563863417,0,1
3.563864417,1,1
3.563865417,0,1
3.563866500,1,1
3.563867542,0,1
3.563868667,1,1
3.563869625,0,1
3.563870750,1,1
3.563871792,0,0
3.563872875,1,0
3.563874000,0,0
3.563874500,0,1
3.563875125,1,1
3.563876083,0,1
3.563876208,0,0
3.563877208,1,0
3.563878208,0,0
3.563878875,0,1
3.563879333,1,1
3.563880333,0,1
3.563880417,0,0
3.563882542,1,0
3.563883542,0,0
3.563883625,0,1
3.563884667,1,1
3.563885667,0,1
3.563885708,0,0
3.563886750,1,0
3.563887792,0,0
3.563888875,1,0
3.563889875,0,0
3.563891000,1,0
3.563892000,0,0
3.563893125,1,0
3.563894083,0,0
3.563895208,1,0
3.563896208,0,0
3.563897333,1,0
3.563898333,0,0
3.563899417,1,0
3.563900458,0,0
3.563901542,1,0
3.563902542,0,0
3.563903625,1,0
3.563904667,0,0
3.563905750,1,0
3.563906750,0,0
3.563907875,1,0
3.563908875,0,0
3.563910000,1,0
3.563910958,0,0
3.563911042,0,1
3.563912083,1,1
3.563913083,0,1
3.563913167,0,0
3.563914167,1,0
3.563915208,0,0
3.563916292,1,0
3.563917292,0,0
3.563918417,1,0
3.563919417,0,0
3.563920542,1,0
3.563921542,0,0
3.563921625,0,1
3.563922667,1,1
3.563923625,0,1
3.563923708,0,0
3.563924750,1,0
3.563925750,0,0
3.563926875,1,0
3.563927875,0,0
3.563928958,1,0
3.563930000,0,0
3.563931083,1,0
3.563932083,0,0
3.563933167,1,0
3.563934208,0,0
3.563935292,1,0
3.563936292,0,0
3.563937417,1,0
3.563938417,0,0
3.563939542,1,0
3.563940542,0,0
3.563941625,1,0
3.563942667,0,0
3.563942750,0,1
3.563943750,1,1
3.563944750,0,1
3.563944833,0,0
3.563945875,1,0
3.563946833,0,0
3.563947958,1,0
3.563948958,0,0
3.563950083,1,0
3.563951083,0,0
3.563951750,0,1
3.563952167,1,1
3.563953208,0,0
3.563954333,1,0
3.563955417,0,0
3.563955958,0,1
3.563956542,1,1
3.563957542,0,1
3.563958625,1,1
3.563959625,0,1
3.563960750,1,1
3.563961750,0,1
3.563962875,0,0
3.563963875,1,0
3.563964833,1,1
3.563973292,1,0
3.563974292,0,0
3.563976375,1,0
3.563977417,0,0
3.563978500,1,0
3.563979500,0,0
3.563980583,1,0
3.563981625,0,0
3.563982708,1,0
3.563983750,0,0
3.563983792,0,1
3.563984792,1,1
3.563985833,0,1
3.563985917,0,0
3.563986917,1,0
3.563987958,0,0
3.563989042,1,0
3.563990042,0,0
3.563990125,0,1
3.563991125,1,1
3.563992167,0,1
3.563992250,0,0
3.563993292,1,0
3.563994250,0,0
3.563994875,0,1
3.563995375,1,1
3.563996375,0,1
3.563996417,0,0
3.563997500,1,0
3.563998625,0,0
3.563999125,0,1
3.563999750,1,1
3.564000708,0,1
3.564000833,0,0
3.564001833,1,0
3.564002833,0,0
3.564003375,0,1
3.564003958,1,1
3.564004958,0,1
3.564005042,0,0
3.564007167,1,0
3.564008167,0,0
3.564009292,1,0
3.564010292,0,0
3.564011417,1,0
3.564012375,0,0
3.564013500,1,0
3.564014500,0,0
3.564015625,1,0
3.564016625,0,0
3.564017708,1,0
3.564018750,0,0
3.564019833,1,0
3.564020833,0,0
3.564021917,1,0
3.564022958,0,0
3.564024042,1,0
3.564025042,0,0
3.564026167,1,0
3.564027167,0,0
3.564027250,0,1
3.564028250,1,1
3.564029292,0,1
3.564030375,1,1
3.564031417,0,1
3.564032500,1,1
3.564033500,0,1
3.564033583,0,0
3.564034583,1,0
3.564035625,0,0
3.564036708,1,0
3.564037708,0,0
3.564038833,1,0
3.564039833,0,0
3.564040917,1,0
3.564041958,0,0
3.564043042,1,0
3.564044042,0,0
3.564045167,1,0
3.564046167,0,0
3.564047292,1,0
3.564048250,0,0
3.564049375,1,0
3.564050375,0,0
3.564050458,0,1
3.564051458,1,1
3.564052500,0,1
3.564052542,0,0
3.564053583,1,0
3.564054583,0,0
3.564055708,1,0
3.564056708,0,0
3.564057833,1,0
3.564058833,0,0
3.564059917,1,0
3.564060958,0,0
3.564062042,1,0
3.564063042,0,0
3.564064125,1,0
3.564065167,0,0
3.564066250,1,0
3.564067250,0,0
3.564068375,1,0
3.564069375,0,0
3.564069458,0,1
3.564070458,1,1
3.564071500,0,1
3.564071542,0,0
3.564072583,1,0
3.564073583,0,0
3.564073667,0,1
3.564074667,1,1
3.564075667,0,1
3.564076833,1,1
3.564077792,0,0
3.564078917,1,0
3.564080042,0,0
3.564080625,0,1
3.564081125,1,1
3.564082125,0,1
3.564083250,1,1
3.564084250,0,1
3.564085375,1,1
3.564086375,0,1
3.564087500,0,0
3.564088458,1,0
3.564089458,1,1
3.564098042,1,0
3.564099042,0,0
3.564101125,1,0
3.564102125,0,0
3.564103208,1,0
3.564104250,0,0
3.564104333,0,1
3.564105333,1,1
3.564106333,0,1
3.564106417,0,0
3.564107417,1,0
3.564108458,0,0
3.564108542,0,1
3.564109583,1,1
3.564110583,0,1
3.564111667,1,1
3.564112708,0,1
3.564113792,1,1
3.564114792,0,1
3.564115875,1,1
3.564116917,0,1
3.564118000,1,1
3.564119000,0,1
3.564120125,1,1
3.564121125,0,0
3.564122250,1,0
3.564123333,0,0
3.564123917,0,1
3.564124458,1,1
3.564125458,0,1
3.564125583,0,0
3.564126583,1,0
3.564127583,0,0
3.564128083,0,1
3.564128708,1,1
3.564129708,0,1
3.564129792,0,0
3.564131917,1,0
3.564132917,0,0
3.564134000,1,0
3.564135000,0,0
3.564136125,1,0
3.564137125,0,0
3.564138250,1,0
3.564139250,0,0
3.564140333,1,0
3.564141375,0,0
3.564142458,1,0
3.564143458,0,0
3.564143542,0,1
3.564144583,1,1
3.564145583,0,1
3.564145625,0,0
3.564146667,1,0
3.564147708,0,0
3.564148792,1,0
3.564149792,0,0
3.564150875,1,0
3.564151917,0,0
3.564152000,0,1
3.564153000,1,1
3.564154042,0,1
3.564154083,0,0
3.564155125,1,0
3.564156125,0,0
3.564157208,1,0
3.564158250,0,0
3.564159333,1,0
3.564160333,0,0
3.564161417,1,0
3.564162458,0,0
3.564162542,0,1
3.564163542,1,1
3.564164583,0,1
3.564164625,0,0
3.564165667,1,0
3.564166667,0,0
3.564167750,1,0
3.564168792,0,0
3.564169875,1,0
3.564170875,0,0
3.564172000,1,0
3.564173000,0,0
3.564174125,1,0
3.564175083,0,0
3.564176208,1,0
3.564177208,0,0
3.564178333,1,0
3.564179333,0,0
3.564180417,1,0
3.564181458,0,0
3.564182542,1,0
3.564183542,0,0
3.564184625,1,0
3.564185667,0,0
3.564186750,1,0
3.564187750,0,0
3.564188875,1,0
3.564189875,0,0
3.564191000,1,0
3.564192000,0,0
3.564193083,1,0
3.564194125,0,0
3.564195208,1,0
3.564196208,0,0
3.564197292,1,0
3.564198333,0,0
3.564198417,0,1
3.564199417,1,1
3.564200417,0,1
3.564201542,1,1
3.564202542,0,0
3.564203667,1,0
3.564204792,0,0
3.564205500,0,1
3.564205875,1,1
3.564206875,0,1
3.564208000,1,1
3.564209000,0,1
3.564210083,1,1
3.564211083,0,1
3.564212208,0,0
3.564213208,1,0
3.564214208,1,1
3.564223125,1,0
3.564224125,0,0
3.564226208,1,0
3.564227250,0,0
3.564228333,1,0
3.564229333,0,0
3.564230417,1,0
3.564231458,0,0
3.564232542,1,0
3.564233583,0,0
3.564233667,0,1
3.564234667,1,1
3.564235667,0,1
3.564235750,0,0
3.564236750,1,0
3.564237792,0,0
3.564237875,0,1
3.564238875,1,1
3.564239875,0,1
3.564241000,1,1
3.564242000,0,1
3.564243125,1,1
3.564244083,0,1
3.564245250,1,1
3.564246208,0,1
3.564246250,0,0
3.564247333,1,0
3.564248458,0,0
3.564249083,0,1
3.564249542,1,1
3.564250542,0,1
3.564250667,0,0
3.564251667,1,0
3.564252667,0,0
3.564253250,0,1
3.564253792,1,1
3.564254792,0,1
3.564254875,0,0
3.564257000,1,0
3.564258042,0,0
3.564258083,0,1
3.564259125,1,1
3.564260125,0,1
3.564260208,0,0
3.564261250,1,0
3.564262250,0,0
3.564263333,1,0
3.564264333,0,0
3.564265458,1,0
3.564266458,0,0
3.564267542,1,0
3.564268583,0,0
3.564269667,1,0
3.564270667,0,0
3.564271750,1,0
3.564272792,0,0
3.564273875,1,0
3.564274875,0,0
3.564276000,1,0
3.564277000,0,0
3.564278125,1,0
3.564279125,0,0
3.564280208,1,0
3.564281250,0,0
3.564282333,1,0
3.564283333,0,0
3.564284417,1,0
3.564285458,0,0
3.564285542,0,1
3.564286542,1,1
3.564287542,0,1
3.564287625,0,0
3.564288667,1,0
3.564289667,0,0
3.564290750,1,0
3.564291792,0,0
3.564292875,1,0
3.564293875,0,0
3.564294958,1,0
3.564296000,0,0
3.564296083,0,1
3.564297083,1,1
3.564298125,0,1
3.564298167,0,0
3.564299208,1,0
3.564300208,0,0
3.564301292,1,0
3.564302333,0,0
3.564303417,1,0
3.564304417,0,0
3.564305542,1,0
3.564306542,0,0
3.564307667,1,0
3.564308625,0,0
3.564309750,1,0
3.564310750,0,0
3.564311875,1,0
3.564312875,0,0
3.564313958,1,0
3.564315000,0,0
3.564316083,1,0
3.564317083,0,0
3.564317167,0,1
3.564318208,1,1
3.564319208,0,1
3.564319250,0,0
3.564320292,1,0
3.564321333,0,0
3.564322417,1,0
3.564323417,0,0
3.564324542,1,0
3.564325542,0,0
3.564326125,0,1
3.564326625,1,1
3.564327625,0,0
3.564328625,1,0
3.564329750,0,0
3.564330500,0,1
3.564330875,1,1
3.564331875,0,1
3.564332958,1,1
3.564333958,0,1
3.564335083,1,1
3.564336042,0,1
3.564337208,0,0
3.564338167,1,0
3.564339167,1,1
3.564347625,1,0
3.564348583,0,0
3.564350708,1,0
3.564351708,0,0
3.564352833,1,0
3.564353792,0,0
3.564353875,0,1
3.564354917,1,1
3.564355958,0,1
3.564356000,0,0
3.564357042,1,0
3.564358042,0,0
3.564358125,0,1
3.564359125,1,1
3.564360167,0,1
3.564361250,1,1
3.564362250,0,1
3.564363333,1,1
3.564364375,0,1
3.564365458,1,1
3.564366500,0,1
3.564367583,1,1
3.564368583,0,1
3.564369708,1,1
3.564370708,0,0
3.564371708,1,0
3.564372792,0,0
3.564373542,0,1
3.564373917,1,1
3.564374917,0,1
3.564375000,0,0
3.564376042,1,0
3.564377000,0,0
3.564377667,0,1
3.564378125,1,1
3.564379125,0,1
3.564379208,0,0
3.564381333,1,0
3.564382375,0,0
3.564383458,1,0
3.564384458,0,0
3.564385583,1,0
3.564386583,0,0
3.564387708,1,0
3.564388708,0,0
3.564389792,1,0
3.564390833,0,0
3.564391917,1,0
3.564392917,0,0
3.564393000,0,1
3.564394042,1,1
3.564395000,0,1
3.564395083,0,0
3.564396125,1,0
3.564397125,0,0
3.564398250,1,0
3.564399250,0,0
3.564400333,1,0
3.564401375,0,0
3.564401458,0,1
3.564402458,1,1
3.564403458,0,1
3.564403542,0,0
3.564404583,1,0
3.564405583,0,0
3.564406667,1,0
3.564407708,0,0
3.564408792,1,0
3.564409792,0,0
3.564410875,1,0
3.564411917,0,0
3.564413000,1,0
3.564414000,0,0
3.564415125,1,0
3.564416125,0,0
3.564417250,1,0
3.564418208,0,0
3.564419333,1,0
3.564420333,0,0
3.564421458,1,0
3.564422458,0,0
3.564423542,1,0
3.564424583,0,0
3.564425667,1,0
3.564426667,0,0
3.564427792,1,0
3.564428792,0,0
3.564429917,1,0
3.564430875,0,0
3.564432000,1,0
3.564433000,0,0
3.564434125,1,0
3.564435125,0,0
3.564436208,1,0
3.564437250,0,0
3.564438333,1,0
3.564439333,0,0
3.564440417,1,0
3.564441458,0,0
3.564442542,1,0
3.564443542,0,0
3.564444667,1,0
3.564445667,0,0
3.564446792,1,0
3.564447792,0,0
3.564448917,1,0
3.564449917,0,0
3.564450417,0,1
3.564451000,1,1
3.564452000,0,0
3.564453000,1,0
3.564454125,0,0
3.564454667,0,1
3.564455208,1,1
3.564456208,0,1
3.564457333,1,1
3.564458333,0,1
3.564459417,1,1
3.564460417,0,1
3.564461542,0,0
3.564462542,1,0
3.564463542,1,1
3.564469250,1,0
3.564470250,0,0
3.564472333,1,0
3.564473333,0,0
3.564474458,1,0
3.564475458,0,0
3.564476583,1,0
3.564477583,0,0
3.564478667,1,0
3.564479667,0,0
3.564479750,0,1
3.564480792,1,1
3.564481792,0,1
3.564481875,0,0
3.564482875,1,0
3.564483917,0,0
3.564485000,1,0
3.564486042,0,0
3.564487083,1,0
3.564488125,0,0
3.564488208,0,1
3.564488250,1,1
3.564489250,0,1
3.564490333,1,1
3.564491333,0,0
3.564492333,1,0
3.564493458,0,0
3.564493750,0,1
3.564494542,1,1
3.564495542,0,1
3.564495667,0,0
3.564496667,1,0
3.564497667,0,0
3.564498333,0,1
3.564498792,1,1
3.564499792,0,0
3.564501750,1,0
3.564502875,0,0
3.564503875,1,0
3.564505000,0,0
3.564505958,1,0
3.564507083,0,0
3.564508083,1,0
3.564509208,0,0
3.564510167,1,0
3.564511333,0,0
3.564512333,1,0
3.564513417,0,0
3.564514417,1,0
3.564515542,0,0
3.564516500,1,0
3.564517625,0,0
3.564518625,1,0
3.564519750,0,0
3.564520750,1,0
3.564521875,0,1
3.564522833,1,1
3.564523958,0,1
3.564524958,1,1
3.564526083,0,1
3.564527042,1,1
3.564528208,0,0
3.564529167,1,0
3.564530292,0,0
3.564531292,1,0
3.564532417,0,0
3.564533375,1,0
3.564534542,0,0
3.564535542,1,0
3.564536625,0,0
3.564537625,1,0
3.564538750,0,0
3.564539708,1,0
3.564540833,0,0
3.564541833,1,0
3.564542958,0,0
3.564543958,1,0
3.564545083,0,1
3.564546042,1,1
3.564547208,0,0
3.564548167,1,0
3.564549292,0,0
3.564550292,1,0
3.564551417,0,0
3.564552375,1,0
3.564553500,0,0
3.564554500,1,0
3.564555625,0,0
3.564556625,1,0
3.564557750,0,0
3.564558708,1,0
3.564559833,0,1
3.564560833,1,1
3.564561958,0,0
3.564562958,1,0
3.564564042,0,0
3.564564083,0,1
3.564565042,1,1
3.564566167,0,0
3.564567167,1,0
3.564568292,0,0
3.564569292,1,0
3.564570375,0,0
3.564570958,0,1
3.564571500,1,1
3.564572500,0,1
3.564572542,0,0
3.564573625,1,0
3.564574750,0,0
3.564575250,0,1
3.564576833,1,1
3.564577875,0,1
3.564578958,1,1
3.564579958,0,1
3.564581083,1,1
3.564582042,0,1
3.564583208,0,0
3.564584167,1,0
3.564585167,1,1
3.564892000,0,0
3.564892083,1,0
3.564892125,0,0
3.564892208,1,0
3.564892250,0,0
3.564892333,1,0
3.564892375,0,0
3.564892458,1,0
3.564892500,0,0
3.564892542,0,1
3.564892583,1,1
3.564892625,0,1
3.564892667,0,0
3.564892792,1,1
3.564892833,0,1
3.564892917,1,1
3.564892958,0,1
3.564893625,1,1
3.564894000,0,0
3.564894458,1,0
3.564895000,0,0
3.564895083,1,0
3.564895125,0,0
3.564895250,1,0
3.564895292,0,0
3.564895792,0,1
3.564895833,1,1
3.564896208,0,1
3.564896333,0,0
3.564896375,1,0
3.564896417,0,0
3.564896667,1,1
3.564896708,0,1
3.564896875,1,1
3.564896917,0,1
3.564896958,1,1
3.564897000,0,1
3.564897042,1,1
3.564897083,0,1
3.564897125,1,1
3.564897167,0,1
3.564897333,1,1
3.564897375,0,1
3.564897417,1,1
3.564897458,0,1
3.564897500,1,1
3.564897542,0,1
3.564897792,1,1
3.564897833,0,1
3.564897875,1,1
3.564897917,0,1
3.564897958,1,1
3.564898000,0,1
3.564898042,1,0
3.564898083,0,0
3.564898125,0,1
3.564898167,1,1
3.564898208,0,1
3.564898250,1,1
3.564898292,0,1
3.564898667,0,0
3.564898708,1,0
3.564898750,0,0
3.564898792,1,0
3.564898833,0,0
3.564899000,1,0
3.564899042,0,0
3.564899083,1,0
3.564899125,0,0
3.564899167,0,1
3.564899208,1,1
3.564899250,0,1
3.564899375,0,0
3.564899417,1,0
3.564899500,0,0
3.564899750,1,1
3.564899792,0,1
3.564900292,1,1
3.564900667,0,1
3.564900792,0,0
3.564900833,1,1
3.564906500,0,0
3.564906583,1,0
3.564906625,0,0
3.564906708,1,0
3.564906750,0,0
3.564906792,0,1
3.564906833,1,1
3.564906875,0,1
3.564906917,0,0
3.564907042,1,1
3.564907083,0,1
3.564907375,1,1
3.564907417,0,1
3.564908125,1,1
3.564908500,0,0
3.564908875,1,0
3.564909375,0,0
3.564910250,1,1
3.564910708,0,1
3.564910833,0,0
3.564910875,1,0
3.564910917,0,0
3.564911083,1,0
3.564911125,0,0
3.564911167,1,0
3.564911208,0,0
3.564911375,1,0
3.564911417,0,0
3.564911458,0,1
3.564911542,0,0
3.564911583,1,0
3.564911625,0,0
3.564911792,1,0
3.564911833,0,0
3.564911875,1,1
3.564911917,0,1
3.564911958,0,0
3.564912083,1,0
3.564912125,0,0
3.564912375,1,0
3.564912417,0,0
3.564912667,1,0
3.564912708,0,0
3.564912750,1,0
3.564912792,0,0
3.564912958,1,0
3.564913000,0,0
3.564913042,1,0
3.564913083,0,0
3.564913250,1,0
3.564913292,0,0
3.564913333,1,0
3.564913375,0,0
3.564913542,1,0
3.564913583,0,0
3.564913625,1,0
3.564913667,0,0
3.564913917,1,0
3.564913958,0,0
3.564914083,1,0
3.564914125,0,0
3.564914208,1,0
3.564914250,0,0
3.564914292,1,0
3.564914375,0,0
3.564914458,1,0
3.564914500,0,0
3.564914625,1,1
3.564914667,0,1
3.564915208,1,1
3.564915583,0,1
3.564915708,1,1
3.564919500,1,0
3.564919542,0,0
3.564919583,1,0
3.564919625,0,0
3.564919708,1,0
3.564919750,0,0
3.564919833,1,0
3.564919875,0,0
3.564919958,1,0
3.564920000,0,0
3.564920083,1,1
3.564920125,0,1
3.564920167,0,0
3.564920208,1,0
3.564920250,0,0
3.564920333,1,0
3.564920375,0,0
3.564920458,1,0
3.564920500,0,0
3.564920583,0,1
3.564921167,1,1
3.564921542,0,0
3.564921875,1,0
3.564922417,0,0
3.564922500,1,0
3.564922542,0,0
3.564922667,1,0
3.564922708,0,0
3.564923208,0,1
3.564923250,1,1
3.564923667,0,1
3.564923708,1,1
3.564923958,0,1
3.564924000,1,1
3.564924125,0,1
3.564924167,1,1
3.564924292,0,1
3.564924333,1,1
3.564924458,0,1
3.564924500,1,1
3.564924750,0,1
3.564924792,1,1
3.564924875,0,1
3.564924917,1,1
3.564925167,0,1
3.564925208,1,1
3.564925292,0,1
3.564925333,1,1
3.564925583,0,1
3.564925625,1,1
3.564925708,0,1
3.564925750,1,1
3.564925833,0,1
3.564925875,1,1
3.564926000,0,0
3.564926042,1,0
3.564926125,0,0
3.564926167,1,0
3.564926250,0,0
3.564926292,1,0
3.564926417,0,0
3.564926458,1,0
3.564926542,0,0
3.564926583,1,0
3.564926667,0,0
3.564926708,1,0
3.564926792,0,0
3.564926833,1,0
3.564926917,0,0
3.564926958,1,1
3.564927083,0,0
3.564927125,1,0
3.564927208,0,0
3.564927250,1,0
3.564927333,0,0
3.564927375,1,1
3.564927500,0,1
3.564927542,1,0
3.564927667,0,0
3.564927708,1,0
3.564927792,0,0
3.564927833,1,0
3.564927917,0,0
3.564927958,1,0
3.564928042,0,0
3.564928083,1,0
3.564928167,0,0
3.564928250,1,0
3.564928333,0,0
3.564928500,1,0
3.564928583,0,0
3.564928833,1,1
3.564928875,0,1
3.564929375,1,1
3.564929750,0,1
3.564929875,1,0
3.564929917,1,1
3.564935917,0,0
3.564936000,1,0
3.564936042,0,0
3.564936125,1,0
3.564936167,0,0
3.564936250,1,0
3.564936292,0,0
3.564936375,1,0
3.564936417,0,0
3.564936458,0,1
3.564936583,1,0
3.564936625,0,0
3.564936708,1,1
3.564936750,0,1
3.564937542,1,1
3.564937917,0,0
3.564938417,1,0
3.564938917,0,0
3.564939167,1,0
3.564939208,0,0
3.564939750,0,1
3.564939792,1,1
3.564940167,0,1
3.564940250,0,0
3.564940417,1,0
3.564940458,0,0
3.564940500,1,0
3.564940542,0,0
3.564940583,0,1
3.564940792,1,1
3.564940833,0,1
3.564940958,1,1
3.564941000,0,1
3.564941250,1,1
3.564941292,0,1
3.564941333,1,1
3.564941375,0,1
3.564941417,1,1
3.564941458,0,1
3.564941625,1,1
3.564941667,0,1
3.564941708,1,1
3.564941750,0,1
3.564941792,1,1
3.564941833,0,1
3.564941958,1,0
3.564942000,0,0
3.564942042,0,1
3.564942167,1,1
3.564942208,0,1
3.564942333,1,1
3.564942375,0,1
3.564942417,1,1
3.564942458,0,1
3.564942500,1,1
3.564942542,0,1
3.564942583,1,0
3.564942625,0,0
3.564942667,0,1
3.564942708,1,1
3.564942750,0,1
3.564942792,1,0
3.564942833,0,0
3.564942875,1,0
3.564942917,0,0
3.564943125,1,0
3.564943167,0,0
3.564943333,1,0
3.564943417,0,0
3.564943500,1,0
3.564943542,0,0
3.564943667,1,1
3.564943708,0,1
3.564944250,1,1
3.564944625,0,1
3.564944750,1,0
3.564944792,1,1
3.564950292,0,0
3.564950375,1,0
3.564950417,0,0
3.564950500,1,0
3.564950542,0,0
3.564950583,0,1
3.564950625,1,1
3.564950667,0,1
3.564950708,0,0
3.564950833,0,1
3.564950958,1,1
3.564951000,0,1
3.564951042,1,1
3.564951083,0,1
3.564951167,1,1
3.564951208,0,1
3.564951292,1,1
3.564951333,0,1
3.564951792,1,1
3.564952208,0,0
3.564952708,1,0
3.564953208,0,0
3.564953292,1,0
3.564953333,0,0
3.564953458,1,0
3.564953500,0,0
3.564954083,1,1
3.564954583,0,1
3.564954667,0,0
3.564954917,1,0
3.564954958,0,0
3.564955208,1,0
3.564955250,0,0
3.564955292,0,1
3.564955417,1,0
3.564955458,0,0
3.564955500,1,0
3.564955542,0,0
3.564955708,1,1
3.564955750,0,1
3.564955792,0,0
3.564955917,1,0
3.564955958,0,0
3.564956000,1,0
3.564956042,0,0
3.564956208,1,0
3.564956250,0,0
3.564956292,1,0
3.564956333,0,0
3.564956500,1,0
3.564956542,0,0
3.564956583,1,0
3.564956625,0,0
3.564956875,1,0
3.564956917,0,0
3.564957167,1,0
3.564957208,0,0
3.564957458,1,0
3.564957500,0,0
3.564957542,1,0
3.564957583,0,0
3.564957750,1,0
3.564957792,0,0
3.564958083,1,0
3.564958167,0,0
3.564958417,0,1
3.564959000,1,1
3.564959417,0,1
3.564959542,1,0
3.564959583,1,1
3.564963458,1,0
3.564963500,0,0
3.564963542,1,0
3.564963583,0,0
3.564963667,1,0
3.564963708,0,0
3.564963792,1,0
3.564963833,0,0
3.564963917,1,0
3.564963958,0,0
3.564964042,1,1
3.564964083,0,1
3.564964167,1,0
3.564964208,0,0
3.564964292,1,0
3.564964333,0,0
3.564964417,1,0
3.564964458,0,0
3.564964542,0,1
3.564965083,1,1
3.564965500,0,0
3.564965875,1,0
3.564966333,0,0
3.564967083,1,0
3.564967167,1,1
3.564967458,0,0
3.564967500,1,0
3.564967583,0,0
3.564967625,1,0
3.564967708,0,0
3.564967750,1,0
3.564967833,0,0
3.564967875,1,1
3.564968000,0,1
3.564968042,1,0
3.564968125,0,0
3.564968167,1,0
3.564968417,0,0
3.564968458,1,0
3.564968542,0,0
3.564968583,1,0
3.564968667,0,0
3.564968708,1,0
3.564968792,0,0
3.564968833,1,0
3.564968917,0,0
3.564968958,1,0
3.564969042,0,0
3.564969083,1,1
3.564969208,0,1
3.564969250,1,1
3.564969375,0,0
3.564969417,1,0
3.564969542,1,1
3.564969667,0,1
3.564969708,1,1
3.564969833,0,0
3.564969875,1,0
3.564969958,0,0
3.564970000,1,1
3.564970125,0,0
3.564970167,1,0
3.564970250,0,1
3.564970292,1,1
3.564970417,0,0
3.564970458,1,0
3.564970542,0,0
3.564970583,1,0
3.564970667,0,0
3.564970708,1,0
3.564970792,0,0
3.564970833,1,0
3.564970958,1,1
3.564971083,0,1
3.564971125,1,0
3.564971250,1,1
3.564971375,0,1
3.564971417,1,1
3.564971542,0,0
3.564971583,1,0
3.564971667,0,0
3.564971708,1,1
3.564971958,0,1
3.564972000,0,0
3.564972042,1,0
3.564972125,0,0
3.564972292,1,0
3.564972375,0,0
3.564972625,1,1
3.564972667,0,1
3.564973208,1,1
3.564973708,0,1
3.564973833,1,0
3.564973875,1,1
3.564979750,0,0
3.564979833,1,0
3.564979875,0,0
3.564980167,1,0
3.564980208,0,0
3.564980292,1,1
3.564980333,0,1
3.564980375,0,0
3.564980417,1,0
3.564980458,0,0
3.564980500,0,1
3.564980542,1,1
3.564980583,0,1
3.564980625,1,1
3.564980667,0,1
3.564980750,1,1
3.564980792,0,1
3.564981375,1,1
3.564981750,0,0
3.564982250,1,0
3.564982750,0,0
3.564982833,1,0
3.564982875,0,0
3.564983000,1,0
3.564983042,0,0
3.564983542,0,1
3.564983625,1,1
3.564984083,0,1
3.564984167,0,0
3.564984250,1,0
3.564984292,0,0
3.564984333,1,0
3.564984375,0,0
3.564984542,1,1
3.564984583,0,1
3.564984625,1,1
3.564984667,0,1
3.564984708,1,1
3.564984750,0,1
3.564984792,1,1
3.564984833,0,1
3.564984958,1,1
3.564985000,0,1
3.564985042,1,1
3.564985083,0,1
3.564985125,1,1
3.564985167,0,1
3.564985333,1,1
3.564985375,0,1
3.564985417,1,1
3.564985458,0,1
3.564985500,1,1
3.564985542,0,1
3.564985583,1,1
3.564985625,0,1
3.564985792,1,1
3.564985833,0,1
3.564985875,0,0
3.564986000,1,1
3.564986042,0,1
3.564986208,1,1
3.564986250,0,1
3.564986417,1,1
3.564986458,0,1
3.564986500,0,0
3.564986542,1,0
3.564986583,0,0
3.564986625,1,1
3.564986667,0,1
3.564986792,0,0
3.564987042,0,1
3.564987083,1,1
3.564987125,0,1
3.564987208,1,1
3.564987250,0,0
3.564987292,1,0
3.564987375,0,0
3.564987458,1,0
3.564987500,0,0
3.564987625,1,1
3.564987667,0,1
3.564988167,1,1
3.564988583,0,1
3.564988708,1,0
3.564988750,1,1
3.564994208,0,0
3.564994292,1,0
3.564994333,0,0
3.564994417,1,0
3.564994458,0,0
3.564994500,0,1
3.564994542,1,1
3.564994583,0,1
3.564994625,0,0
3.564994750,0,1
3.564994875,1,1
3.564994917,0,1
3.564994958,1,1
3.564995000,0,1
3.564995083,1,1
3.564995125,0,1
3.564995208,1,1
3.564995250,0,1
3.564995750,1,1
3.564996125,0,1
3.564996167,0,0
3.564996625,1,0
3.564997125,0,0
3.564998000,1,1
3.564998375,0,1
3.564998458,0,0
3.564998625,1,0
3.564998667,0,0
3.564998708,1,0
3.564998750,0,0
3.564998917,1,0
3.564998958,0,0
3.564999000,1,0
3.564999042,0,0
3.564999083,0,1
3.564999208,1,0
3.564999250,0,0
3.564999500,1,1
3.564999542,0,1
3.564999583,0,0
3.564999708,1,0
3.564999750,0,0
3.564999792,1,0
3.564999833,0,0
3.565000000,1,0
3.565000042,0,0
3.565000083,1,0
3.565000125,0,0
3.565000292,1,0
3.565000333,0,0
3.565000375,1,0
3.565000417,0,0
3.565000583,1,0
3.565000625,0,0
3.565000667,1,0
3.565000708,0,0
3.565000875,1,0
3.565000917,0,0
3.565000958,1,0
3.565001000,0,0
3.565001167,1,0
3.565001208,0,0
3.565001250,1,0
3.565001292,0,0
3.565001542,1,0
3.565001583,0,0
3.565001833,1,0
3.565001958,0,0
3.565002083,1,0
3.565002125,0,0
3.565002208,0,1
3.565002833,1,1
3.565003208,0,1
3.565003333,1,0
3.565003375,1,1
3.565007292,0,0
3.565007375,1,0
3.565007417,0,0
3.565007500,1,0
3.565007542,0,0
3.565007833,1,1
3.565007875,0,1
3.565007958,1,0
3.565008000,0,0
3.565008083,1,0
3.565008125,0,0
3.565008208,1,0
3.565008250,0,0
3.565008333,0,1
3.565008917,1,1
3.565009292,0,0
3.565009667,1,0
3.565010167,0,0
3.565011000,1,1
3.565011417,0,0
3.565011458,1,0
3.565011542,0,0
3.565011583,1,0
3.565011667,0,0
3.565011708,1,0
3.565011792,0,1
3.565011833,1,1
3.565011958,0,0
3.565012000,1,0
3.565012083,0,1
3.565012125,1,1
3.565012250,0,0
3.565012292,1,0
3.565012375,0,0
3.565012417,1,0
3.565012500,0,1
3.565012542,1,1
3.565012667,0,0
3.565012708,1,0
3.565012792,0,1
3.565012833,1,1
3.565012958,0,1
3.565013000,1,1
3.565013125,0,1
3.565013167,1,1
3.565013292,1,0
3.565013417,0,1
3.565013458,1,1
3.565013708,0,1
3.565013750,1,0
3.565013833,0,0
3.565013875,1,1
3.565014000,0,0
3.565014042,1,0
3.565014125,0,1
3.565014167,1,1
3.565014292,0,1
3.565014333,1,1
3.565014583,0,1
3.565014625,1,0
3.565014875,0,0
3.565014917,1,0
3.565015000,0,1
3.565015042,1,1
3.565015167,0,0
3.565015208,1,0
3.565015292,0,1
3.565015333,1,1
3.565015417,0,1
3.565015458,1,0
3.565015583,0,0
3.565015625,1,0
3.565015708,0,1
3.565015750,1,1
3.565015875,0,1
3.565015917,1,1
3.565016042,0,0
3.565016083,1,0
3.565016167,0,0
3.565016333,1,0
3.565016417,0,0
3.565016667,0,1
3.565017208,1,1
3.565017625,0,1
3.565017750,1,0
3.565017792,1,1
3.565023750,1,0
3.565023792,0,0
3.565023875,1,0
3.565023917,0,0
3.565024083,1,0
3.565024125,0,0
3.565024208,1,0
3.565024250,0,0
3.565024333,1,1
3.565024375,0,1
3.565024417,0,0
3.565024458,1,0
3.565024500,0,0
3.565024542,0,1
3.565024667,1,1
3.565024708,0,1
3.565024792,1,1
3.565024833,0,1
3.565025292,1,1
3.565025708,0,0
3.565026167,1,0
3.565026667,0,0
3.565026792,1,0
3.565026833,0,0
3.565027500,0,1
3.565027542,1,1
3.565028042,0,1
3.565028125,0,0
3.565028292,1,0
3.565028333,0,0
3.565028375,1,0
3.565028417,0,0
3.565028458,0,1
3.565028667,1,1
3.565028708,0,1
3.565028833,1,1
3.565028875,0,1
3.565028917,1,1
3.565028958,0,1
3.565029125,1,1
3.565029167,0,1
3.565029208,1,1
3.565029250,0,1
3.565029292,1,1
3.565029333,0,1
3.565029375,1,1
3.565029417,0,1
3.565029583,1,1
3.565029625,0,1
3.565029667,1,1
3.565029708,0,1
3.565029750,1,1
3.565029792,0,1
3.565029833,0,0
3.565029958,1,1
3.565030000,0,1
3.565030042,1,1
3.565030083,0,1
3.565030208,1,1
3.565030250,0,1
3.565030292,1,1
3.565030333,0,1
3.565030375,1,1
3.565030417,0,1
3.565030542,1,0
3.565030583,0,0
3.565030750,1,0
3.565030792,0,0
3.565030833,1,0
3.565030875,0,0
3.565031125,1,0
3.565031167,0,0
3.565031208,1,0
3.565031250,0,0
3.565031375,1,0
3.565031417,0,0
3.565031500,0,1
3.565032125,1,1
3.565032500,0,1
3.565032625,0,0
3.565032667,1,1
3.565038292,1,0
3.565038333,0,0
3.565038500,1,0
3.565038542,0,0
3.565038625,1,1
3.565038667,0,1
3.565038708,0,0
3.565038750,1,0
3.565038792,0,0
3.565038833,0,1
3.565038958,1,1
3.565039000,0,1
3.565039042,1,1
3.565039083,0,1
3.565039167,1,1
3.565039208,0,1
3.565039792,1,1
3.565040208,0,0
3.565040708,1,0
3.565041208,0,0
3.565042042,1,1
3.565042458,0,1
3.565042542,0,0
3.565042708,1,0
3.565042750,0,0
3.565042792,1,0
3.565042833,0,0
3.565043000,1,0
3.565043042,0,0
3.565043208,1,1
3.565043250,0,1
3.565043292,0,0
3.565043417,1,0
3.565043458,0,0
3.565043500,1,0
3.565043542,0,0
3.565043583,0,1
3.565043708,1,0
3.565043750,0,0
3.565044000,1,0
3.565044042,0,0
3.565044292,1,0
3.565044333,0,0
3.565044583,1,0
3.565044625,0,0
3.565044667,1,0
3.565044708,0,0
3.565044875,1,0
3.565044917,0,0
3.565044958,1,0
3.565045000,0,0
3.565045167,1,0
3.565045208,0,0
3.565045250,1,0
3.565045292,0,0
3.565045458,1,0
3.565045500,0,0
3.565045542,1,0
3.565045583,0,0
3.565045792,1,0
3.565045833,0,0
3.565045917,1,0
3.565045958,0,0
3.565046000,1,0
3.565046083,0,0
3.565046167,1,0
3.565046208,0,0
3.565046333,1,1
3.565046375,0,1
3.565046917,1,1
3.565047292,0,1
3.565047417,1,0
3.565047458,1,1
3.565051333,1,0
3.565051375,0,0
3.565051417,1,0
3.565051458,0,0
3.565051542,1,0
3.565051583,0,0
3.565051667,1,0
3.565051708,0,0
3.565051792,1,0
3.565051833,0,0
3.565051875,0,1
3.565051917,1,1
3.565051958,0,1
3.565052000,0,0
3.565052042,1,0
3.565052083,0,0
3.565052167,1,0
3.565052208,0,0
3.565052292,1,0
3.565052333,0,0
3.565052417,1,1
3.565052458,0,1
3.565053000,1,1
3.565053333,0,1
3.565053375,0,0
3.565053750,1,0
3.565054250,0,0
3.565054500,1,0
3.565054542,0,0
3.565055083,1,1
3.565055458,0,1
3.565055500,1,1
3.565055625,0,1
3.565055667,1,1
3.565055792,0,1
3.565055833,1,1
3.565055958,0,0
3.565056000,1,0
3.565056083,0,0
3.565056125,1,0
3.565056208,0,0
3.565056250,1,0
3.565056375,1,1
3.565056500,0,1
3.565056542,1,1
3.565056667,0,0
3.565056708,1,0
3.565056958,0,1
3.565057000,1,1
3.565057125,0,1
3.565057167,1,1
3.565057292,0,1
3.565057333,1,1
3.565057458,1,0
3.565057708,0,1
3.565057750,1,1
3.565058000,0,1
3.565058042,1,1
3.565058167,0,1
3.565058208,1,1
3.565058333,1,0
3.565058583,0,0
3.565058625,1,0
3.565058708,0,0
3.565058750,1,1
3.565058875,0,1
3.565058917,1,1
3.565059000,0,1
3.565059042,1,0
3.565059167,0,0
3.565059208,1,0
3.565059292,0,0
3.565059333,1,1
3.565059458,0,1
3.565059500,1,1
3.565059583,0,1
3.565059625,1,1
3.565059750,0,1
3.565059792,1,0
3.565059875,0,0
3.565059917,1,0
3.565060042,1,1
3.565060167,0,0
3.565060208,1,0
3.565060292,0,0
3.565060417,1,0
3.565060458,0,0
3.565060500,1,0
3.565060542,0,0
3.565060667,1,0
3.565060708,0,0
3.565060792,0,1
3.565061458,1,1
3.565061958,0,1
3.565062083,1,0
3.565062125,1,1
3.565196083,0,0
3.565196167,1,0
3.565196208,0,0
3.565196500,1,0
3.565196542,0,0
3.565196583,0,1
3.565196708,1,0
3.565196750,0,0
3.565196833,1,1
3.565196875,0,1
3.565197083,1,1
3.565197125,0,1
3.565197583,1,1
3.565197958,0,0
3.565198333,1,0
3.565198833,0,0
3.565199667,0,1
3.565199708,1,1
3.565200208,0,1
3.565200292,0,0
3.565200458,0,1
3.565200542,0,0
3.565200667,1,0
3.565200708,0,0
3.565200750,1,0
3.565200792,0,0
3.565200958,1,0
3.565201000,0,0
3.565201042,1,0
3.565201083,0,0
3.565201250,1,0
3.565201292,0,0
3.565201333,1,0
3.565201375,0,0
3.565201542,1,0
3.565201583,0,0
3.565201625,1,0
3.565201667,0,0
3.565201708,0,1
3.565201833,1,0
3.565201875,0,0
3.565202125,1,1
3.565202167,0,1
3.565202208,0,0
3.565202333,1,0
3.565202375,0,0
3.565202417,1,0
3.565202458,0,0
3.565202625,1,0
3.565202667,0,0
3.565202708,1,0
3.565202750,0,0
3.565202917,1,0
3.565202958,0,0
3.565203000,0,1
3.565203208,1,1
3.565203250,0,1
3.565203292,0,0
3.565203417,1,0
3.565203458,0,0
3.565203542,1,0
3.565203583,0,0
3.565203750,1,0
3.565203833,0,0
3.565204083,0,1
3.565204625,1,1
3.565205042,0,1
3.565205167,1,0
3.565205208,1,1
3.565210833,1,0
3.565210875,0,0
3.565210917,1,0
3.565210958,0,0
3.565211042,1,0
3.565211083,0,0
3.565211167,1,1
3.565211208,0,1
3.565211250,0,0
3.565211292,1,0
3.565211333,0,0
3.565211375,0,1
3.565211500,1,1
3.565211542,0,1
3.565212333,1,1
3.565212708,0,1
3.565212750,0,0
3.565213250,1,0
3.565213708,0,0
3.565213833,1,0
3.565213875,0,0
3.565214583,1,1
3.565214958,0,1
3.565215042,0,0
3.565215125,1,0
3.565215167,0,0
3.565215208,1,0
3.565215250,0,0
3.565215500,1,0
3.565215542,0,0
3.565215708,1,1
3.565215750,0,1
3.565215792,1,0
3.565215833,0,0
3.565216000,1,0
3.565216042,0,0
3.565216083,0,1
3.565216208,1,0
3.565216250,0,0
3.565216292,1,0
3.565216333,0,0
3.565216500,1,0
3.565216542,0,0
3.565216583,1,0
3.565216625,0,0
3.565216792,1,0
3.565216833,0,0
3.565216875,1,0
3.565216917,0,0
3.565217083,1,0
3.565217125,0,0
3.565217167,1,0
3.565217208,0,0
3.565217458,1,0
3.565217500,0,0
3.565217750,1,0
3.565217792,0,0
3.565217833,1,0
3.565217875,0,0
3.565218042,1,0
3.565218083,0,0
3.565218125,1,0
3.565218167,0,0
3.565218292,1,0
3.565218333,0,0
3.565218500,1,0
3.565218583,0,0
3.565218833,1,1
3.565218875,0,1
3.565219417,1,1
3.565219792,0,1
3.565219917,1,0
3.565219958,1,1
3.565223875,0,0
3.565223958,1,0
3.565224000,0,0
3.565224417,1,1
3.565224458,0,1
3.565224542,1,0
3.565224583,0,0
3.565224667,1,0
3.565224708,0,0
3.565224792,1,0
3.565224833,0,0
3.565224917,0,1
3.565225500,1,1
3.565225833,0,0
3.565226250,1,0
3.565226750,0,0
3.565226875,1,0
3.565226917,0,0
3.565227625,1,1
3.565228000,0,0
3.565228042,1,0
3.565228125,0,0
3.565228167,1,0
3.565228250,0,0
3.565228292,1,0
3.565228375,0,0
3.565228417,1,0
3.565228500,0,0
3.565228542,1,0
3.565228625,0,0
3.565228667,1,0
3.565228792,1,1
3.565228917,0,1
3.565228958,1,1
3.565229083,0,1
3.565229125,1,1
3.565229250,0,1
3.565229292,1,1
3.565229417,0,1
3.565229458,1,1
3.565229708,0,1
3.565229750,1,1
3.565229875,0,1
3.565229917,1,1
3.565230000,0,1
3.565230042,1,1
3.565230125,0,1
3.565230167,1,1
3.565230417,0,1
3.565230458,1,1
3.565230542,0,1
3.565230583,1,1
3.565230833,0,1
3.565230875,1,1
3.565230958,0,1
3.565231000,1,1
3.565231250,0,0
3.565231292,1,0
3.565231375,0,0
3.565231417,1,1
3.565231542,0,1
3.565231583,1,1
3.565231708,0,1
3.565231750,1,1
3.565231875,0,1
3.565231917,1,1
3.565232167,0,1
3.565232208,1,1
3.565232292,0,0
3.565232333,1,0
3.565232583,0,1
3.565232625,1,1
3.565232750,0,1
3.565232917,1,0
3.565233000,0,0
3.565233250,0,1
3.565233833,1,1
3.565234333,0,1
3.565234458,0,0
3.565234500,1,1
3.565240375,0,0
3.565240458,1,0
3.565240500,0,0
3.565240583,1,0
3.565240625,0,0
3.565240875,0,1
3.565240917,1,1
3.565240958,0,1
3.565241000,0,0
3.565241125,1,1
3.565241167,0,1
3.565241250,1,1
3.565241292,0,1
3.565241875,1,1
3.565242250,0,0
3.565242625,1,0
3.565243125,0,0
3.565243250,1,0
3.565243292,0,0
3.565244000,1,1
3.565244500,0,1
3.565244583,0,0
3.565244750,1,1
3.565244792,0,1
3.565244833,1,0
3.565244875,0,0
3.565245125,1,0
3.565245167,0,0
3.565245417,1,0
3.565245458,0,0
3.565245708,1,0
3.565245750,0,0
3.565245792,1,0
3.565245833,0,0
3.565246000,1,1
3.565246042,0,1
3.565246083,0,0
3.565246208,1,0
3.565246250,0,0
3.565246292,1,0
3.565246333,0,0
3.565246375,0,1
3.565246500,1,0
3.565246542,0,0
3.565246708,1,0
3.565246750,0,0
3.565246792,1,0
3.565246833,0,0
3.565247083,1,0
3.565247125,0,0
3.565247167,0,1
3.565247250,0,0
3.565247375,1,0
3.565247417,0,0
3.565247667,1,0
3.565247708,0,0
3.565247958,1,0
3.565248000,0,0
3.565248042,1,0
3.565248083,0,0
3.565248208,1,0
3.565248250,0,0
3.565248333,0,1
3.565248375,1,1
3.565248417,0,1
3.565248958,1,1
3.565249333,0,1
3.565249458,1,0
3.565249500,1,1
3.565255125,1,0
3.565255167,0,0
3.565255458,1,1
3.565255500,0,1
3.565255542,0,0
3.565255583,1,0
3.565255625,0,0
3.565255708,1,1
3.565255750,0,1
3.565255792,1,1
3.565255833,0,1
3.565255917,1,1
3.565255958,0,1
3.565256042,1,1
3.565256083,0,1
3.565256167,1,1
3.565256208,0,1
3.565256625,1,1
3.565257042,0,0
3.565257542,1,0
3.565258042,0,0
3.565258125,1,0
3.565258167,0,0
3.565258292,1,0
3.565258333,0,0
3.565258833,0,1
3.565258917,1,1
3.565259375,0,1
3.565259458,0,0
3.565259542,1,0
3.565259583,0,0
3.565259625,1,0
3.565259667,0,0
3.565259833,1,0
3.565259875,0,0
3.565259917,1,0
3.565259958,0,0
3.565260125,1,1
3.565260167,0,1
3.565260208,1,0
3.565260250,0,0
3.565260417,1,0
3.565260458,0,0
3.565260500,1,1
3.565260542,0,1
3.565260583,0,0
3.565260792,1,0
3.565260833,0,0
3.565261083,1,0
3.565261125,0,0
3.565261167,1,0
3.565261208,0,0
3.565261375,1,0
3.565261417,0,0
3.565261458,1,0
3.565261500,0,0
3.565261667,1,0
3.565261708,0,0
3.565261750,1,0
3.565261792,0,0
3.565261958,1,0
3.565262000,0,0
3.565262042,1,0
3.565262083,0,0
3.565262250,1,0
3.565262292,0,0
3.565262333,1,0
3.565262375,0,0
3.565262667,1,0
3.565262708,0,0
3.565262875,1,0
3.565262958,0,0
3.565263208,1,1
3.565263250,0,1
3.565263750,1,1
3.565264083,0,1
3.565264208,0,0
3.565264250,1,1
3.565268042,0,0
3.565268125,1,0
3.565268167,0,0
3.565268250,1,0
3.565268292,0,0
3.565268375,1,0
3.565268417,0,0
3.565268500,1,0
3.565268542,0,0
3.565268583,0,1
3.565268708,1,0
3.565268750,0,0
3.565268833,1,0
3.565268875,0,0
3.565268958,1,0
3.565269000,0,0
3.565269083,0,1
3.565269708,1,1
3.565270000,0,1
3.565270042,0,0
3.565270417,1,0
3.565270958,0,0
3.565271042,1,0
3.565271083,0,0
3.565271208,1,0
3.565271250,0,0
3.565271792,1,1
3.565272167,0,1
3.565272208,1,1
3.565272333,0,1
3.565272375,1,1
3.565272500,0,1
3.565272542,1,1
3.565272792,0,1
3.565272833,1,1
3.565272958,0,1
3.565273000,1,1
3.565273125,0,1
3.565273167,1,1
3.565273250,0,1
3.565273292,1,1
3.565273542,0,1
3.565273583,1,1
3.565273667,0,1
3.565273708,1,1
3.565273958,0,1
3.565274000,1,1
3.565274083,0,1
3.565274125,1,1
3.565274375,0,1
3.565274417,1,1
3.565274500,0,1
3.565274542,1,1
3.565274625,0,1
3.565274667,1,1
3.565274792,0,1
3.565274833,1,1
3.565274917,0,1
3.565274958,1,1
3.565275042,0,1
3.565275083,1,1
3.565275333,0,1
3.565275375,1,1
3.565275458,0,1
3.565275500,1,1
3.565275750,0,1
3.565275792,1,1
3.565275875,0,1
3.565275917,1,1
3.565276167,0,1
3.565276208,1,1
3.565276292,0,1
3.565276333,1,1
3.565276417,0,1
3.565276458,1,1
3.565276583,0,1
3.565276625,1,1
3.565276708,0,0
3.565276750,1,0
3.565276875,0,0
3.565276958,1,0
3.565277000,0,0
3.565277042,1,0
3.565277125,0,0
3.565277208,1,0
3.565277250,0,0
3.565277375,1,1
3.565277417,0,1
3.565277875,1,1
3.565278250,0,1
3.565278375,0,0
3.565278417,1,1
3.565433875,0,0
3.565433958,1,0
3.565434000,0,0
3.565434083,1,0
3.565434125,0,0
3.565434292,1,0
3.565434333,0,0
3.565434375,0,1
3.565434417,1,1
3.565434458,0,1
3.565434500,0,0
3.565434625,1,1
3.565434667,0,1
3.565434875,1,1
3.565434917,0,1
3.565435375,1,1
3.565435750,0,0
3.565436125,1,0
3.565436625,0,0
3.565436750,1,0
3.565436792,0,0
3.565437500,1,1
3.565438000,0,1
3.565438083,0,0
3.565438167,1,0
3.565438208,0,0
3.565438250,1,0
3.565438292,0,0
3.565438458,1,1
3.565438500,0,1
3.565438542,1,1
3.565438583,0,1
3.565438625,1,1
3.565438667,0,1
3.565438708,1,1
3.565438750,0,1
3.565438792,1,1
3.565438833,0,1
3.565439083,1,1
3.565439125,0,1
3.565439167,1,1
3.565439208,0,1
3.565439458,1,1
3.565439500,0,1
3.565439542,1,1
3.565439583,0,1
3.565439625,1,1
3.565439667,0,1
3.565439875,1,0
3.565439917,0,0
3.565440167,1,0
3.565440208,0,0
3.565440250,1,0
3.565440292,0,0
3.565440458,1,0
3.565440500,0,0
3.565440542,1,0
3.565440583,0,0
3.565440750,1,1
3.565440792,0,1
3.565440833,0,0
3.565440958,0,1
3.565441167,1,0
3.565441250,0,0
3.565441500,0,1
3.565442083,1,1
3.565442458,0,1
3.565442583,1,0
3.565442625,1,1
3.565448125,0,0
3.565448208,1,0
3.565448250,0,0
3.565448333,1,0
3.565448375,0,0
3.565448417,0,1
3.565448458,1,1
3.565448500,0,1
3.565448542,0,0
3.565448667,1,1
3.565448708,0,1
3.565448750,1,1
3.565448792,0,1
3.565448958,1,1
3.565449000,0,1
3.565449667,1,1
3.565450042,0,0
3.565450542,1,0
3.565451042,0,0
3.565451125,1,0
3.565451167,0,0
3.565451292,1,0
3.565451333,0,0
3.565451833,0,1
3.565451917,1,1
3.565452417,0,1
3.565452500,0,0
3.565452667,1,0
3.565452708,0,0
3.565452750,1,0
3.565452792,0,0
3.565452958,1,0
3.565453000,0,0
3.565453042,1,0
3.565453083,0,0
3.565453125,0,1
3.565453250,1,0
3.565453292,0,0
3.565453375,1,0
3.565453417,0,0
3.565453458,1,0
3.565453500,0,0
3.565453750,1,0
3.565453792,0,0
3.565454042,1,0
3.565454083,0,0
3.565454333,1,0
3.565454375,0,0
3.565454417,1,0
3.565454458,0,0
3.565454625,1,0
3.565454667,0,0
3.565454708,1,0
3.565454750,0,0
3.565454917,1,0
3.565454958,0,0
3.565455000,1,0
3.565455042,0,0
3.565455208,1,0
3.565455250,0,0
3.565455292,1,0
3.565455333,0,0
3.565455500,1,0
3.565455542,0,0
3.565455583,1,0
3.565455625,0,0
3.565455708,0,1
3.565455875,1,1
3.565455917,0,0
3.565455958,1,0
3.565456000,0,0
3.565456125,1,0
3.565456167,0,0
3.565456250,0,1
3.565456875,1,1
3.565457375,0,1
3.565457500,1,1
3.565461375,1,0
3.565461417,0,0
3.565461458,1,0
3.565461500,0,0
3.565461583,1,0
3.565461625,0,0
3.565461708,1,0
3.565461750,0,0
3.565461833,1,0
3.565461875,0,0
3.565461917,0,1
3.565462042,0,0
3.565462417,0,1
3.565462458,1,1
3.565462500,0,1
3.565462917,1,1
3.565463333,0,0
3.565463667,1,0
3.565464208,0,0
3.565464292,1,0
3.565464333,0,0
3.565464458,1,0
3.565464500,0,0
3.565465042,1,1
3.565465417,0,1
3.565465458,1,1
3.565465583,0,1
3.565465625,1,1
3.565466042,0,1
3.565466083,1,1
3.565466208,0,1
3.565466250,1,1
3.565466333,0,1
3.565466375,1,1
3.565466500,0,1
3.565466542,1,1
3.565466625,0,1
3.565466667,1,1
3.565466750,0,1
3.565466792,1,1
3.565467042,0,1
3.565467083,1,1
3.565467167,0,1
3.565467208,1,1
3.565467458,0,1
3.565467500,1,1
3.565467583,0,1
3.565467625,1,1
3.565467875,0,1
3.565467917,1,1
3.565468000,0,1
3.565468042,1,1
3.565468125,0,1
3.565468167,1,1
3.565468292,0,1
3.565468333,1,1
3.565468417,0,1
3.565468458,1,1
3.565468542,0,1
3.565468583,1,1
3.565468833,0,1
3.565468875,1,1
3.565468958,0,1
3.565469000,1,0
3.565469125,0,1
3.565469167,1,1
3.565469417,0,1
3.565469458,1,1
3.565469583,0,1
3.565469625,1,1
3.565469750,0,1
3.565469792,1,1
3.565469875,0,1
3.565469917,1,1
3.565470042,0,1
3.565470083,1,1
3.565470208,0,1
3.565470333,0,0
3.565470375,1,0
3.565470458,0,0
3.565470708,1,1
3.565470750,0,1
3.565471250,1,1
3.565471667,0,1
3.565471792,1,0
3.565471833,1,1
3.565603583,1,0
3.565604083,0,0
3.565605167,1,0
3.565605708,0,0
3.565606292,1,0
3.565606792,0,0
3.565606875,0,1
3.565607375,1,1
3.565607917,0,1
3.565608000,0,0
3.565608500,1,0
3.565609042,0,0
3.565609125,0,1
3.565609625,1,1
3.565610167,0,1
3.565610750,1,1
3.565611250,0,1
3.565611333,0,0
3.565611875,1,0
3.565612375,0,0
3.565612458,0,1
3.565613000,1,1
3.565613500,0,1
3.565613583,0,0
3.565614125,1,0
3.565614625,0,0
3.565615208,1,1
3.565615750,0,0
3.565616333,1,0
3.565616958,0,0
3.565617542,0,1
3.565617583,1,1
3.565618083,0,1
3.565618208,0,0
3.565618708,1,0
3.565619208,0,0
3.565619750,0,1
3.565619833,1,1
3.565620333,0,1
3.565620458,0,0
3.565621542,1,0
3.565622083,0,0
3.565622667,1,0
3.565623208,0,0
3.565623792,1,0
3.565624292,0,0
3.565624917,1,0
3.565625417,0,0
3.565626042,1,0
3.565626542,0,0
3.565627125,1,0
3.565627667,0,0
3.565628292,1,0
3.565628750,0,0
3.565629375,1,0
3.565629875,0,0
3.565630500,1,0
3.565631000,0,0
3.565631583,1,0
3.565632125,0,0
3.565632750,1,0
3.565633250,0,0
3.565633833,1,0
3.565634333,0,0
3.565634958,1,0
3.565635500,0,0
3.565636083,1,0
3.565636583,0,0
3.565637208,1,0
3.565637708,0,0
3.565638333,1,0
3.565638833,0,0
3.565639417,1,0
3.565639958,0,0
3.565640542,1,0
3.565641083,0,0
3.565641667,1,0
3.565642167,0,0
3.565642792,1,0
3.565643292,0,0
3.565643917,1,0
3.565644417,0,0
3.565644500,0,1
3.565645000,1,1
3.565645542,0,1
3.565646125,1,1
3.565646667,0,1
3.565647250,1,1
3.565647792,0,1
3.565647875,0,0
3.565648375,1,0
3.565648875,0,0
3.565649500,1,0
3.565650000,0,0
3.565650625,1,0
3.565651125,0,0
3.565651708,1,0
3.565652250,0,0
3.565652833,1,0
3.565653333,0,0
3.565653958,1,0
3.565654458,0,0
3.565655083,1,0
3.565655583,0,0
3.565656167,1,0
3.565656708,0,0
3.565656792,0,1
3.565657333,1,1
3.565657833,0,1
3.565658417,1,1
3.565658917,0,0
3.565659458,1,0
3.565660042,0,0
3.565660667,1,1
3.565661167,0,1
3.565661792,1,1
3.565662292,0,1
3.565662917,1,1
3.565663417,0,1
3.565664000,0,0
3.565664500,1,0
3.565665000,1,1
3.565778833,1,0
3.565779333,0,0
3.565780458,1,0
3.565780958,0,0
3.565781542,1,0
3.565782042,0,0
3.565782667,1,0
3.565783167,0,0
3.565783792,1,0
3.565784292,0,0
3.565784375,0,1
3.565784917,1,1
3.565785417,0,1
3.565785500,0,0
3.565786000,1,0
3.565786542,0,0
3.565787125,1,0
3.565787667,0,0
3.565787750,0,1
3.565788250,1,1
3.565788792,0,1
3.565788833,0,0
3.565789417,1,0
3.565789875,0,0
3.565790500,1,1
3.565791000,0,0
3.565791500,1,0
3.565792125,0,0
3.565792667,0,1
3.565792750,1,1
3.565793250,0,1
3.565793375,0,0
3.565793875,1,0
3.565794375,0,0
3.565794875,0,1
3.565794958,1,1
3.565795500,0,1
3.565795583,0,0
3.565796708,1,0
3.565797250,0,0
3.565797792,1,0
3.565798333,0,0
3.565798958,1,0
3.565799458,0,0
3.565800042,1,0
3.565800542,0,0
3.565801167,1,0
3.565801708,0,0
3.565802292,1,0
3.565802792,0,0
3.565803417,1,0
3.565803917,0,0
3.565804542,1,0
3.565805042,0,0
3.565805625,1,0
3.565806167,0,0
3.565806750,1,0
3.565807250,0,0
3.565807875,1,0
3.565808375,0,0
3.565809000,1,0
3.565809500,0,0
3.565810083,1,0
3.565810625,0,0
3.565811208,1,0
3.565811750,0,0
3.565812333,1,0
3.565812833,0,0
3.565813458,1,0
3.565813958,0,0
3.565814583,1,0
3.565815083,0,0
3.565815667,1,0
3.565816208,0,0
3.565816833,1,0
3.565817333,0,0
3.565817917,1,0
3.565818417,0,0
3.565819042,1,0
3.565819583,0,0
3.565820167,1,0
3.565820667,0,0
3.565821292,1,0
3.565821792,0,0
3.565822375,1,0
3.565822875,0,0
3.565823500,1,0
3.565824042,0,0
3.565824625,1,0
3.565825125,0,0
3.565825750,1,0
3.565826250,0,0
3.565826875,1,0
3.565827375,0,0
3.565827958,1,0
3.565828500,0,0
3.565829083,1,0
3.565829625,0,0
3.565830208,1,0
3.565830708,0,0
3.565831333,1,0
3.565831833,0,0
3.565832458,1,0
3.565832958,0,0
3.565833542,0,1
3.565833583,1,1
3.565834083,0,0
3.565834583,1,0
3.565835208,0,0
3.565835667,0,1
3.565835792,1,1
3.565836333,0,1
3.565836917,1,1
3.565837417,0,1
3.565838042,1,1
3.565838542,0,1
3.565839167,0,0
3.565839667,1,0
3.565840125,1,1
3.565978250,1,0
3.565978750,0,0
3.565979875,1,0
3.565980375,0,0
3.565981000,1,0
3.565981500,0,0
3.565981583,0,1
3.565982083,1,1
3.565982625,0,1
3.565982708,0,0
3.565983208,1,0
3.565983750,0,0
3.565983833,0,1
3.565984333,1,1
3.565984833,0,1
3.565985458,1,1
3.565985958,0,1
3.565986542,1,1
3.565987083,0,1
3.565987667,1,1
3.565988208,0,1
3.565988792,1,1
3.565989333,0,1
3.565989917,1,1
3.565990417,0,0
3.565991042,1,0
3.565991667,0,0
3.565992292,1,1
3.565992750,0,1
3.565992875,0,0
3.565993375,1,0
3.565993875,0,0
3.565994500,1,1
3.565995000,0,1
3.565995083,0,0
3.565996250,1,0
3.565996750,0,0
3.565997333,1,0
3.565997875,0,0
3.565998458,1,0
3.565999000,0,0
3.565999583,1,0
3.566000083,0,0
3.566000708,1,0
3.566001208,0,0
3.566001833,1,0
3.566002333,0,0
3.566002917,1,0
3.566003458,0,0
3.566004083,1,0
3.566004583,0,0
3.566005167,1,0
3.566005667,0,0
3.566006292,1,0
3.566006792,0,0
3.566006875,0,1
3.566007417,1,1
3.566007917,0,1
3.566008000,0,0
3.566008500,1,0
3.566009042,0,0
3.566009667,1,0
3.566010167,0,0
3.566010750,1,0
3.566011250,0,0
3.566011333,0,1
3.566011875,1,1
3.566012375,0,1
3.566012458,0,0
3.566013000,1,0
3.566013500,0,0
3.566014083,1,0
3.566014625,0,0
3.566015250,1,0
3.566015708,0,0
3.566016333,1,0
3.566016833,0,0
3.566017458,1,0
3.566017958,0,0
3.566018542,1,0
3.566019083,0,0
3.566019708,1,0
3.566020208,0,0
3.566020292,0,1
3.566020833,1,1
3.566021333,0,1
3.566021917,1,1
3.566022417,0,1
3.566022500,0,0
3.566023042,1,0
3.566023542,0,0
3.566024167,1,0
3.566024667,0,0
3.566025292,1,0
3.566025792,0,0
3.566026375,1,0
3.566026917,0,0
3.566027500,1,0
3.566028042,0,0
3.566028625,1,0
3.566029125,0,0
3.566029750,1,0
3.566030250,0,0
3.566030333,0,1
3.566030875,1,1
3.566031375,0,1
3.566032000,1,1
3.566032458,0,1
3.566033125,1,1
3.566033583,0,1
3.566033625,0,0
3.566034208,1,0
3.566034833,0,0
3.566035458,1,1
3.566035958,0,1
3.566036583,1,1
3.566037083,0,1
3.566037667,1,1
3.566038208,0,1
3.566038792,0,0
3.566039292,1,0
3.566039792,1,1
3.566170208,1,0
3.566171208,0,0
3.566173292,1,0
3.566174333,0,0
3.566175417,1,0
3.566176417,0,0
3.566176500,0,1
3.566177542,1,1
3.566178542,0,1
3.566178625,0,0
3.566179625,1,0
3.566180667,0,0
3.566180750,0,1
3.566181750,1,1
3.566182750,0,1
3.566183875,1,1
3.566184875,0,1
3.566184958,0,0
3.566185958,1,0
3.566187000,0,0
3.566188083,1,0
3.566189083,0,0
3.566189167,1,1
3.566190208,0,1
3.566191292,1,1
3.566192292,0,1
3.566192333,0,0
3.566193292,1,0
3.566194417,0,0
3.566194750,0,1
3.566195542,1,1
3.566196542,0,1
3.566196667,0,0
3.566197625,1,0
3.566198667,0,0
3.566199167,0,1
3.566199750,1,1
3.566200750,0,0
3.566202708,1,0
3.566203833,0,0
3.566204833,1,0
3.566205958,0,0
3.566206917,1,0
3.566208083,0,0
3.566209042,1,0
3.566210167,0,1
3.566211167,1,1
3.566212292,0,0
3.566213250,1,0
3.566214375,0,0
3.566215375,1,0
3.566216500,0,0
3.566217458,1,0
3.566218625,0,0
3.566219583,1,0
3.566220708,0,0
3.566221708,1,0
3.566222833,0,0
3.566223792,1,0
3.566224958,0,0
3.566225917,1,0
3.566227042,0,0
3.566228042,1,0
3.566229167,0,0
3.566230125,1,0
3.566231250,0,0
3.566232250,1,0
3.566233375,0,0
3.566234333,1,0
3.566235500,0,0
3.566236458,1,0
3.566237583,0,0
3.566238583,1,0
3.566239708,0,0
3.566240667,1,0
3.566241833,0,0
3.566242792,1,0
3.566243917,0,0
3.566244917,1,0
3.566246042,0,0
3.566247000,1,0
3.566248125,0,0
3.566249125,1,0
3.566250250,0,0
3.566251250,1,0
3.566252375,0,0
3.566253333,1,0
3.566254458,0,0
3.566255458,1,0
3.566256583,0,0
3.566257542,1,0
3.566258708,0,0
3.566259667,1,0
3.566260792,0,0
3.566261792,1,0
3.566262917,0,0
3.566263875,1,0
3.566265042,0,1
3.566266000,1,1
3.566267125,0,0
3.566268083,1,0
3.566269125,0,0
3.566270250,1,0
3.566271375,0,0
3.566272083,0,1
3.566272458,1,1
3.566273458,0,0
3.566274458,1,0
3.566275583,0,0
3.566276208,0,1
3.566277667,1,1
3.566278667,0,1
3.566279792,1,1
3.566280792,0,1
3.566281875,1,1
3.566282917,0,1
3.566284000,0,0
3.566285000,1,0
3.566286000,1,1
3.566436292,1,0
3.566437292,0,0
3.566439375,1,0
3.566440375,0,0
3.566441458,1,0
3.566442500,0,0
3.566443583,1,0
3.566444583,0,0
3.566445667,1,0
3.566446708,0,0
3.566446792,0,1
3.566447792,1,1
3.566448833,0,1
3.566448917,0,0
3.566449917,1,0
3.566450917,0,0
3.566452042,1,0
3.566453042,0,0
3.566454125,1,0
3.566455125,0,0
3.566455208,0,1
3.566455250,1,1
3.566456250,0,1
3.566457375,1,1
3.566458375,0,0
3.566459375,1,0
3.566460500,0,0
3.566460917,0,1
3.566461583,1,1
3.566462583,0,1
3.566462708,0,0
3.566463708,1,0
3.566464708,0,0
3.566465375,0,1
3.566465792,1,1
3.566466833,0,0
3.566468792,1,0
3.566469917,0,1
3.566470875,1,1
3.566472000,0,0
3.566473000,1,0
3.566474125,0,0
3.566475125,1,0
3.566476208,0,0
3.566477208,1,0
3.566478333,0,0
3.566479333,1,0
3.566480458,0,0
3.566481458,1,0
3.566482542,0,0
3.566483542,1,0
3.566484667,0,1
3.566485667,1,1
3.566486792,0,0
3.566487750,1,0
3.566488917,0,0
3.566489875,1,0
3.566491000,0,0
3.566491042,0,1
3.566492000,1,1
3.566493125,0,0
3.566494083,1,0
3.566495208,0,0
3.566496208,1,0
3.566497333,0,0
3.566498333,1,0
3.566499458,0,0
3.566500417,1,0
3.566501542,0,0
3.566502542,1,0
3.566503667,0,0
3.566504625,1,0
3.566505792,0,0
3.566506750,1,0
3.566507875,0,0
3.566507917,0,1
3.566508875,1,1
3.566510000,0,0
3.566510958,1,0
3.566512000,0,0
3.566512958,1,0
3.566514083,0,0
3.566515083,1,0
3.566516208,0,1
3.566517167,1,1
3.566518333,0,0
3.566519292,1,0
3.566520417,0,0
3.566521417,1,0
3.566522542,0,1
3.566523500,1,1
3.566524625,0,1
3.566524667,0,0
3.566525625,1,0
3.566526625,0,0
3.566527625,1,0
3.566528750,0,1
3.566529708,1,1
3.566530833,0,1
3.566530875,0,0
3.566531833,1,0
3.566532958,0,1
3.566533917,1,1
3.566535042,0,1
3.566535083,0,0
3.566536083,1,0
3.566537208,0,0
3.566537750,0,1
3.566538292,1,1
3.566539292,0,0
3.566540292,1,0
3.566541417,0,0
3.566541917,0,1
3.566543500,1,1
3.566544500,0,1
3.566545625,1,1
3.566546625,0,1
3.566547750,1,1
3.566548708,0,1
3.566549833,0,0
3.566550833,1,0
3.566551833,1,1
3.566672583,1,0
3.566673083,0,0
3.566674167,1,0
3.566674708,0,0
3.566675292,1,0
3.566675833,0,0
3.566675917,0,1
3.566676417,1,1
3.566676917,0,1
3.566677000,0,0
3.566677542,1,0
3.566678042,0,0
3.566678125,0,1
3.566678625,1,1
3.566679167,0,1
3.566679750,1,1
3.566680292,0,1
3.566680375,0,0
3.566680875,1,0
3.566681417,0,0
3.566681458,0,1
3.566682000,1,1
3.566682500,0,1
3.566682583,0,0
3.566683125,1,0
3.566683625,0,0
3.566684208,1,0
3.566684250,1,1
3.566684750,0,0
3.566685375,1,0
3.566686000,0,0
3.566686542,0,1
3.566686625,1,1
3.566687083,0,1
3.566687208,0,0
3.566687708,1,0
3.566688208,0,0
3.566688750,0,1
3.566688833,1,1
3.566689375,0,1
3.566689458,0,0
3.566690542,1,0
3.566691083,0,0
3.566691667,1,0
3.566692208,0,0
3.566692792,1,0
3.566693292,0,0
3.566693917,1,0
3.566694417,0,0
3.566695042,1,0
3.566695542,0,0
3.566696125,1,0
3.566696667,0,0
3.566697292,1,0
3.566697792,0,0
3.566698375,1,0
3.566698875,0,0
3.566699500,1,0
3.566700042,0,0
3.566700625,1,0
3.566701125,0,0
3.566701750,1,0
3.566702250,0,0
3.566702875,1,0
3.566703333,0,0
3.566703958,1,0
3.566704500,0,0
3.566705083,1,0
3.566705583,0,0
3.566706208,1,0
3.566706708,0,0
3.566707333,1,0
3.566707833,0,0
3.566708417,1,0
3.566708958,0,0
3.566709542,1,0
3.566710083,0,0
3.566710667,1,0
3.566711167,0,0
3.566711792,1,0
3.566712292,0,0
3.566712917,1,0
3.566713417,0,0
3.566713500,0,1
3.566714000,1,1
3.566714542,0,1
3.566715125,1,1
3.566715667,0,1
3.566716250,1,1
3.566716792,0,1
3.566716875,0,0
3.566717375,1,0
3.566717875,0,0
3.566718500,1,0
3.566719000,0,0
3.566719625,1,0
3.566720125,0,0
3.566720708,1,0
3.566721250,0,0
3.566721833,1,0
3.566722375,0,0
3.566722958,1,0
3.566723458,0,0
3.566724083,1,0
3.566724583,0,0
3.566725208,1,0
3.566725708,0,0
3.566725792,0,1
3.566726333,1,1
3.566726833,0,1
3.566727458,1,1
3.566727917,0,1
3.566727958,0,0
3.566728458,1,0
3.566729083,0,0
3.566729583,0,1
3.566729667,1,1
3.566730208,0,1
3.566730792,1,1
3.566731292,0,1
3.566731875,1,1
3.566732417,0,1
3.566733042,0,0
3.566733500,1,0
3.566734000,1,1
3.566849083,1,0
3.566849542,0,0
3.566850667,1,0
3.566851167,0,0
3.566851792,1,0
3.566852292,0,0
3.566852875,1,0
3.566853417,0,0
3.566854000,1,0
3.566854500,0,0
3.566854583,0,1
3.566855125,1,1
3.566855667,0,1
3.566855750,0,0
3.566856250,1,0
3.566856750,0,0
3.566857375,1,0
3.566857875,0,0
3.566857958,0,1
3.566858458,1,1
3.566859000,0,1
3.566859083,0,0
3.566859625,1,0
3.566860125,0,0
3.566860625,0,1
3.566860708,1,1
3.566861208,0,1
3.566861250,0,0
3.566861708,1,0
3.566862375,0,0
3.566862875,0,1
3.566862958,1,1
3.566863458,0,1
3.566863583,0,0
3.566864083,1,0
3.566864583,0,0
3.566865208,1,1
3.566865708,0,1
3.566865792,0,0
3.566866917,1,0
3.566867417,0,0
3.566868042,1,0
3.566868542,0,0
3.566869167,1,0
3.566869667,0,0
3.566870292,1,0
3.566870792,0,0
3.566871375,1,0
3.566871875,0,0
3.566872500,1,0
3.566873042,0,0
3.566873625,1,0
3.566874125,0,0
3.566874750,1,0
3.566875250,0,0
3.566875875,1,0
3.566876375,0,0
3.566876958,1,0
3.566877500,0,0
3.566878083,1,0
3.566878625,0,0
3.566879208,1,0
3.566879708,0,0
3.566880333,1,0
3.566880833,0,0
3.566881458,1,0
3.566881958,0,0
3.566882542,1,0
3.566883083,0,0
3.566883667,1,0
3.566884167,0,0
3.566884792,1,0
3.566885292,0,0
3.566885917,1,0
3.566886417,0,0
3.566887000,1,0
3.566887542,0,0
3.566888167,1,0
3.566888667,0,0
3.566889250,1,0
3.566889750,0,0
3.566890375,1,0
3.566890917,0,0
3.566891500,1,0
3.566892000,0,0
3.566892625,1,0
3.566893125,0,0
3.566893708,1,0
3.566894208,0,0
3.566894833,1,0
3.566895375,0,0
3.566895958,1,0
3.566896458,0,0
3.566897083,1,0
3.566897583,0,0
3.566898208,1,0
3.566898708,0,0
3.566899292,1,0
3.566899833,0,0
3.566900417,1,0
3.566900958,0,0
3.566901542,1,0
3.566902042,0,0
3.566902667,1,0
3.566903167,0,0
3.566903667,0,1
3.566903792,1,1
3.566904292,0,0
3.566904917,1,0
3.566905542,0,0
3.566906042,0,1
3.566906167,1,1
3.566906667,0,1
3.566907250,1,1
3.566907750,0,1
3.566908375,1,1
3.566908875,0,1
3.566909500,0,0
3.566910000,1,0
3.566910458,1,1
3.567019708,1,0
3.567020208,0,0
3.567021333,1,0
3.567021792,0,0
3.567022417,1,0
3.567022958,0,0
3.567023042,0,1
3.567023542,1,1
3.567024042,0,1
3.567024125,0,0
3.567024667,1,0
3.567025167,0,0
3.567025250,0,1
3.567025750,1,1
3.567026292,0,1
3.567026875,1,1
3.567027417,0,1
3.567028000,1,1
3.567028542,0,1
3.567029125,1,1
3.567029625,0,1
3.567030250,1,1
3.567030750,0,1
3.567031375,1,1
3.567031875,0,0
3.567032375,1,0
3.567033000,0,0
3.567033500,0,1
3.567033625,1,1
3.567034125,0,1
3.567034208,0,0
3.567034708,1,0
3.567035208,0,0
3.567035792,0,1
3.567035833,1,1
3.567036333,0,1
3.567036458,0,0
3.567037583,1,0
3.567038083,0,0
3.567038667,1,0
3.567039208,0,0
3.567039792,1,0
3.567040292,0,0
3.567040917,1,0
3.567041417,0,0
3.567042042,1,0
3.567042542,0,0
3.567043125,1,0
3.567043667,0,0
3.567044292,1,0
3.567044792,0,0
3.567045375,1,0
3.567045875,0,0
3.567046500,1,0
3.567047042,0,0
3.567047625,1,0
3.567048125,0,0
3.567048208,0,1
3.567048708,1,1
3.567049250,0,1
3.567049333,0,0
3.567049875,1,0
3.567050375,0,0
3.567050958,1,0
3.567051458,0,0
3.567052083,1,0
3.567052625,0,0
3.567052708,0,1
3.567053208,1,1
3.567053750,0,1
3.567053792,0,0
3.567054333,1,0
3.567054833,0,0
3.567055458,1,0
3.567055958,0,0
3.567056583,1,0
3.567057042,0,0
3.567057667,1,0
3.567058208,0,0
3.567058792,1,0
3.567059292,0,0
3.567059375,0,1
3.567059917,1,1
3.567060417,0,1
3.567061000,1,1
3.567061542,0,1
3.567062125,1,1
3.567062667,0,1
3.567063250,1,1
3.567063792,0,1
3.567063875,0,0
3.567064375,1,0
3.567064917,0,0
3.567065500,1,0
3.567066000,0,0
3.567066625,1,0
3.567067125,0,0
3.567067208,0,1
3.567067708,1,1
3.567068250,0,1
3.567068333,0,0
3.567068833,1,0
3.567069375,0,0
3.567069958,1,0
3.567070458,0,0
3.567070542,0,1
3.567071083,1,1
3.567071583,0,1
3.567071667,0,0
3.567072208,1,0
3.567072708,0,0
3.567073333,1,0
3.567073833,0,0
3.567074375,0,1
3.567074417,1,1
3.567074958,0,0
3.567075583,1,0
3.567076208,0,0
3.567076708,0,1
3.567076792,1,1
3.567077333,0,1
3.567077917,1,1
3.567078417,0,1
3.567079042,1,1
3.567079542,0,1
3.567080167,0,0
3.567080625,1,0
3.567081125,1,1
3.567190250,1,0
3.567191250,0,0
3.567193333,1,0
3.567194333,0,0
3.567195458,1,0
3.567196458,0,0
3.567196542,0,1
3.567197542,1,1
3.567198583,0,1
3.567198667,0,0
3.567199667,1,0
3.567200667,0,0
3.567200750,0,1
3.567201792,1,1
3.567202792,0,1
3.567203875,1,1
3.567204875,0,1
3.567204958,0,0
3.567206000,1,0
3.567207000,0,0
3.567208083,1,0
3.567209125,0,0
3.567209208,0,1
3.567209250,1,1
3.567210250,0,1
3.567211333,1,1
3.567212333,0,1
3.567212375,0,0
3.567213333,1,0
3.567214458,0,0
3.567214833,0,1
3.567215583,1,1
3.567216542,0,1
3.567216667,0,0
3.567217667,1,0
3.567218667,0,0
3.567219250,0,1
3.567219792,1,1
3.567220750,0,1
3.567220792,0,0
3.567222750,1,0
3.567223875,0,0
3.567224875,1,0
3.567226000,0,0
3.567226958,1,0
3.567228083,0,0
3.567229083,1,0
3.567230208,0,1
3.567231167,1,1
3.567232292,0,1
3.567232333,0,0
3.567233292,1,0
3.567234292,0,0
3.567235292,1,0
3.567236417,0,0
3.567237417,1,0
3.567238542,0,0
3.567239500,1,0
3.567240625,0,0
3.567241625,1,0
3.567242750,0,0
3.567243708,1,0
3.567244875,0,0
3.567245833,1,0
3.567246958,0,0
3.567247958,1,0
3.567249083,0,0
3.567250042,1,0
3.567251208,0,0
3.567252167,1,0
3.567253292,0,0
3.567254292,1,0
3.567255417,0,0
3.567256375,1,0
3.567257500,0,0
3.567258500,1,0
3.567259625,0,0
3.567260625,1,0
3.567261750,0,0
3.567262708,1,0
3.567263833,0,0
3.567264833,1,0
3.567265958,0,0
3.567266917,1,0
3.567268083,0,0
3.567269042,1,0
3.567270167,0,0
3.567271167,1,0
3.567272292,0,0
3.567273250,1,0
3.567274417,0,0
3.567275375,1,0
3.567276500,0,0
3.567277500,1,0
3.567278625,0,0
3.567279583,1,0
3.567280750,0,0
3.567281708,1,0
3.567282833,0,0
3.567283833,1,0
3.567284958,0,1
3.567285917,1,1
3.567287042,0,1
3.567287083,0,0
3.567288042,1,0
3.567289167,0,0
3.567290292,1,0
3.567291292,0,0
3.567291833,0,1
3.567292375,1,1
3.567293417,0,0
3.567294542,1,0
3.567295625,0,0
3.567296292,0,1
3.567297750,1,1
3.567298750,0,1
3.567299833,1,1
3.567300833,0,1
3.567301958,1,1
3.567302958,0,1
3.567304042,0,0
3.567305042,1,0
3.567306042,1,1
3.567436375,1,0
3.567437417,0,0
3.567439500,1,0
3.567440500,0,0
3.567441625,1,0
3.567442625,0,0
3.567443708,1,0
3.567444708,0,0
3.567445833,1,0
3.567446833,0,0
3.567446917,0,1
3.567447917,1,1
3.567448958,0,1
3.567449042,0,0
3.567450042,1,0
3.567451042,0,0
3.567452167,1,0
3.567453167,0,0
3.567454250,1,0
3.567455292,0,0
3.567455375,1,1
3.567456417,0,1
3.567457500,1,1
3.567458500,0,0
3.567459500,1,0
3.567460625,0,0
3.567460958,0,1
3.567461750,1,1
3.567462708,0,1
3.567462833,0,0
3.567463833,1,0
3.567464833,0,0
3.567465583,0,1
3.567465917,1,1
3.567466958,0,1
3.567468917,1,1
3.567470042,0,1
3.567471042,1,1
3.567472167,0,0
3.567473125,1,0
3.567474250,0,1
3.567475250,1,1
3.567476375,0,1
3.567477375,1,1
3.567478500,0,1
3.567479458,1,1
3.567480583,0,1
3.567480625,0,0
3.567481583,1,0
3.567482667,0,0
3.567483708,1,0
3.567484792,0,0
3.567485792,1,0
3.567486917,0,1
3.567487917,1,1
3.567489042,0,1
3.567490000,1,1
3.567491125,0,1
3.567491167,0,0
3.567492125,1,0
3.567493250,0,1
3.567494250,1,1
3.567495375,0,0
3.567496333,1,0
3.567497458,0,0
3.567498458,1,0
3.567499583,0,0
3.567500583,1,0
3.567501708,0,1
3.567502667,1,1
3.567503792,0,1
3.567504792,1,1
3.567505917,0,0
3.567506875,1,0
3.567508042,0,1
3.567509000,1,1
3.567510125,0,1
3.567511125,1,1
3.567512250,0,0
3.567513208,1,0
3.567514333,0,0
3.567515333,1,0
3.567516458,0,0
3.567517458,1,0
3.567518583,0,1
3.567519542,1,1
3.567520667,0,1
3.567520708,0,0
3.567521667,1,0
3.567522792,0,0
3.567523750,1,0
3.567524917,0,0
3.567525875,1,0
3.567527000,0,0
3.567528000,1,0
3.567529125,0,0
3.567530083,1,0
3.567531208,0,0
3.567532208,1,0
3.567533333,0,1
3.567534333,1,1
3.567535458,0,0
3.567536458,1,0
3.567537583,0,0
3.567538167,0,1
3.567538667,1,1
3.567539667,0,0
3.567540667,1,0
3.567541792,0,0
3.567542333,0,1
3.567543917,1,1
3.567544875,0,1
3.567546000,1,1
3.567547000,0,1
3.567548125,1,1
3.567549125,0,1
3.567550208,0,0
3.567551208,1,0
3.567552208,1,1
3.567647042,1,0
3.567648042,0,0
3.567650125,1,0
3.567651125,0,0
3.567652250,1,0
3.567653250,0,0
3.567653333,0,1
3.567654333,1,1
3.567655375,0,1
3.567655458,0,0
3.567656417,1,0
3.567657458,0,0
3.567658542,1,0
3.567659583,0,0
3.567660667,1,0
3.567661667,0,0
3.567661750,0,1
3.567662750,1,1
3.567663792,0,1
3.567663875,0,0
3.567664875,1,0
3.567665917,0,0
3.567666042,1,0
3.567667000,0,0
3.567667625,0,1
3.567668125,1,1
3.567669125,0,0
3.567670125,1,0
3.567671250,0,0
3.567671708,0,1
3.567672333,1,1
3.567673333,0,1
3.567673458,0,0
3.567674458,1,0
3.567675458,0,0
3.567675958,0,1
3.567676583,1,1
3.567677542,0,1
3.567677583,0,0
3.567679542,1,0
3.567680667,0,0
3.567681625,1,0
3.567682792,0,0
3.567683750,1,0
3.567684875,0,0
3.567685875,1,0
3.567687000,0,0
3.567687958,1,0
3.567689083,0,0
3.567690083,1,0
3.567691208,0,0
3.567692208,1,0
3.567693333,0,0
3.567694292,1,0
3.567695417,0,0
3.567696417,1,0
3.567697542,0,0
3.567698542,1,0
3.567699667,0,0
3.567700625,1,0
3.567701750,0,0
3.567702750,1,0
3.567703875,0,0
3.567704833,1,0
3.567706000,0,0
3.567706958,1,0
3.567708083,0,0
3.567709083,1,0
3.567710208,0,0
3.567711167,1,0
3.567712333,0,0
3.567713292,1,0
3.567714417,0,0
3.567715417,1,0
3.567716542,0,0
3.567717500,1,0
3.567718625,0,0
3.567719625,1,0
3.567720750,0,0
3.567721708,1,0
3.567722875,0,0
3.567723833,1,0
3.567724958,0,1
3.567725958,1,1
3.567727083,0,1
3.567728042,1,1
3.567729167,0,1
3.567730167,1,1
3.567731167,0,0
3.567732167,1,0
3.567733250,0,0
3.567734250,1,0
3.567735375,0,0
3.567736375,1,0
3.567737500,0,0
3.567738500,1,0
3.567739583,0,0
3.567740583,1,0
3.567741708,0,1
3.567742708,1,1
3.567743833,0,0
3.567744792,1,0
3.567745958,0,0
3.567747042,1,0
3.567748167,0,0
3.567748792,0,1
3.567749292,1,1
3.567750292,0,0
3.567751292,1,0
3.567752417,0,0
3.567752917,0,1
3.567754500,1,1
3.567755500,0,1
3.567756625,1,1
3.567757625,0,1
3.567758708,1,1
3.567759750,0,1
3.567760833,0,0
3.567761833,1,0
3.567762833,1,1
3.567871375,1,0
3.567872417,0,0
3.567874500,1,0
3.567875500,0,0
3.567876625,1,0
3.567877625,0,0
3.567877708,0,1
3.567878708,1,1
3.567879750,0,1
3.567879833,0,0
3.567880833,1,0
3.567881833,0,0
3.567882958,1,0
3.567883958,0,0
3.567885042,1,0
3.567886042,0,0
3.567887167,1,0
3.567888167,0,0
3.567889250,1,0
3.567890292,0,0
3.567890375,1,1
3.567891417,0,1
3.567892500,1,1
3.567893500,0,0
3.567894500,1,0
3.567895625,0,0
3.567896000,0,1
3.567896750,1,1
3.567897708,0,1
3.567897833,0,0
3.567898833,1,0
3.567899833,0,0
3.567900417,0,1
3.567900958,1,1
3.567901958,0,1
3.567903917,1,1
3.567905042,0,1
3.567905083,0,0
3.567906042,1,0
3.567907167,0,0
3.567908125,1,0
3.567909292,0,0
3.567910250,1,0
3.567911375,0,0
3.567912375,1,0
3.567913500,0,0
3.567914458,1,0
3.567915583,0,0
3.567916583,1,0
3.567917708,0,0
3.567918667,1,0
3.567919833,0,0
3.567920792,1,0
3.567921917,0,0
3.567922917,1,0
3.567924042,0,0
3.567925000,1,0
3.567926167,0,0
3.567927125,1,0
3.567928250,0,0
3.567929250,1,0
3.567930375,0,0
3.567931333,1,0
3.567932500,0,0
3.567933458,1,0
3.567934583,0,0
3.567935583,1,0
3.567936708,0,0
3.567937667,1,0
3.567938792,0,0
3.567939792,1,0
3.567940917,0,0
3.567941917,1,0
3.567943042,0,0
3.567944000,1,0
3.567945125,0,0
3.567946125,1,0
3.567947250,0,0
3.567948208,1,0
3.567949375,0,0
3.567950333,1,0
3.567951458,0,0
3.567952458,1,0
3.567953583,0,0
3.567954542,1,0
3.567955708,0,0
3.567956667,1,0
3.567957792,0,0
3.567958792,1,0
3.567959917,0,0
3.567960875,1,0
3.567962000,0,0
3.567963000,1,0
3.567964125,0,0
3.567965125,1,0
3.567966250,0,0
3.567967208,1,0
3.567968333,0,0
3.567968375,0,1
3.567969333,1,1
3.567970458,0,0
3.567971583,1,0
3.567972583,0,0
3.567973125,0,1
3.567973667,1,1
3.567974667,0,1
3.567974708,0,0
3.567975792,1,0
3.567976917,0,0
3.567977667,0,1
3.567979000,1,1
3.567980000,0,1
3.567981125,1,1
3.567982125,0,1
3.567983250,1,1
3.567984250,0,1
3.567985333,0,0
3.567986333,1,0
3.567987333,1,1
3.568117542,1,0
3.568118542,0,0
3.568120625,1,0
3.568121625,0,0
3.568122750,1,0
3.568123750,0,0
3.568123833,0,1
3.568124833,1,1
3.568125875,0,1
3.568125958,0,0
3.568126958,1,0
3.568127958,0,0
3.568129083,1,0
3.568130083,0,0
3.568130167,0,1
3.568131167,1,1
3.568132208,0,1
3.568132292,0,0
3.568133292,1,0
3.568134292,0,0
3.568135417,1,0
3.568136417,0,0
3.568136542,1,0
3.568137542,0,0
3.568138083,0,1
3.568138667,1,1
3.568139625,0,1
3.568139667,0,0
3.568140625,1,0
3.568141750,0,0
3.568142250,0,1
3.568142875,1,1
3.568143875,0,1
3.568144000,0,0
3.568144958,1,0
3.568145958,0,0
3.568146625,0,1
3.568147083,1,1
3.568148083,0,0
3.568150042,1,0
3.568151167,0,0
3.568152167,1,0
3.568153292,0,0
3.568154250,1,0
3.568155417,0,0
3.568156375,1,0
3.568157500,0,0
3.568158500,1,0
3.568159625,0,0
3.568160583,1,0
3.568161750,0,0
3.568162708,1,0
3.568163833,0,0
3.568164833,1,0
3.568165958,0,0
3.568166917,1,0
3.568168042,0,0
3.568169042,1,0
3.568170167,0,1
3.568171167,1,1
3.568172292,0,1
3.568173250,1,1
3.568174375,0,0
3.568175333,1,0
3.568176500,0,0
3.568177458,1,0
3.568178625,0,0
3.568179583,1,0
3.568180708,0,1
3.568181708,1,1
3.568182833,0,0
3.568183792,1,0
3.568184917,0,0
3.568185917,1,0
3.568187042,0,1
3.568188000,1,1
3.568189125,0,1
3.568189167,0,0
3.568190125,1,0
3.568191125,0,0
3.568192125,1,0
3.568193250,0,0
3.568194208,1,0
3.568195375,0,1
3.568196333,1,1
3.568197458,0,1
3.568198458,1,1
3.568199583,0,1
3.568200542,1,1
3.568201583,0,0
3.568202542,1,0
3.568203667,0,0
3.568204667,1,0
3.568205750,0,0
3.568206750,1,0
3.568207875,0,0
3.568208875,1,0
3.568210000,0,0
3.568211000,1,0
3.568212083,0,0
3.568213083,1,0
3.568214208,0,0
3.568215208,1,0
3.568216292,0,0
3.568216333,0,1
3.568217333,1,1
3.568218333,0,1
3.568219417,1,1
3.568220417,0,1
3.568220458,0,0
3.568221542,1,0
3.568222667,0,0
3.568223167,0,1
3.568224792,1,1
3.568225750,0,1
3.568226875,1,1
3.568227875,0,1
3.568229000,1,1
3.568230000,0,1
3.568231083,0,0
3.568232083,1,0
3.568233083,1,1
3.568436250,1,0
3.568437208,0,0
3.568439333,1,0
3.568440333,0,0
3.568441458,1,0
3.568442458,0,0
3.568442542,0,1
3.568443542,1,1
3.568444542,0,1
3.568444625,0,0
3.568445667,1,0
3.568446667,0,0
3.568446750,0,1
3.568447750,1,1
3.568448792,0,1
3.568449875,1,1
3.568450875,0,1
3.568451000,0,0
3.568452000,1,0
3.568453000,0,0
3.568454083,1,0
3.568455083,0,0
3.568455167,0,1
3.568455208,1,1
3.568456250,0,1
3.568457333,1,1
3.568458333,0,0
3.568459333,1,0
3.568460458,0,0
3.568460750,0,1
3.568461542,1,1
3.568462542,0,1
3.568462667,0,0
3.568463667,1,0
3.568464667,0,0
3.568465292,0,1
3.568465792,1,1
3.568466792,0,0
3.568468708,1,0
3.568469750,0,0
3.568470708,1,0
3.568471833,0,0
3.568472833,1,0
3.568473958,0,0
3.568474958,1,0
3.568476083,0,1
3.568477042,1,1
3.568478167,0,1
3.568478208,0,0
3.568479167,1,0
3.568480167,0,0
3.568481167,1,0
3.568482292,0,0
3.568483250,1,0
3.568484417,0,0
3.568485375,1,0
3.568486500,0,0
3.568487500,1,0
3.568488625,0,0
3.568489583,1,0
3.568490708,0,0
3.568491708,1,0
3.568492833,0,0
3.568493833,1,0
3.568494958,0,0
3.568495917,1,0
3.568497042,0,0
3.568498042,1,0
3.568499167,0,0
3.568500167,1,0
3.568501292,0,0
3.568502250,1,0
3.568503375,0,0
3.568504375,1,0
3.568505500,0,0
3.568506500,1,0
3.568507625,0,0
3.568508583,1,0
3.568509708,0,0
3.568510708,1,0
3.568511833,0,0
3.568512792,1,0
3.568513958,0,0
3.568514917,1,0
3.568516042,0,0
3.568517042,1,0
3.568518167,0,0
3.568519125,1,0
3.568520292,0,0
3.568521250,1,0
3.568522375,0,0
3.568523375,1,0
3.568524500,0,0
3.568525458,1,0
3.568526625,0,0
3.568527583,1,0
3.568528708,0,0
3.568529708,1,0
3.568530833,0,1
3.568531792,1,1
3.568532917,0,0
3.568533917,1,0
3.568535042,0,0
3.568536167,1,0
3.568537167,0,0
3.568537833,0,1
3.568538250,1,1
3.568539250,0,1
3.568539292,0,0
3.568540375,1,0
3.568541500,0,0
3.568542083,0,1
3.568543625,1,1
3.568544583,0,1
3.568545708,1,1
3.568546708,0,1
3.568547833,1,1
3.568548833,0,1
3.568549917,0,0
3.568550917,1,0
3.568551917,1,1
3.568647375,1,0
3.568648333,0,0
3.568649458,0,1
3.568650458,1,1
3.568651458,0,1
3.568651542,0,0
3.568652542,1,0
3.568653583,0,0
3.568654667,1,0
3.568655667,0,0
3.568656792,1,0
3.568657792,0,0
3.568658917,1,0
3.568659917,0,0
3.568661000,1,0
3.568662000,0,0
3.568663125,1,0
3.568664125,0,0
3.568665208,1,0
3.568666250,0,0
3.568666333,1,1
3.568667375,0,1
3.568668458,1,1
3.568669458,0,0
3.568670458,1,0
3.568671583,0,0
3.568671917,0,1
3.568672708,1,1
3.568673667,0,1
3.568673792,0,0
3.568674792,1,0
3.568675792,0,0
3.568676292,0,1
3.568676917,1,1
3.568677917,0,0
3.568679875,1,0
3.568681000,0,0
3.568681958,1,0
3.568683000,0,0
3.568683958,1,0
3.568685083,0,0
3.568686083,1,0
3.568687208,0,0
3.568688208,1,0
3.568689333,0,0
3.568690292,1,0
3.568691417,0,0
3.568692417,1,0
3.568693542,0,0
3.568694500,1,0
3.568695667,0,0
3.568696625,1,0
3.568697750,0,0
3.568698750,1,0
3.568699875,0,0
3.568700833,1,0
3.568702000,0,0
3.568702958,1,0
3.568704083,0,0
3.568705083,1,0
3.568706208,0,0
3.568707167,1,0
3.568708292,0,0
3.568709292,1,0
3.568710417,0,0
3.568711417,1,0
3.568712542,0,0
3.568713500,1,0
3.568714625,0,0
3.568715625,1,0
3.568716750,0,0
3.568717708,1,0
3.568718875,0,0
3.568719833,1,0
3.568720958,0,0
3.568721958,1,0
3.568723083,0,0
3.568724042,1,0
3.568725167,0,0
3.568726167,1,0
3.568727292,0,0
3.568728292,1,0
3.568729417,0,0
3.568730375,1,0
3.568731500,0,0
3.568732500,1,0
3.568733625,0,0
3.568734625,1,0
3.568735750,0,0
3.568736708,1,0
3.568737833,0,0
3.568738833,1,0
3.568739958,0,0
3.568740917,1,0
3.568742083,0,0
3.568743042,1,0
3.568744167,0,1
3.568745167,1,1
3.568746292,0,1
3.568747375,1,1
3.568748417,0,1
3.568749500,1,1
3.568750500,0,1
3.568750542,0,0
3.568751625,1,0
3.568752750,0,0
3.568753292,0,1
3.568754833,1,1
3.568755833,0,1
3.568756958,1,1
3.568757958,0,1
3.568759083,1,1
3.568760042,0,1
3.568761167,0,0
3.568762167,1,0
3.568763167,1,1
3.568857500,1,0
3.568857958,0,0
3.568859083,1,0
3.568859583,0,0
3.568860167,1,0
3.568860708,0,0
3.568860792,0,1
3.568861292,1,1
3.568861833,0,1
3.568861917,0,0
3.568862417,1,0
3.568862958,0,0
3.568863542,1,0
3.568864042,0,0
3.568864667,1,0
3.568865208,0,0
3.568865750,1,0
3.568866292,0,0
3.568866375,0,1
3.568866917,1,1
3.568867417,0,1
3.568867458,0,0
3.568868042,1,0
3.568868500,0,0
3.568869083,0,1
3.568869125,1,1
3.568869667,0,0
3.568870250,1,0
3.568870917,0,0
3.568871500,1,1
3.568872000,0,1
3.568872125,0,0
3.568872625,1,0
3.568873125,0,0
3.568873708,1,1
3.568874250,0,1
3.568874333,0,0
3.568875458,1,0
3.568875958,0,0
3.568876042,0,1
3.568876583,1,1
3.568877083,0,1
3.568877167,0,0
3.568877667,1,0
3.568878208,0,0
3.568878833,1,0
3.568879333,0,0
3.568879917,1,0
3.568880417,0,0
3.568881042,1,0
3.568881583,0,0
3.568882167,1,0
3.568882667,0,0
3.568883292,1,0
3.568883792,0,0
3.568884417,1,0
3.568884917,0,0
3.568885500,1,0
3.568886042,0,0
3.568886625,1,0
3.568887167,0,0
3.568887750,1,0
3.568888250,0,0
3.568888875,1,0
3.568889375,0,0
3.568889958,1,0
3.568890500,0,0
3.568891083,1,0
3.568891625,0,0
3.568892208,1,0
3.568892708,0,0
3.568893333,1,0
3.568893833,0,0
3.568894458,1,0
3.568894958,0,0
3.568895542,1,0
3.568896083,0,0
3.568896708,1,0
3.568897167,0,0
3.568897792,1,0
3.568898292,0,0
3.568898917,1,0
3.568899417,0,0
3.568900000,1,0
3.568900542,0,0
3.568901167,1,0
3.568901667,0,0
3.568902250,1,0
3.568902750,0,0
3.568903375,1,0
3.568903917,0,0
3.568904500,1,0
3.568905000,0,0
3.568905625,1,0
3.568906125,0,0
3.568906750,1,0
3.568907250,0,0
3.568907833,1,0
3.568908375,0,0
3.568908958,1,0
3.568909500,0,0
3.568909583,0,1
3.568910083,1,1
3.568910583,0,1
3.568910667,0,0
3.568911208,1,0
3.568911708,0,0
3.568912292,0,1
3.568912333,1,1
3.568912833,0,0
3.568913333,1,0
3.568913958,0,0
3.568914542,1,1
3.568915083,0,1
3.568915667,1,1
3.568916208,0,1
3.568916792,1,1
3.568917292,0,1
3.568917917,0,0
3.568918417,1,0
3.568918917,1,1
3.568924208,1,0
3.568925250,0,0
3.568927333,1,0
3.568928333,0,0
3.568929458,1,0
3.568930458,0,0
3.568930542,0,1
3.568931542,1,1
3.568932583,0,1
3.568932667,0,0
3.568933625,1,0
3.568934667,0,0
3.568935750,1,0
3.568936792,0,0
3.568937875,1,0
3.568938875,0,0
3.568938958,0,1
3.568939958,1,1
3.568941000,0,1
3.568941083,0,0
3.568942083,1,0
3.568943125,0,0
3.568943250,1,0
3.568944250,0,0
3.568944875,0,1
3.568945333,1,1
3.568946333,0,0
3.568947333,1,0
3.568948458,0,0
3.568948958,0,1
3.568949542,1,1
3.568950542,0,1
3.568950667,0,0
3.568951667,1,0
3.568952667,0,0
3.568953167,0,1
3.568953792,1,1
3.568954750,0,1
3.568954792,0,0
3.568956750,1,0
3.568957875,0,0
3.568958833,1,0
3.568959958,0,0
3.568960958,1,0
3.568962083,0,0
3.568963042,1,0
3.568964208,0,0
3.568965167,1,0
3.568966292,0,0
3.568967292,1,0
3.568968417,0,0
3.568969375,1,0
3.568970542,0,0
3.568971500,1,0
3.568972625,0,0
3.568973625,1,0
3.568974750,0,0
3.568975708,1,0
3.568976875,0,0
3.568977833,1,0
3.568978958,0,0
3.568979958,1,0
3.568981083,0,0
3.568982042,1,0
3.568983167,0,0
3.568984167,1,0
3.568985292,0,1
3.568986250,1,1
3.568987417,0,1
3.568988375,1,1
3.568989500,0,0
3.568990500,1,0
3.568991625,0,0
3.568992583,1,0
3.568993750,0,0
3.568994708,1,0
3.568995833,0,0
3.568996833,1,0
3.568997958,0,1
3.568998917,1,1
3.569000042,0,1
3.569001042,1,1
3.569002167,0,0
3.569003167,1,0
3.569004292,0,0
3.569005250,1,0
3.569006375,0,0
3.569006417,0,1
3.569007375,1,1
3.569008500,0,0
3.569009458,1,0
3.569010500,0,0
3.569011458,1,0
3.569012625,0,0
3.569013583,1,0
3.569014708,0,0
3.569015708,1,0
3.569016833,0,0
3.569017792,1,0
3.569018917,0,0
3.569018958,0,1
3.569019917,1,1
3.569021042,0,0
3.569022000,1,0
3.569023125,0,0
3.569024250,1,0
3.569025292,0,0
3.569025958,0,1
3.569026375,1,1
3.569027375,0,0
3.569028500,1,0
3.569029625,0,0
3.569030208,0,1
3.569031708,1,1
3.569032708,0,1
3.569033833,1,1
3.569034833,0,1
3.569035917,1,1
3.569036917,0,1
3.569038042,0,0
3.569039042,1,0
3.569040042,1,1
3.569048083,1,0
3.569048583,0,0
3.569049708,1,0
3.569050208,0,0
3.569050792,1,0
3.569051333,0,0
3.569051417,0,1
3.569051917,1,1
3.569052458,0,1
3.569052500,0,0
3.569053042,1,0
3.569053583,0,0
3.569054167,1,0
3.569054667,0,0
3.569055292,1,0
3.569055792,0,0
3.569056375,1,0
3.569056917,0,0
3.569057000,0,1
3.569057542,1,1
3.569058042,0,1
3.569058083,0,0
3.569058667,1,0
3.569059125,0,0
3.569059750,1,1
3.569060292,0,0
3.569060875,1,0
3.569061500,0,0
3.569062125,1,1
3.569062625,0,1
3.569062750,0,0
3.569063250,1,0
3.569063708,0,0
3.569064375,1,1
3.569064833,0,1
3.569064958,0,0
3.569066083,1,0
3.569066583,0,0
3.569066667,0,1
3.569067208,1,1
3.569067708,0,1
3.569067750,0,0
3.569068333,1,0
3.569068833,0,0
3.569069417,1,0
3.569069958,0,0
3.569070542,1,0
3.569071042,0,0
3.569071667,1,0
3.569072167,0,0
3.569072792,1,0
3.569073292,0,0
3.569073875,1,0
3.569074417,0,0
3.569075042,1,0
3.569075542,0,0
3.569076125,1,0
3.569076625,0,0
3.569077250,1,0
3.569077792,0,0
3.569078375,1,0
3.569078875,0,0
3.569079500,1,0
3.569080000,0,0
3.569080625,1,0
3.569081125,0,0
3.569081708,1,0
3.569082250,0,0
3.569082833,1,0
3.569083375,0,0
3.569083958,1,0
3.569084458,0,0
3.569085083,1,0
3.569085583,0,0
3.569086208,1,0
3.569086708,0,0
3.569087292,1,0
3.569087833,0,0
3.569088417,1,0
3.569088917,0,0
3.569089542,1,0
3.569090042,0,0
3.569090667,1,0
3.569091167,0,0
3.569091750,1,0
3.569092292,0,0
3.569092917,1,0
3.569093417,0,0
3.569094000,1,0
3.569094500,0,0
3.569095125,1,0
3.569095667,0,0
3.569096250,1,0
3.569096750,0,0
3.569097375,1,0
3.569097875,0,0
3.569098500,1,0
3.569099000,0,0
3.569099583,1,0
3.569100125,0,0
3.569100708,1,0
3.569101250,0,0
3.569101333,0,1
3.569101833,1,1
3.569102375,0,1
3.569102958,1,1
3.569103458,0,0
3.569104083,1,0
3.569104708,0,0
3.569105292,1,0
3.569105333,1,1
3.569105833,0,1
3.569106417,1,1
3.569106958,0,1
3.569107542,1,1
3.569108042,0,1
3.569108667,0,0
3.569109167,1,0
3.569109625,1,1
6.250666667,1,1
